Cannot load Zend OPcache - it was already loaded
Cannot load Zend OPcache - it was already loaded
Cannot load Zend OPcache - it was already loaded
Cannot load Zend OPcache - it was already loaded
  2023-12-21 15:04:00 App\Events\ObjectUpdated ....................... RUNNING
  2023-12-21 15:04:00 App\Events\ObjectUpdated ....................... RUNNING
  2023-12-21 15:04:00 App\Events\ObjectUpdated .................. 87.90ms DONE
  2023-12-21 15:04:00 App\Events\ObjectUpdated .................. 65.79ms DONE
  2023-12-21 15:09:21 App\Events\FieldUpdated ........................ RUNNING
  2023-12-21 15:09:21 App\Events\FieldUpdated ................... 85.08ms DONE
  2023-12-21 15:10:52 App\Events\ObjectUpdated ....................... RUNNING
  2023-12-21 15:10:52 App\Events\ObjectUpdated ....................... RUNNING
  2023-12-21 15:10:52 App\Events\ObjectUpdated .................. 70.80ms DONE
  2023-12-21 15:10:52 App\Events\ObjectUpdated .................. 55.93ms DONE
  2023-12-21 15:11:01 App\Events\ObjectUpdated ....................... RUNNING
  2023-12-21 15:11:01 App\Events\ObjectUpdated .................. 13.33ms DONE
  2023-12-21 15:11:02 App\Events\ObjectUpdated ....................... RUNNING
  2023-12-21 15:11:02 App\Events\ObjectUpdated .................. 17.50ms DONE
  2023-12-21 15:11:20 App\Events\ObjectUpdated ....................... RUNNING
  2023-12-21 15:11:20 App\Events\ObjectUpdated .................. 15.06ms DONE
  2023-12-21 15:11:20 App\Events\ObjectUpdated ....................... RUNNING
  2023-12-21 15:11:21 App\Events\ObjectUpdated .................. 48.72ms DONE
  2023-12-21 15:15:29 App\Events\ObjectUpdated ....................... RUNNING
  2023-12-21 15:15:29 App\Events\ObjectUpdated ....................... RUNNING
  2023-12-21 15:15:29 App\Events\ObjectUpdated .................. 32.73ms DONE
  2023-12-21 15:15:29 App\Events\ObjectUpdated .................. 26.14ms DONE
  2023-12-21 15:31:17 App\Events\ObjectUpdated ....................... RUNNING
  2023-12-21 15:31:17 App\Events\ObjectUpdated ................. 195.54ms DONE
  2023-12-21 15:31:17 App\Events\ObjectUpdated ....................... RUNNING
  2023-12-21 15:31:17 App\Events\ObjectUpdated .................. 16.69ms DONE
  2023-12-21 15:32:09 App\Events\ObjectUpdated ....................... RUNNING
  2023-12-21 15:32:09 App\Events\ObjectUpdated .................. 34.79ms DONE
  2023-12-21 15:32:09 App\Events\ObjectUpdated ....................... RUNNING
  2023-12-21 15:32:09 App\Events\ObjectUpdated .................. 23.48ms DONE
  2023-12-21 16:35:57 App\Events\ObjectUpdated ....................... RUNNING
  2023-12-21 16:35:57 App\Events\ObjectUpdated .................. 86.38ms DONE
  2023-12-21 16:35:57 App\Events\ObjectUpdated ....................... RUNNING
  2023-12-21 16:35:57 App\Events\ObjectUpdated .................. 15.51ms DONE
  2023-12-21 19:57:20 App\Events\ObjectUpdated ....................... RUNNING
  2023-12-21 19:57:20 App\Events\ObjectUpdated .................. 81.48ms DONE
  2023-12-21 19:57:20 App\Events\ObjectUpdated ....................... RUNNING
  2023-12-21 19:57:20 App\Events\ObjectUpdated .................. 31.58ms DONE
  2023-12-21 20:07:30 App\Events\ObjectUpdated ....................... RUNNING
  2023-12-21 20:07:31 App\Events\ObjectUpdated ................. 416.01ms DONE
  2023-12-21 20:11:22 App\Events\ObjectUpdated ....................... RUNNING
  2023-12-21 20:11:22 App\Events\ObjectUpdated ................. 173.40ms DONE
  2023-12-22 00:18:48 App\Events\FieldUpdated ........................ RUNNING
  2023-12-22 00:18:48 App\Events\FieldUpdated ................... 29.90ms DONE
  2023-12-22 00:18:54 App\Events\ObjectUpdated ....................... RUNNING
  2023-12-22 00:18:54 App\Events\ObjectUpdated .................. 16.46ms DONE
  2023-12-22 00:19:28 App\Events\ObjectUpdated ....................... RUNNING
  2023-12-22 00:19:28 App\Events\ObjectUpdated .................. 16.44ms DONE
  2023-12-22 00:19:28 App\Events\ObjectUpdated ....................... RUNNING
  2023-12-22 00:19:28 App\Events\ObjectUpdated .................. 18.33ms DONE
  2023-12-22 00:19:36 App\Events\FieldUpdated ........................ RUNNING
  2023-12-22 00:19:36 App\Events\FieldUpdated ................... 82.45ms DONE
  2023-12-22 00:19:42 App\Events\ObjectUpdated ....................... RUNNING
  2023-12-22 00:19:42 App\Events\ObjectUpdated .................. 14.94ms DONE
  2023-12-22 00:19:49 App\Events\ObjectUpdated ....................... RUNNING
  2023-12-22 00:19:49 App\Events\ObjectUpdated .................. 12.09ms DONE
  2023-12-22 00:21:59 App\Events\ObjectUpdated ....................... RUNNING
  2023-12-22 00:21:59 App\Events\ObjectUpdated .................. 36.75ms DONE
  2023-12-22 00:21:59 App\Events\ObjectUpdated ....................... RUNNING
  2023-12-22 00:21:59 App\Events\ObjectUpdated .................. 12.57ms DONE
  2023-12-22 00:22:18 App\Events\ObjectUpdated ....................... RUNNING
  2023-12-22 00:22:18 App\Events\ObjectUpdated .................. 14.93ms DONE
  2023-12-22 00:22:18 App\Events\ObjectUpdated ....................... RUNNING
  2023-12-22 00:22:18 App\Events\ObjectUpdated .................. 31.54ms DONE
  2023-12-22 00:22:24 App\Events\ObjectUpdated ....................... RUNNING
  2023-12-22 00:22:24 App\Events\ObjectUpdated .................. 13.31ms DONE
  2023-12-22 00:22:24 App\Events\ObjectUpdated ....................... RUNNING
  2023-12-22 00:22:24 App\Events\ObjectUpdated .................. 17.10ms DONE
  2023-12-22 08:51:20 App\Events\ObjectUpdated ....................... RUNNING
  2023-12-22 08:51:20 App\Events\ObjectUpdated .................. 79.24ms DONE
  2023-12-22 08:51:20 App\Events\ObjectUpdated ....................... RUNNING
  2023-12-22 08:51:20 App\Events\ObjectUpdated .................. 25.28ms DONE
  2023-12-22 09:02:06 App\Events\FieldUpdated ........................ RUNNING
  2023-12-22 09:02:06 App\Events\FieldUpdated ................... 32.34ms DONE
  2023-12-22 09:02:19 App\Events\FieldUpdated ........................ RUNNING
  2023-12-22 09:02:19 App\Events\FieldUpdated ................... 74.91ms DONE
  2023-12-22 09:02:25 App\Events\FieldUpdated ........................ RUNNING
  2023-12-22 09:02:25 App\Events\FieldUpdated ................... 13.31ms DONE
  2023-12-22 09:05:45 App\Events\FieldUpdated ........................ RUNNING
  2023-12-22 09:05:45 App\Events\FieldUpdated ................... 35.23ms DONE
  2023-12-22 09:07:45 App\Events\FieldUpdated ........................ RUNNING
  2023-12-22 09:07:45 App\Events\FieldUpdated ................... 89.89ms DONE
  2023-12-22 09:10:27 App\Events\FieldUpdated ........................ RUNNING
  2023-12-22 09:10:27 App\Events\FieldUpdated ................... 68.95ms DONE
  2023-12-22 09:18:44 App\Events\FieldUpdated ........................ RUNNING
  2023-12-22 09:18:44 App\Events\FieldUpdated ................... 71.81ms DONE
  2023-12-22 09:20:36 App\Events\FieldUpdated ........................ RUNNING
  2023-12-22 09:20:36 App\Events\FieldUpdated ................... 31.65ms DONE
  2023-12-22 09:21:54 App\Events\FieldUpdated ........................ RUNNING
  2023-12-22 09:21:54 App\Events\FieldUpdated ................... 70.08ms DONE
  2023-12-22 09:33:34 App\Events\FieldUpdated ........................ RUNNING
  2023-12-22 09:33:34 App\Events\FieldUpdated ................... 67.33ms DONE
  2023-12-22 09:58:25 App\Events\FieldUpdated ........................ RUNNING
  2023-12-22 09:58:26 App\Events\FieldUpdated ................... 77.30ms DONE
  2023-12-22 09:58:33 App\Events\ObjectUpdated ....................... RUNNING
  2023-12-22 09:58:33 App\Events\ObjectUpdated .................. 33.32ms DONE
  2023-12-22 09:58:33 App\Events\ObjectUpdated ....................... RUNNING
  2023-12-22 09:58:33 App\Events\ObjectUpdated .................. 17.97ms DONE
  2023-12-22 10:00:26 App\Events\FieldUpdated ........................ RUNNING
  2023-12-22 10:00:26 App\Events\FieldUpdated ................... 13.62ms DONE
  2023-12-22 10:03:18 App\Events\FieldUpdated ........................ RUNNING
  2023-12-22 10:03:18 App\Events\FieldUpdated ................... 72.15ms DONE
  2023-12-22 11:39:57 App\Events\ObjectUpdated ....................... RUNNING
  2023-12-22 11:39:57 App\Events\ObjectUpdated .................. 33.33ms DONE
  2023-12-22 13:56:04 App\Events\ObjectUpdated ....................... RUNNING
  2023-12-22 13:56:04 App\Events\ObjectUpdated .................. 34.81ms DONE
  2023-12-22 13:56:04 App\Events\ObjectUpdated ....................... RUNNING
  2023-12-22 13:56:04 App\Events\ObjectUpdated .................. 18.56ms DONE
  2023-12-22 14:16:11 App\Events\ObjectUpdated ....................... RUNNING
  2023-12-22 14:16:11 App\Events\ObjectUpdated .................. 67.04ms DONE
  2023-12-22 14:16:11 App\Events\ObjectUpdated ....................... RUNNING
  2023-12-22 14:16:11 App\Events\ObjectUpdated .................. 14.35ms DONE
  2023-12-22 14:49:30 Spatie\MediaLibrary\Conversions\Jobs\PerformConversionsJob  RUNNING
  2023-12-22 14:49:30 Spatie\MediaLibrary\Conversions\Jobs\PerformConversionsJob  73.14ms DONE
  2023-12-22 14:49:36 App\Events\FieldUpdated ........................ RUNNING
  2023-12-22 14:49:36 App\Events\FieldUpdated ................... 95.13ms DONE
  2023-12-22 14:50:20 Spatie\MediaLibrary\Conversions\Jobs\PerformConversionsJob  RUNNING
  2023-12-22 14:50:20 Spatie\MediaLibrary\Conversions\Jobs\PerformConversionsJob  77.23ms DONE
  2023-12-22 14:50:25 App\Events\FieldUpdated ........................ RUNNING
  2023-12-22 14:50:25 App\Events\FieldUpdated ................... 13.69ms DONE
  2023-12-22 14:53:29 App\Events\ObjectUpdated ....................... RUNNING
  2023-12-22 14:53:29 App\Events\ObjectUpdated .................. 31.67ms DONE
  2023-12-22 14:53:52 App\Events\ObjectUpdated ....................... RUNNING
  2023-12-22 14:53:52 App\Events\ObjectUpdated .................. 34.09ms DONE
  2023-12-22 14:57:20 App\Events\ObjectUpdated ....................... RUNNING
  2023-12-22 14:57:20 App\Events\ObjectUpdated .................. 69.56ms DONE
  2023-12-22 14:57:20 App\Events\ObjectUpdated ....................... RUNNING
  2023-12-22 14:57:20 App\Events\ObjectUpdated .................. 14.90ms DONE
  2023-12-22 15:04:56 App\Events\FieldUpdated ........................ RUNNING
  2023-12-22 15:04:56 App\Events\FieldUpdated ................... 32.12ms DONE
  2023-12-22 15:06:03 App\Events\ObjectUpdated ....................... RUNNING
  2023-12-22 15:06:03 App\Events\ObjectUpdated .................. 15.80ms DONE
  2023-12-22 15:06:03 App\Events\ObjectUpdated ....................... RUNNING
  2023-12-22 15:06:03 App\Events\ObjectUpdated .................. 15.15ms DONE
  2023-12-22 15:06:03 App\Events\ObjectUpdated ....................... RUNNING
  2023-12-22 15:06:03 App\Events\ObjectUpdated .................. 18.57ms DONE
  2023-12-22 15:06:03 App\Events\ObjectUpdated ....................... RUNNING
  2023-12-22 15:06:03 App\Events\ObjectUpdated .................. 15.41ms DONE
  2023-12-22 15:09:00 App\Events\FieldUpdated ........................ RUNNING
  2023-12-22 15:09:00 App\Events\FieldUpdated ................... 75.07ms DONE
  2023-12-22 15:09:04 App\Events\FieldUpdated ........................ RUNNING
  2023-12-22 15:09:04 App\Events\FieldUpdated ................... 33.92ms DONE
  2023-12-22 15:09:37 App\Events\FieldUpdated ........................ RUNNING
  2023-12-22 15:09:37 App\Events\FieldUpdated ................... 13.58ms DONE
  2023-12-22 15:10:44 App\Events\ObjectUpdated ....................... RUNNING
  2023-12-22 15:10:44 App\Events\ObjectUpdated .................. 15.64ms DONE
  2023-12-22 15:10:44 App\Events\ObjectUpdated ....................... RUNNING
  2023-12-22 15:10:44 App\Events\ObjectUpdated .................. 26.55ms DONE
  2023-12-22 15:13:51 App\Events\ObjectUpdated ....................... RUNNING
  2023-12-22 15:13:51 App\Events\ObjectUpdated .................. 34.49ms DONE
  2023-12-22 15:13:54 App\Events\ObjectUpdated ....................... RUNNING
  2023-12-22 15:13:54 App\Events\ObjectUpdated .................. 48.23ms DONE
  2023-12-22 15:15:20 App\Events\ObjectUpdated ....................... RUNNING
  2023-12-22 15:15:20 App\Events\ObjectUpdated .................. 14.83ms DONE
  2023-12-22 15:15:22 App\Events\ObjectUpdated ....................... RUNNING
  2023-12-22 15:15:22 App\Events\ObjectUpdated .................. 66.19ms DONE
  2023-12-22 15:18:02 App\Events\ObjectUpdated ....................... RUNNING
  2023-12-22 15:18:02 App\Events\ObjectUpdated .................. 67.29ms DONE
  2023-12-22 15:18:02 App\Events\ObjectUpdated ....................... RUNNING
  2023-12-22 15:18:02 App\Events\ObjectUpdated .................. 13.73ms DONE
  2023-12-22 15:22:04 App\Events\FieldUpdated ........................ RUNNING
  2023-12-22 15:22:04 App\Events\FieldUpdated ................... 32.47ms DONE
  2023-12-22 15:22:13 App\Events\FieldUpdated ........................ RUNNING
  2023-12-22 15:22:13 App\Events\FieldUpdated ................... 34.80ms DONE
  2023-12-22 15:22:23 App\Events\FieldUpdated ........................ RUNNING
  2023-12-22 15:22:23 App\Events\FieldUpdated ................... 35.20ms DONE
  2023-12-22 15:24:40 App\Events\ObjectUpdated ....................... RUNNING
  2023-12-22 15:24:40 App\Events\ObjectUpdated .................. 37.78ms DONE
  2023-12-22 15:24:40 App\Events\ObjectUpdated ....................... RUNNING
  2023-12-22 15:24:40 App\Events\ObjectUpdated .................. 16.72ms DONE
  2023-12-22 15:24:40 App\Events\ObjectUpdated ....................... RUNNING
  2023-12-22 15:24:40 App\Events\ObjectUpdated .................. 16.84ms DONE
  2023-12-22 15:27:03 App\Events\ObjectUpdated ....................... RUNNING
  2023-12-22 15:27:03 App\Events\ObjectUpdated .................. 33.64ms DONE
  2023-12-22 15:27:03 App\Events\ObjectUpdated ....................... RUNNING
  2023-12-22 15:27:03 App\Events\ObjectUpdated .................. 19.62ms DONE
  2023-12-22 15:27:03 App\Events\ObjectUpdated ....................... RUNNING
  2023-12-22 15:27:03 App\Events\ObjectUpdated .................. 18.94ms DONE
  2023-12-22 15:27:03 App\Events\ObjectUpdated ....................... RUNNING
  2023-12-22 15:27:03 App\Events\ObjectUpdated ....................... RUNNING
  2023-12-22 15:27:03 App\Events\ObjectUpdated .................. 18.34ms DONE
  2023-12-22 15:27:03 App\Events\ObjectUpdated .................. 36.61ms DONE
  2023-12-22 15:27:03 App\Events\ObjectUpdated ....................... RUNNING
  2023-12-22 15:27:03 App\Events\ObjectUpdated .................. 18.02ms DONE
  2023-12-22 15:27:03 App\Events\ObjectUpdated ....................... RUNNING
  2023-12-22 15:27:03 App\Events\ObjectUpdated .................. 19.51ms DONE
  2023-12-22 15:27:03 App\Events\ObjectUpdated ....................... RUNNING
  2023-12-22 15:27:03 App\Events\ObjectUpdated .................. 19.31ms DONE
  2023-12-22 15:27:03 App\Events\ObjectUpdated ....................... RUNNING
  2023-12-22 15:27:03 App\Events\ObjectUpdated .................. 19.58ms DONE
  2023-12-22 15:32:30 App\Events\ObjectUpdated ....................... RUNNING
  2023-12-22 15:32:30 App\Events\ObjectUpdated .................. 35.68ms DONE
  2023-12-22 15:32:30 App\Events\ObjectUpdated ....................... RUNNING
  2023-12-22 15:32:30 App\Events\ObjectUpdated .................. 31.27ms DONE
  2023-12-22 15:32:54 App\Events\ObjectUpdated ....................... RUNNING
  2023-12-22 15:32:54 App\Events\ObjectUpdated .................. 15.80ms DONE
  2023-12-22 15:32:54 App\Events\ObjectUpdated ....................... RUNNING
  2023-12-22 15:32:54 App\Events\ObjectUpdated .................. 14.62ms DONE
  2023-12-22 15:34:01 App\Events\ObjectUpdated ....................... RUNNING
  2023-12-22 15:34:01 App\Events\ObjectUpdated .................. 14.77ms DONE
  2023-12-22 15:34:01 App\Events\ObjectUpdated ....................... RUNNING
  2023-12-22 15:34:01 App\Events\ObjectUpdated .................. 18.46ms DONE
  2023-12-22 15:35:11 App\Events\ObjectUpdated ....................... RUNNING
  2023-12-22 15:35:11 App\Events\ObjectUpdated ....................... RUNNING
  2023-12-22 15:35:11 App\Events\ObjectUpdated .................. 71.93ms DONE
  2023-12-22 15:35:11 App\Events\ObjectUpdated .................. 75.14ms DONE
  2023-12-22 15:43:05 App\Events\ObjectUpdated ....................... RUNNING
  2023-12-22 15:43:05 App\Events\ObjectUpdated ................. 186.07ms DONE
  2023-12-22 15:43:05 App\Events\ObjectUpdated ....................... RUNNING
  2023-12-22 15:43:05 App\Events\ObjectUpdated .................. 30.95ms DONE
  2023-12-22 15:43:06 App\Events\ObjectUpdated ....................... RUNNING
  2023-12-22 15:43:06 App\Events\ObjectUpdated ................. 119.60ms DONE
  2023-12-22 15:44:55 App\Events\ObjectUpdated ....................... RUNNING
  2023-12-22 15:44:55 App\Events\ObjectUpdated .................. 13.57ms DONE
  2023-12-22 15:44:55 App\Events\ObjectUpdated ....................... RUNNING
  2023-12-22 15:44:55 App\Events\ObjectUpdated .................. 13.76ms DONE
  2023-12-22 16:25:26 App\Events\ObjectUpdated ....................... RUNNING
  2023-12-22 16:25:26 App\Events\ObjectUpdated .................. 31.69ms DONE
  2023-12-22 16:25:26 App\Events\ObjectUpdated ....................... RUNNING
  2023-12-22 16:25:26 App\Events\ObjectUpdated .................. 14.14ms DONE
  2023-12-22 16:25:33 App\Events\ObjectUpdated ....................... RUNNING
  2023-12-22 16:25:33 App\Events\ObjectUpdated .................. 70.69ms DONE
  2023-12-22 16:25:33 App\Events\ObjectUpdated ....................... RUNNING
  2023-12-22 16:25:33 App\Events\ObjectUpdated .................. 14.25ms DONE
  2023-12-22 16:25:46 App\Events\ObjectUpdated ....................... RUNNING
  2023-12-22 16:25:46 App\Events\ObjectUpdated .................. 93.41ms DONE
  2023-12-23 02:46:46 Spatie\MediaLibrary\Conversions\Jobs\PerformConversionsJob  RUNNING
  2023-12-23 02:46:46 Spatie\MediaLibrary\Conversions\Jobs\PerformConversionsJob  RUNNING
  2023-12-23 02:46:47 Spatie\MediaLibrary\Conversions\Jobs\PerformConversionsJob  RUNNING
  2023-12-23 02:46:47 Spatie\MediaLibrary\Conversions\Jobs\PerformConversionsJob  114.25ms DONE
  2023-12-23 02:46:47 Spatie\MediaLibrary\Conversions\Jobs\PerformConversionsJob  RUNNING
  2023-12-23 02:46:47 Spatie\MediaLibrary\Conversions\Jobs\PerformConversionsJob  82.37ms DONE
  2023-12-23 02:46:56 Spatie\MediaLibrary\Conversions\Jobs\PerformConversionsJob  10,366.49ms FAIL
  2023-12-23 02:46:56 Spatie\MediaLibrary\Conversions\Jobs\PerformConversionsJob  RUNNING
  2023-12-23 02:46:57 Spatie\MediaLibrary\Conversions\Jobs\PerformConversionsJob  10,690.77ms FAIL
  2023-12-23 02:46:57 Spatie\MediaLibrary\Conversions\Jobs\PerformConversionsJob  RUNNING
  2023-12-23 02:47:06 Spatie\MediaLibrary\Conversions\Jobs\PerformConversionsJob  10,447.36ms FAIL
  2023-12-23 02:47:06 Spatie\MediaLibrary\Conversions\Jobs\PerformConversionsJob  RUNNING
  2023-12-23 02:47:08 Spatie\MediaLibrary\Conversions\Jobs\PerformConversionsJob  10,892.01ms FAIL
  2023-12-23 02:47:08 Spatie\MediaLibrary\Conversions\Jobs\PerformConversionsJob  RUNNING
  2023-12-23 02:47:17 Spatie\MediaLibrary\Conversions\Jobs\PerformConversionsJob  10,534.08ms FAIL
  2023-12-23 02:47:18 Spatie\MediaLibrary\Conversions\Jobs\PerformConversionsJob  10,559.87ms FAIL
  2023-12-23 02:47:38 Spatie\MediaLibrary\Conversions\Jobs\PerformConversionsJob  RUNNING
  2023-12-23 02:47:39 Spatie\MediaLibrary\Conversions\Jobs\PerformConversionsJob  RUNNING
  2023-12-23 02:47:39 Spatie\MediaLibrary\Conversions\Jobs\PerformConversionsJob  78.37ms DONE
  2023-12-23 02:47:39 Spatie\MediaLibrary\Conversions\Jobs\PerformConversionsJob  RUNNING
  2023-12-23 02:47:39 Spatie\MediaLibrary\Conversions\Jobs\PerformConversionsJob  RUNNING
  2023-12-23 02:47:39 Spatie\MediaLibrary\Conversions\Jobs\PerformConversionsJob  87.66ms DONE
  2023-12-23 02:47:46 App\Events\ObjectUpdated ....................... RUNNING
  2023-12-23 02:47:46 App\Events\ObjectUpdated .................. 34.60ms DONE
  2023-12-23 02:47:46 App\Events\ObjectUpdated ....................... RUNNING
  2023-12-23 02:47:46 App\Events\ObjectUpdated ................. 112.19ms DONE
  2023-12-23 02:47:48 Spatie\MediaLibrary\Conversions\Jobs\PerformConversionsJob  9,793.65ms FAIL
  2023-12-23 02:47:48 Spatie\MediaLibrary\Conversions\Jobs\PerformConversionsJob  RUNNING
  2023-12-23 02:47:50 Spatie\MediaLibrary\Conversions\Jobs\PerformConversionsJob  10,656.51ms FAIL
  2023-12-23 02:47:50 Spatie\MediaLibrary\Conversions\Jobs\PerformConversionsJob  RUNNING
  2023-12-23 02:47:58 Spatie\MediaLibrary\Conversions\Jobs\PerformConversionsJob  10,147.66ms FAIL
  2023-12-23 02:47:58 Spatie\MediaLibrary\Conversions\Jobs\PerformConversionsJob  RUNNING
  2023-12-23 02:48:00 Spatie\MediaLibrary\Conversions\Jobs\PerformConversionsJob  10,395.10ms FAIL
  2023-12-23 02:48:00 Spatie\MediaLibrary\Conversions\Jobs\PerformConversionsJob  RUNNING
  2023-12-23 02:48:09 Spatie\MediaLibrary\Conversions\Jobs\PerformConversionsJob  10,266.00ms FAIL
  2023-12-23 02:48:10 App\Events\FieldUpdated ........................ RUNNING
  2023-12-23 02:48:10 App\Events\FieldUpdated ................... 16.36ms DONE
  2023-12-23 02:48:10 Spatie\MediaLibrary\Conversions\Jobs\PerformConversionsJob  10,152.24ms FAIL
  2023-12-23 02:48:27 App\Events\ObjectUpdated ....................... RUNNING
  2023-12-23 02:48:27 App\Events\ObjectUpdated .................. 33.21ms DONE
  2023-12-23 02:48:27 App\Events\ObjectUpdated ....................... RUNNING
  2023-12-23 02:48:27 App\Events\ObjectUpdated .................. 17.96ms DONE
  2023-12-23 02:50:27 App\Events\FieldUpdated ........................ RUNNING
  2023-12-23 02:50:27 App\Events\FieldUpdated ................... 31.99ms DONE
  2023-12-23 03:02:23 App\Events\ObjectUpdated ....................... RUNNING
  2023-12-23 03:02:23 App\Events\ObjectUpdated .................. 65.28ms DONE
  2023-12-23 03:02:23 App\Events\ObjectUpdated ....................... RUNNING
  2023-12-23 03:02:23 App\Events\ObjectUpdated .................. 18.16ms DONE
  2023-12-23 03:02:30 App\Events\ObjectUpdated ....................... RUNNING
  2023-12-23 03:02:30 App\Events\ObjectUpdated .................. 13.89ms DONE
  2023-12-23 03:02:30 App\Events\ObjectUpdated ....................... RUNNING
  2023-12-23 03:02:30 App\Events\ObjectUpdated .................. 71.83ms DONE
  2023-12-24 02:23:13 App\Events\ObjectUpdated ....................... RUNNING
  2023-12-24 02:23:13 App\Events\ObjectUpdated .................. 32.76ms DONE
  2023-12-24 02:23:13 App\Events\ObjectUpdated ....................... RUNNING
  2023-12-24 02:23:13 App\Events\ObjectUpdated .................. 17.81ms DONE
  2023-12-24 02:45:03 App\Events\FieldUpdated ........................ RUNNING
  2023-12-24 02:45:03 App\Events\FieldUpdated ................... 77.41ms DONE
  2023-12-25 08:49:52 App\Events\ObjectUpdated ....................... RUNNING
  2023-12-25 08:49:52 App\Events\ObjectUpdated .................. 34.65ms DONE
  2023-12-25 08:49:52 App\Events\ObjectUpdated ....................... RUNNING
  2023-12-25 08:49:52 App\Events\ObjectUpdated .................. 17.84ms DONE
  2023-12-25 08:56:28 App\Events\ObjectUpdated ....................... RUNNING
  2023-12-25 08:56:28 App\Events\ObjectUpdated .................. 34.28ms DONE
  2023-12-25 08:56:29 App\Events\ObjectUpdated ....................... RUNNING
  2023-12-25 08:56:29 App\Events\ObjectUpdated .................. 12.65ms DONE
  2023-12-25 08:59:56 App\Events\ObjectUpdated ....................... RUNNING
  2023-12-25 08:59:56 App\Events\ObjectUpdated .................. 30.21ms DONE
  2023-12-25 08:59:56 App\Events\ObjectUpdated ....................... RUNNING
  2023-12-25 08:59:56 App\Events\ObjectUpdated .................. 12.53ms DONE
  2023-12-25 09:00:05 App\Events\FieldUpdated ........................ RUNNING
  2023-12-25 09:00:05 App\Events\FieldUpdated ................... 77.77ms DONE
  2023-12-25 09:03:06 App\Events\FieldUpdated ........................ RUNNING
  2023-12-25 09:03:06 App\Events\FieldUpdated ................... 69.92ms DONE
  2023-12-25 09:05:42 App\Events\FieldUpdated ........................ RUNNING
  2023-12-25 09:05:42 App\Events\FieldUpdated .................. 194.95ms DONE
  2023-12-25 09:08:19 App\Events\FieldUpdated ........................ RUNNING
  2023-12-25 09:08:19 App\Events\FieldUpdated ................... 32.69ms DONE
  2023-12-25 09:11:04 App\Events\FieldUpdated ........................ RUNNING
  2023-12-25 09:11:04 App\Events\FieldUpdated ................... 33.77ms DONE
  2023-12-25 09:11:16 App\Events\FieldUpdated ........................ RUNNING
  2023-12-25 09:11:16 App\Events\FieldUpdated ................... 13.82ms DONE
  2023-12-25 09:24:33 App\Events\ObjectUpdated ....................... RUNNING
  2023-12-25 09:24:33 App\Events\ObjectUpdated ................. 104.71ms DONE
  2023-12-25 09:34:28 App\Events\ObjectUpdated ....................... RUNNING
  2023-12-25 09:34:28 App\Events\ObjectUpdated .................. 89.56ms DONE
  2023-12-25 09:35:27 App\Events\ObjectUpdated ....................... RUNNING
  2023-12-25 09:35:27 App\Events\ObjectUpdated ................. 107.81ms DONE
  2023-12-25 09:36:27 App\Events\ObjectUpdated ....................... RUNNING
  2023-12-25 09:36:27 App\Events\ObjectUpdated .................. 66.92ms DONE
  2023-12-25 09:36:27 App\Events\ObjectUpdated ....................... RUNNING
  2023-12-25 09:36:27 App\Events\ObjectUpdated .................. 13.19ms DONE
  2023-12-25 09:37:15 App\Events\ObjectUpdated ....................... RUNNING
  2023-12-25 09:37:15 App\Events\ObjectUpdated ....................... RUNNING
  2023-12-25 09:37:15 App\Events\ObjectUpdated .................. 14.20ms DONE
  2023-12-25 09:37:15 App\Events\ObjectUpdated .................. 31.29ms DONE
  2023-12-25 09:37:29 App\Events\ObjectUpdated ....................... RUNNING
  2023-12-25 09:37:29 App\Events\ObjectUpdated .................. 55.36ms DONE
  2023-12-25 09:37:45 App\Events\ObjectUpdated ....................... RUNNING
  2023-12-25 09:37:46 App\Events\ObjectUpdated ................. 118.14ms DONE
  2023-12-25 09:39:42 App\Events\ObjectUpdated ....................... RUNNING
  2023-12-25 09:39:42 App\Events\ObjectUpdated .................. 13.65ms DONE
  2023-12-25 09:39:42 App\Events\ObjectUpdated ....................... RUNNING
  2023-12-25 09:39:42 App\Events\ObjectUpdated .................. 16.17ms DONE
  2023-12-25 10:21:11 App\Events\ObjectUpdated ....................... RUNNING
  2023-12-25 10:21:11 App\Events\ObjectUpdated .................. 33.56ms DONE
  2023-12-25 10:21:11 App\Events\ObjectUpdated ....................... RUNNING
  2023-12-25 10:21:11 App\Events\ObjectUpdated .................. 14.73ms DONE
  2023-12-25 10:37:05 App\Events\ObjectUpdated ....................... RUNNING
  2023-12-25 10:37:05 App\Events\ObjectUpdated .................. 72.66ms DONE
  2023-12-25 10:37:08 App\Events\ObjectUpdated ....................... RUNNING
  2023-12-25 10:37:08 App\Events\ObjectUpdated .................. 11.74ms DONE
  2023-12-25 10:37:08 App\Events\ObjectUpdated ....................... RUNNING
  2023-12-25 10:37:08 App\Events\ObjectUpdated .................. 12.46ms DONE
  2023-12-25 10:37:08 App\Events\ObjectUpdated ....................... RUNNING
  2023-12-25 10:37:08 App\Events\ObjectUpdated .................. 12.00ms DONE
  2023-12-25 12:35:35 App\Events\ObjectUpdated ....................... RUNNING
  2023-12-25 12:35:35 App\Events\ObjectUpdated .................. 31.37ms DONE
  2023-12-25 12:35:37 App\Events\ObjectUpdated ....................... RUNNING
  2023-12-25 12:35:37 App\Events\ObjectUpdated .................. 36.10ms DONE
  2023-12-25 12:35:37 App\Events\ObjectUpdated ....................... RUNNING
  2023-12-25 12:35:37 App\Events\ObjectUpdated .................. 12.89ms DONE
  2023-12-25 12:35:37 App\Events\ObjectUpdated ....................... RUNNING
  2023-12-25 12:35:37 App\Events\ObjectUpdated .................. 20.98ms DONE
  2023-12-25 12:36:05 App\Events\FieldUpdated ........................ RUNNING
  2023-12-25 12:36:05 App\Events\FieldUpdated ................... 12.99ms DONE
  2023-12-25 12:36:20 App\Events\FieldUpdated ........................ RUNNING
  2023-12-25 12:36:20 App\Events\FieldUpdated ................... 13.78ms DONE
  2023-12-25 12:41:59 App\Events\FieldUpdated ........................ RUNNING
  2023-12-25 12:41:59 App\Events\FieldUpdated ................... 32.02ms DONE
  2023-12-25 12:42:02 App\Events\ObjectUpdated ....................... RUNNING
  2023-12-25 12:42:02 App\Events\ObjectUpdated .................. 33.96ms DONE
  2023-12-25 12:42:02 App\Events\ObjectUpdated ....................... RUNNING
  2023-12-25 12:42:02 App\Events\ObjectUpdated .................. 14.09ms DONE
  2023-12-25 12:48:57 App\Events\FieldUpdated ........................ RUNNING
  2023-12-25 12:48:57 App\Events\FieldUpdated ................... 31.66ms DONE
  2023-12-25 12:49:15 App\Events\FieldUpdated ........................ RUNNING
  2023-12-25 12:49:16 App\Events\FieldUpdated ................... 70.54ms DONE
  2023-12-25 12:49:31 App\Events\FieldUpdated ........................ RUNNING
  2023-12-25 12:49:31 App\Events\FieldUpdated ................... 71.72ms DONE
  2023-12-25 12:49:40 App\Events\FieldUpdated ........................ RUNNING
  2023-12-25 12:49:40 App\Events\FieldUpdated ................... 14.04ms DONE
  2023-12-25 12:49:46 App\Events\FieldUpdated ........................ RUNNING
  2023-12-25 12:49:46 App\Events\FieldUpdated ................... 16.70ms DONE
  2023-12-25 12:50:23 App\Events\FieldUpdated ........................ RUNNING
  2023-12-25 12:50:23 App\Events\FieldUpdated ................... 16.07ms DONE
  2023-12-25 12:50:32 App\Events\FieldUpdated ........................ RUNNING
  2023-12-25 12:50:32 App\Events\FieldUpdated ................... 13.59ms DONE
  2023-12-25 12:50:41 App\Events\FieldUpdated ........................ RUNNING
  2023-12-25 12:50:41 App\Events\FieldUpdated ................... 14.73ms DONE
  2023-12-25 12:51:05 App\Events\FieldUpdated ........................ RUNNING
  2023-12-25 12:51:05 App\Events\FieldUpdated ................... 12.96ms DONE
  2023-12-25 12:51:18 App\Events\FieldUpdated ........................ RUNNING
  2023-12-25 12:51:18 App\Events\FieldUpdated ................... 72.47ms DONE
  2023-12-25 12:52:13 App\Events\FieldUpdated ........................ RUNNING
  2023-12-25 12:52:13 App\Events\FieldUpdated ................... 35.16ms DONE
  2023-12-25 13:10:58 App\Events\FieldUpdated ........................ RUNNING
  2023-12-25 13:10:58 App\Events\FieldUpdated ................... 39.52ms DONE
  2023-12-25 13:11:07 App\Events\FieldUpdated ........................ RUNNING
  2023-12-25 13:11:07 App\Events\FieldUpdated ................... 35.80ms DONE
  2023-12-25 13:12:09 App\Events\FieldUpdated ........................ RUNNING
  2023-12-25 13:12:09 App\Events\FieldUpdated ................... 89.68ms DONE
  2023-12-25 13:13:20 App\Events\FieldUpdated ........................ RUNNING
  2023-12-25 13:13:20 App\Events\FieldUpdated ................... 14.55ms DONE
  2023-12-25 13:13:23 App\Events\ObjectUpdated ....................... RUNNING
  2023-12-25 13:13:23 App\Events\ObjectUpdated .................. 14.66ms DONE
  2023-12-25 13:13:26 App\Events\ObjectUpdated ....................... RUNNING
  2023-12-25 13:13:26 App\Events\ObjectUpdated .................. 12.75ms DONE
  2023-12-25 13:13:29 App\Events\ObjectUpdated ....................... RUNNING
  2023-12-25 13:13:29 App\Events\ObjectUpdated .................. 13.50ms DONE
  2023-12-25 13:13:31 App\Events\ObjectUpdated ....................... RUNNING
  2023-12-25 13:13:31 App\Events\ObjectUpdated .................. 64.76ms DONE
  2023-12-25 13:16:00 App\Events\ObjectUpdated ....................... RUNNING
  2023-12-25 13:16:00 App\Events\ObjectUpdated .................. 34.64ms DONE
  2023-12-25 13:16:02 App\Events\ObjectUpdated ....................... RUNNING
  2023-12-25 13:16:02 App\Events\ObjectUpdated .................. 31.27ms DONE
  2023-12-25 13:16:14 App\Events\FieldUpdated ........................ RUNNING
  2023-12-25 13:16:14 App\Events\FieldUpdated ................... 13.07ms DONE
  2023-12-25 13:21:07 App\Events\FieldUpdated ........................ RUNNING
  2023-12-25 13:21:07 App\Events\FieldUpdated ................... 34.51ms DONE
  2023-12-25 13:21:20 App\Events\FieldUpdated ........................ RUNNING
  2023-12-25 13:21:20 App\Events\FieldUpdated ................... 33.80ms DONE
  2023-12-25 13:21:45 App\Events\FieldUpdated ........................ RUNNING
  2023-12-25 13:21:45 App\Events\FieldUpdated ................... 32.10ms DONE
  2023-12-25 13:23:07 App\Events\ObjectUpdated ....................... RUNNING
  2023-12-25 13:23:07 App\Events\ObjectUpdated .................. 37.47ms DONE
  2023-12-25 13:23:08 App\Events\ObjectUpdated ....................... RUNNING
  2023-12-25 13:23:08 App\Events\ObjectUpdated ................. 148.03ms DONE
  2023-12-25 13:23:14 App\Events\ObjectUpdated ....................... RUNNING
  2023-12-25 13:23:14 App\Events\ObjectUpdated ................. 190.46ms DONE
  2023-12-25 13:24:00 App\Events\FieldUpdated ........................ RUNNING
  2023-12-25 13:24:00 App\Events\FieldUpdated ................... 14.65ms DONE
  2023-12-25 13:24:18 App\Events\FieldUpdated ........................ RUNNING
  2023-12-25 13:24:18 App\Events\FieldUpdated ................... 13.85ms DONE
  2023-12-25 13:25:06 App\Events\FieldUpdated ........................ RUNNING
  2023-12-25 13:25:06 App\Events\FieldUpdated ................... 41.31ms DONE
  2023-12-25 13:25:19 App\Events\FieldUpdated ........................ RUNNING
  2023-12-25 13:25:19 App\Events\FieldUpdated ................... 39.83ms DONE
  2023-12-25 13:41:49 App\Events\ObjectUpdated ....................... RUNNING
  2023-12-25 13:41:49 App\Events\ObjectUpdated .................. 33.62ms DONE
  2023-12-25 13:41:50 App\Events\ObjectUpdated ....................... RUNNING
  2023-12-25 13:41:50 App\Events\ObjectUpdated ................. 145.11ms DONE
  2023-12-25 13:42:12 App\Events\ObjectUpdated ....................... RUNNING
  2023-12-25 13:42:12 App\Events\ObjectUpdated ................. 113.00ms DONE
  2023-12-25 13:42:12 App\Events\ObjectUpdated ....................... RUNNING
  2023-12-25 13:42:13 App\Events\ObjectUpdated ................. 127.33ms DONE
  2023-12-25 14:04:10 App\Events\FieldUpdated ........................ RUNNING
  2023-12-25 14:04:10 App\Events\FieldUpdated ................... 32.16ms DONE
  2023-12-25 14:11:15 App\Events\FieldUpdated ........................ RUNNING
  2023-12-25 14:11:15 App\Events\FieldUpdated ................... 71.92ms DONE
  2023-12-25 14:14:14 App\Events\FieldUpdated ........................ RUNNING
  2023-12-25 14:14:14 App\Events\FieldUpdated ................... 35.84ms DONE
  2023-12-25 14:19:03 App\Events\ObjectUpdated ....................... RUNNING
  2023-12-25 14:19:03 App\Events\ObjectUpdated .................. 33.42ms DONE
  2023-12-25 14:19:03 App\Events\ObjectUpdated ....................... RUNNING
  2023-12-25 14:19:03 App\Events\ObjectUpdated ................. 177.84ms DONE
  2023-12-25 14:20:11 App\Events\ObjectUpdated ....................... RUNNING
  2023-12-25 14:20:11 App\Events\ObjectUpdated ................. 157.49ms DONE
  2023-12-25 14:20:11 App\Events\ObjectUpdated ....................... RUNNING
  2023-12-25 14:20:11 App\Events\ObjectUpdated ................. 140.29ms DONE
  2023-12-25 14:20:11 App\Events\ObjectUpdated ....................... RUNNING
  2023-12-25 14:20:11 App\Events\ObjectUpdated .................. 14.11ms DONE
  2023-12-25 14:20:11 App\Events\ObjectUpdated ....................... RUNNING
  2023-12-25 14:20:11 App\Events\ObjectUpdated ................. 138.80ms DONE
  2023-12-25 14:20:20 App\Events\ObjectUpdated ....................... RUNNING
  2023-12-25 14:20:20 App\Events\ObjectUpdated ................. 125.76ms DONE
  2023-12-25 14:20:21 App\Events\ObjectUpdated ....................... RUNNING
  2023-12-25 14:20:21 App\Events\ObjectUpdated ................. 137.16ms DONE
  2023-12-25 14:22:28 App\Events\FieldUpdated ........................ RUNNING
  2023-12-25 14:22:28 App\Events\FieldUpdated ................... 34.50ms DONE
  2023-12-25 14:22:32 App\Events\FieldUpdated ........................ RUNNING
  2023-12-25 14:22:32 App\Events\FieldUpdated ................... 14.24ms DONE
  2023-12-25 14:44:07 App\Events\ObjectUpdated ....................... RUNNING
  2023-12-25 14:44:07 App\Events\ObjectUpdated .................. 31.32ms DONE
  2023-12-25 14:44:23 App\Events\ObjectUpdated ....................... RUNNING
  2023-12-25 14:44:23 App\Events\ObjectUpdated .................. 13.61ms DONE
  2023-12-25 14:44:35 App\Events\ObjectUpdated ....................... RUNNING
  2023-12-25 14:44:35 App\Events\ObjectUpdated .................. 15.00ms DONE
  2023-12-25 14:55:46 App\Events\FieldUpdated ........................ RUNNING
  2023-12-25 14:55:46 App\Events\FieldUpdated ................... 91.82ms DONE
  2023-12-25 14:58:59 App\Events\FieldUpdated ........................ RUNNING
  2023-12-25 14:58:59 App\Events\FieldUpdated ................... 34.49ms DONE
  2023-12-25 15:01:38 App\Events\FieldUpdated ........................ RUNNING
  2023-12-25 15:01:38 App\Events\FieldUpdated ................... 35.73ms DONE
  2023-12-25 15:03:14 App\Events\FieldUpdated ........................ RUNNING
  2023-12-25 15:03:14 App\Events\FieldUpdated ................... 31.12ms DONE
  2023-12-25 15:06:40 App\Events\FieldUpdated ........................ RUNNING
  2023-12-25 15:06:40 App\Events\FieldUpdated ................... 32.81ms DONE
  2023-12-25 15:06:52 App\Events\FieldUpdated ........................ RUNNING
  2023-12-25 15:06:52 App\Events\FieldUpdated ................... 15.40ms DONE
  2023-12-25 15:08:58 App\Events\FieldUpdated ........................ RUNNING
  2023-12-25 15:08:58 App\Events\FieldUpdated ................... 24.36ms DONE
  2023-12-25 15:09:07 App\Events\FieldUpdated ........................ RUNNING
  2023-12-25 15:09:07 App\Events\FieldUpdated ................... 35.97ms DONE
  2023-12-25 15:09:10 App\Events\FieldUpdated ........................ RUNNING
  2023-12-25 15:09:10 App\Events\FieldUpdated ................... 13.70ms DONE
  2023-12-25 15:09:13 App\Events\FieldUpdated ........................ RUNNING
  2023-12-25 15:09:13 App\Events\FieldUpdated ................... 13.74ms DONE
  2023-12-25 15:09:23 App\Events\FieldUpdated ........................ RUNNING
  2023-12-25 15:09:23 App\Events\FieldUpdated ................... 34.56ms DONE
  2023-12-25 15:09:25 App\Events\FieldUpdated ........................ RUNNING
  2023-12-25 15:09:25 App\Events\FieldUpdated ................... 16.79ms DONE
  2023-12-25 15:09:34 App\Events\FieldUpdated ........................ RUNNING
  2023-12-25 15:09:34 App\Events\FieldUpdated ................... 12.78ms DONE
  2023-12-25 15:11:10 App\Events\FieldUpdated ........................ RUNNING
  2023-12-25 15:11:10 App\Events\FieldUpdated ................... 36.25ms DONE
  2023-12-25 15:11:16 App\Events\ObjectUpdated ....................... RUNNING
  2023-12-25 15:11:16 App\Events\ObjectUpdated .................. 37.03ms DONE
  2023-12-25 15:11:24 App\Events\FieldUpdated ........................ RUNNING
  2023-12-25 15:11:24 App\Events\FieldUpdated ................... 35.05ms DONE
  2023-12-25 15:11:30 App\Events\FieldUpdated ........................ RUNNING
  2023-12-25 15:11:30 App\Events\FieldUpdated ................... 16.36ms DONE
  2023-12-25 15:11:33 App\Events\FieldUpdated ........................ RUNNING
  2023-12-25 15:11:34 App\Events\FieldUpdated ................... 18.91ms DONE
  2023-12-25 15:11:49 App\Events\FieldUpdated ........................ RUNNING
  2023-12-25 15:11:49 App\Events\FieldUpdated ................... 14.35ms DONE
  2023-12-25 15:11:58 App\Events\FieldUpdated ........................ RUNNING
  2023-12-25 15:11:58 App\Events\FieldUpdated ................... 13.20ms DONE
  2023-12-25 15:11:58 App\Events\FieldUpdated ........................ RUNNING
  2023-12-25 15:11:58 App\Events\FieldUpdated ................... 39.35ms DONE
  2023-12-25 15:12:26 App\Events\FieldUpdated ........................ RUNNING
  2023-12-25 15:12:26 App\Events\FieldUpdated ................... 17.56ms DONE
  2023-12-25 15:12:32 App\Events\FieldUpdated ........................ RUNNING
  2023-12-25 15:12:32 App\Events\FieldUpdated ................... 16.12ms DONE
  2023-12-25 15:12:38 App\Events\FieldUpdated ........................ RUNNING
  2023-12-25 15:12:38 App\Events\FieldUpdated ................... 13.86ms DONE
  2023-12-25 15:12:59 App\Events\FieldUpdated ........................ RUNNING
  2023-12-25 15:12:59 App\Events\FieldUpdated ................... 14.21ms DONE
  2023-12-25 15:12:59 App\Events\FieldUpdated ........................ RUNNING
  2023-12-25 15:12:59 App\Events\FieldUpdated ................... 12.84ms DONE
  2023-12-25 15:13:02 App\Events\FieldUpdated ........................ RUNNING
  2023-12-25 15:13:02 App\Events\FieldUpdated ................... 13.02ms DONE
  2023-12-25 15:19:02 App\Events\FieldUpdated ........................ RUNNING
  2023-12-25 15:19:02 App\Events\FieldUpdated ................... 66.94ms DONE
  2023-12-25 15:19:39 App\Events\ObjectUpdated ....................... RUNNING
  2023-12-25 15:19:39 App\Events\ObjectUpdated .................. 73.53ms DONE
  2023-12-25 15:19:42 App\Events\ObjectUpdated ....................... RUNNING
  2023-12-25 15:19:42 App\Events\ObjectUpdated .................. 72.13ms DONE
  2023-12-25 15:20:09 App\Events\FieldUpdated ........................ RUNNING
  2023-12-25 15:20:09 App\Events\FieldUpdated ................... 14.21ms DONE
  2023-12-25 15:52:23 App\Events\FieldUpdated ........................ RUNNING
  2023-12-25 15:52:23 App\Events\FieldUpdated ................... 32.67ms DONE
  2023-12-25 15:53:51 App\Events\FieldUpdated ........................ RUNNING
  2023-12-25 15:53:51 App\Events\FieldUpdated ................... 12.41ms DONE
  2023-12-25 15:53:55 App\Events\FieldUpdated ........................ RUNNING
  2023-12-25 15:53:55 App\Events\FieldUpdated ................... 31.91ms DONE
  2023-12-25 15:53:57 App\Events\FieldUpdated ........................ RUNNING
  2023-12-25 15:53:57 App\Events\FieldUpdated ................... 13.59ms DONE
  2023-12-26 00:54:35 Spatie\MediaLibrary\Conversions\Jobs\PerformConversionsJob  RUNNING
  2023-12-26 00:54:36 Spatie\MediaLibrary\Conversions\Jobs\PerformConversionsJob  822.62ms DONE
  2023-12-26 00:54:41 App\Events\ObjectUpdated ....................... RUNNING
  2023-12-26 00:54:41 App\Events\ObjectUpdated .................. 77.40ms DONE
  2023-12-26 00:54:46 App\Events\ObjectUpdated ....................... RUNNING
  2023-12-26 00:54:46 App\Events\ObjectUpdated .................. 38.76ms DONE
  2023-12-26 00:54:46 App\Events\ObjectUpdated ....................... RUNNING
  2023-12-26 00:54:46 App\Events\ObjectUpdated .................. 58.06ms DONE
  2023-12-26 00:54:47 App\Events\ObjectUpdated ....................... RUNNING
  2023-12-26 00:54:47 App\Events\ObjectUpdated .................. 37.54ms DONE
  2023-12-26 00:54:50 App\Events\ObjectUpdated ....................... RUNNING
  2023-12-26 00:54:50 App\Events\ObjectUpdated .................. 55.81ms DONE
  2023-12-26 00:54:50 App\Events\ObjectUpdated ....................... RUNNING
  2023-12-26 00:54:50 App\Events\ObjectUpdated .................. 38.48ms DONE
  2023-12-26 00:54:51 App\Events\ObjectUpdated ....................... RUNNING
  2023-12-26 00:54:51 App\Events\ObjectUpdated .................. 36.71ms DONE
  2023-12-26 00:54:53 App\Events\ObjectUpdated ....................... RUNNING
  2023-12-26 00:54:53 App\Events\ObjectUpdated .................. 37.33ms DONE
  2023-12-26 00:54:55 App\Events\ObjectUpdated ....................... RUNNING
  2023-12-26 00:54:55 App\Events\ObjectUpdated .................. 42.60ms DONE
  2023-12-26 00:54:57 App\Events\ObjectUpdated ....................... RUNNING
  2023-12-26 00:54:57 App\Events\ObjectUpdated ................. 107.96ms DONE
  2023-12-26 00:54:57 App\Events\ObjectUpdated ....................... RUNNING
  2023-12-26 00:54:57 App\Events\ObjectUpdated .................. 35.66ms DONE
  2023-12-26 00:54:58 App\Events\ObjectUpdated ....................... RUNNING
  2023-12-26 00:54:58 App\Events\ObjectUpdated .................. 44.72ms DONE
  2023-12-26 00:55:01 App\Events\ObjectUpdated ....................... RUNNING
  2023-12-26 00:55:01 App\Events\ObjectUpdated .................. 36.20ms DONE
  2023-12-26 00:55:01 App\Events\ObjectUpdated ....................... RUNNING
  2023-12-26 00:55:01 App\Events\ObjectUpdated .................. 41.30ms DONE
  2023-12-26 00:55:03 App\Events\ObjectUpdated ....................... RUNNING
  2023-12-26 00:55:03 App\Events\ObjectUpdated .................. 41.61ms DONE
  2023-12-26 00:55:05 App\Events\ObjectUpdated ....................... RUNNING
  2023-12-26 00:55:05 App\Events\ObjectUpdated .................. 46.93ms DONE
  2023-12-26 01:00:48 App\Events\FieldUpdated ........................ RUNNING
  2023-12-26 01:00:48 App\Events\FieldUpdated ................... 74.28ms DONE
  2023-12-26 01:00:49 App\Events\ObjectUpdated ....................... RUNNING
  2023-12-26 01:00:49 App\Events\ObjectUpdated .................. 31.74ms DONE
  2023-12-26 01:00:52 App\Events\ObjectUpdated ....................... RUNNING
  2023-12-26 01:00:52 App\Events\ObjectUpdated .................. 72.30ms DONE
  2023-12-26 01:02:33 App\Events\FieldUpdated ........................ RUNNING
  2023-12-26 01:02:33 App\Events\FieldUpdated ................... 12.95ms DONE
  2023-12-26 01:02:36 App\Events\ObjectUpdated ....................... RUNNING
  2023-12-26 01:02:36 App\Events\ObjectUpdated .................. 12.35ms DONE
  2023-12-26 01:02:40 App\Events\ObjectUpdated ....................... RUNNING
  2023-12-26 01:02:40 App\Events\ObjectUpdated .................. 32.61ms DONE
  2023-12-26 01:02:46 App\Events\FieldUpdated ........................ RUNNING
  2023-12-26 01:02:46 App\Events\FieldUpdated ................... 14.63ms DONE
  2023-12-26 01:03:13 App\Events\FieldUpdated ........................ RUNNING
  2023-12-26 01:03:14 App\Events\FieldUpdated ................... 70.14ms DONE
  2023-12-26 01:04:08 App\Events\FieldUpdated ........................ RUNNING
  2023-12-26 01:04:08 App\Events\FieldUpdated ................... 70.33ms DONE
  2023-12-26 01:04:14 App\Events\FieldUpdated ........................ RUNNING
  2023-12-26 01:04:14 App\Events\FieldUpdated ................... 13.41ms DONE
  2023-12-26 01:07:42 App\Events\ObjectUpdated ....................... RUNNING
  2023-12-26 01:07:42 App\Events\ObjectUpdated .................. 78.61ms DONE
  2023-12-26 01:07:44 App\Events\ObjectUpdated ....................... RUNNING
  2023-12-26 01:07:44 App\Events\ObjectUpdated .................. 72.85ms DONE
  2023-12-26 01:07:49 App\Events\FieldUpdated ........................ RUNNING
  2023-12-26 01:07:49 App\Events\FieldUpdated ................... 14.29ms DONE
  2023-12-26 01:08:09 App\Events\ObjectUpdated ....................... RUNNING
  2023-12-26 01:08:09 App\Events\ObjectUpdated .................. 12.20ms DONE
  2023-12-26 01:08:10 App\Events\ObjectUpdated ....................... RUNNING
  2023-12-26 01:08:10 App\Events\ObjectUpdated .................. 17.10ms DONE
  2023-12-26 01:08:46 App\Events\ObjectUpdated ....................... RUNNING
  2023-12-26 01:08:46 App\Events\ObjectUpdated .................. 13.89ms DONE
  2023-12-26 01:08:46 App\Events\ObjectUpdated ....................... RUNNING
  2023-12-26 01:08:46 App\Events\ObjectUpdated .................. 13.69ms DONE
  2023-12-26 01:08:55 App\Events\ObjectUpdated ....................... RUNNING
  2023-12-26 01:08:55 App\Events\ObjectUpdated .................. 13.32ms DONE
  2023-12-26 01:08:55 App\Events\ObjectUpdated ....................... RUNNING
  2023-12-26 01:08:55 App\Events\ObjectUpdated .................. 13.04ms DONE
  2023-12-26 01:13:54 App\Events\ObjectUpdated ....................... RUNNING
  2023-12-26 01:13:54 App\Events\ObjectUpdated .................. 58.56ms DONE
  2023-12-26 01:14:37 App\Events\ObjectUpdated ....................... RUNNING
  2023-12-26 01:14:37 App\Events\ObjectUpdated .................. 33.21ms DONE
  2023-12-26 01:14:40 App\Events\ObjectUpdated ....................... RUNNING
  2023-12-26 01:14:40 App\Events\ObjectUpdated .................. 16.75ms DONE
  2023-12-26 07:54:11 App\Events\FieldUpdated ........................ RUNNING
  2023-12-26 07:54:11 App\Events\FieldUpdated ................... 68.99ms DONE
  2023-12-26 07:55:27 App\Events\FieldUpdated ........................ RUNNING
  2023-12-26 07:55:27 App\Events\FieldUpdated ................... 66.27ms DONE
  2023-12-26 07:55:33 App\Events\FieldUpdated ........................ RUNNING
  2023-12-26 07:55:33 App\Events\FieldUpdated ................... 14.65ms DONE
  2023-12-26 08:44:57 App\Events\ObjectUpdated ....................... RUNNING
  2023-12-26 08:44:57 App\Events\ObjectUpdated .................. 32.50ms DONE
  2023-12-26 08:44:57 App\Events\ObjectUpdated ....................... RUNNING
  2023-12-26 08:44:57 App\Events\ObjectUpdated ................. 264.94ms DONE
  2023-12-26 08:45:50 App\Events\ObjectUpdated ....................... RUNNING
  2023-12-26 08:45:51 App\Events\ObjectUpdated ................. 204.40ms DONE
  2023-12-26 09:03:38 App\Events\ObjectUpdated ....................... RUNNING
  2023-12-26 09:03:38 App\Events\ObjectUpdated ................. 206.64ms DONE
  2023-12-26 09:04:18 App\Events\ObjectUpdated ....................... RUNNING
  2023-12-26 09:04:18 App\Events\ObjectUpdated ................. 205.48ms DONE
  2023-12-26 09:04:19 App\Events\ObjectUpdated ....................... RUNNING
  2023-12-26 09:04:19 App\Events\ObjectUpdated ................. 194.90ms DONE
  2023-12-26 09:09:50 App\Events\ObjectUpdated ....................... RUNNING
  2023-12-26 09:09:50 App\Events\ObjectUpdated ................. 199.04ms DONE
  2023-12-26 09:19:33 App\Events\ObjectUpdated ....................... RUNNING
  2023-12-26 09:19:33 App\Events\ObjectUpdated .................. 71.82ms DONE
  2023-12-26 09:19:36 App\Events\ObjectUpdated ....................... RUNNING
  2023-12-26 09:19:36 App\Events\ObjectUpdated .................. 75.03ms DONE
  2023-12-26 09:25:54 App\Events\ObjectUpdated ....................... RUNNING
  2023-12-26 09:25:54 App\Events\ObjectUpdated .................. 34.98ms DONE
  2023-12-26 09:25:57 App\Events\ObjectUpdated ....................... RUNNING
  2023-12-26 09:25:57 App\Events\ObjectUpdated .................. 15.31ms DONE
  2023-12-26 09:33:47 Spatie\MediaLibrary\Conversions\Jobs\PerformConversionsJob  RUNNING
  2023-12-26 09:33:47 Spatie\MediaLibrary\Conversions\Jobs\PerformConversionsJob  29.59ms DONE
  2023-12-26 09:33:56 App\Events\ObjectUpdated ....................... RUNNING
  2023-12-26 09:33:56 App\Events\ObjectUpdated .................. 37.63ms DONE
  2023-12-26 09:33:56 App\Events\ObjectUpdated ....................... RUNNING
  2023-12-26 09:33:56 App\Events\ObjectUpdated .................. 17.46ms DONE
  2023-12-26 09:33:56 App\Events\ObjectUpdated ....................... RUNNING
  2023-12-26 09:33:56 App\Events\ObjectUpdated .................. 17.83ms DONE
  2023-12-26 09:33:56 App\Events\ObjectUpdated ....................... RUNNING
  2023-12-26 09:33:56 App\Events\ObjectUpdated .................. 21.68ms DONE
  2023-12-26 09:33:56 App\Events\ObjectUpdated ....................... RUNNING
  2023-12-26 09:33:56 App\Events\ObjectUpdated .................. 22.18ms DONE
  2023-12-26 09:33:56 App\Events\ObjectUpdated ....................... RUNNING
  2023-12-26 09:33:56 App\Events\ObjectUpdated .................. 22.25ms DONE
  2023-12-26 09:33:56 App\Events\ObjectUpdated ....................... RUNNING
  2023-12-26 09:33:56 App\Events\ObjectUpdated ....................... RUNNING
  2023-12-26 09:33:56 App\Events\ObjectUpdated .................. 17.56ms DONE
  2023-12-26 09:33:56 App\Events\ObjectUpdated .................. 77.88ms DONE
  2023-12-26 09:33:56 App\Events\ObjectUpdated ....................... RUNNING
  2023-12-26 09:33:56 App\Events\ObjectUpdated .................. 36.76ms DONE
  2023-12-26 09:34:24 App\Events\ObjectUpdated ....................... RUNNING
  2023-12-26 09:34:24 App\Events\ObjectUpdated .................. 18.87ms DONE
  2023-12-26 09:34:27 App\Events\ObjectUpdated ....................... RUNNING
  2023-12-26 09:34:27 App\Events\ObjectUpdated .................. 69.38ms DONE
  2023-12-26 09:44:24 App\Events\ObjectUpdated ....................... RUNNING
  2023-12-26 09:44:24 App\Events\ObjectUpdated ....................... RUNNING
  2023-12-26 09:44:24 App\Events\ObjectUpdated ................. 152.91ms DONE
  2023-12-26 09:44:24 App\Events\ObjectUpdated ................. 200.69ms DONE
  2023-12-26 10:05:33 App\Events\ObjectUpdated ....................... RUNNING
  2023-12-26 10:05:33 App\Events\ObjectUpdated .................. 81.56ms DONE
  2023-12-26 10:05:34 App\Events\ObjectUpdated ....................... RUNNING
  2023-12-26 10:05:34 App\Events\ObjectUpdated ................. 169.05ms DONE
  2023-12-26 10:05:38 App\Events\ObjectUpdated ....................... RUNNING
  2023-12-26 10:05:39 App\Events\ObjectUpdated ................. 132.79ms DONE
  2023-12-26 10:05:39 App\Events\ObjectUpdated ....................... RUNNING
  2023-12-26 10:05:39 App\Events\ObjectUpdated ................. 150.23ms DONE
  2023-12-26 10:35:59 App\Events\FieldUpdated ........................ RUNNING
  2023-12-26 10:35:59 App\Events\FieldUpdated ................... 86.00ms DONE
  2023-12-26 10:45:16 App\Events\FieldUpdated ........................ RUNNING
  2023-12-26 10:45:16 App\Events\FieldUpdated ................... 36.33ms DONE
  2023-12-26 11:05:27 App\Events\ObjectUpdated ....................... RUNNING
  2023-12-26 11:05:27 App\Events\ObjectUpdated .................. 34.96ms DONE
  2023-12-26 11:05:29 App\Events\ObjectUpdated ....................... RUNNING
  2023-12-26 11:05:29 App\Events\ObjectUpdated .................. 71.26ms DONE
  2023-12-26 11:24:20 App\Events\FieldUpdated ........................ RUNNING
  2023-12-26 11:24:21 App\Events\FieldUpdated ................... 70.40ms DONE
  2023-12-26 11:24:30 App\Events\FieldUpdated ........................ RUNNING
  2023-12-26 11:24:30 App\Events\FieldUpdated ................... 74.00ms DONE
  2023-12-26 11:25:29 App\Events\FieldUpdated ........................ RUNNING
  2023-12-26 11:25:29 App\Events\FieldUpdated .................. 193.04ms DONE
  2023-12-26 11:29:11 Spatie\MediaLibrary\Conversions\Jobs\PerformConversionsJob  RUNNING
  2023-12-26 11:29:11 Spatie\MediaLibrary\Conversions\Jobs\PerformConversionsJob  90.56ms DONE
  2023-12-26 11:29:50 App\Events\ObjectUpdated ....................... RUNNING
  2023-12-26 11:29:50 App\Events\ObjectUpdated .................. 76.80ms DONE
  2023-12-26 11:30:18 App\Events\FieldUpdated ........................ RUNNING
  2023-12-26 11:30:18 App\Events\FieldUpdated ................... 13.64ms DONE
  2023-12-26 11:33:21 App\Events\ObjectUpdated ....................... RUNNING
  2023-12-26 11:33:21 App\Events\ObjectUpdated .................. 75.85ms DONE
  2023-12-26 11:33:24 App\Events\ObjectUpdated ....................... RUNNING
  2023-12-26 11:33:24 App\Events\ObjectUpdated .................. 36.15ms DONE
  2023-12-26 11:33:42 App\Events\ObjectUpdated ....................... RUNNING
  2023-12-26 11:33:42 App\Events\ObjectUpdated .................. 13.66ms DONE
  2023-12-26 11:33:43 App\Events\ObjectUpdated ....................... RUNNING
  2023-12-26 11:33:43 App\Events\ObjectUpdated .................. 72.52ms DONE
  2023-12-26 11:33:54 App\Events\FieldUpdated ........................ RUNNING
  2023-12-26 11:33:55 App\Events\FieldUpdated ................... 14.63ms DONE
  2023-12-26 11:33:58 App\Events\ObjectUpdated ....................... RUNNING
  2023-12-26 11:33:58 App\Events\ObjectUpdated .................. 13.81ms DONE
  2023-12-26 11:46:03 App\Events\ObjectUpdated ....................... RUNNING
  2023-12-26 11:46:03 App\Events\ObjectUpdated .................. 69.92ms DONE
  2023-12-26 11:49:12 App\Events\ObjectUpdated ....................... RUNNING
  2023-12-26 11:49:12 App\Events\ObjectUpdated .................. 34.50ms DONE
  2023-12-26 11:51:08 App\Events\ObjectUpdated ....................... RUNNING
  2023-12-26 11:51:08 App\Events\ObjectUpdated .................. 14.32ms DONE
  2023-12-26 11:51:08 App\Events\ObjectUpdated ....................... RUNNING
  2023-12-26 11:51:08 App\Events\ObjectUpdated .................. 15.93ms DONE
  2023-12-26 11:51:17 App\Events\ObjectUpdated ....................... RUNNING
  2023-12-26 11:51:17 App\Events\ObjectUpdated .................. 35.26ms DONE
  2023-12-26 11:51:17 App\Events\ObjectUpdated ....................... RUNNING
  2023-12-26 11:51:17 App\Events\ObjectUpdated .................. 35.10ms DONE
  2023-12-26 11:52:30 Spatie\MediaLibrary\Conversions\Jobs\PerformConversionsJob  RUNNING
  2023-12-26 11:52:31 Spatie\MediaLibrary\Conversions\Jobs\PerformConversionsJob  74.14ms DONE
  2023-12-26 11:53:29 App\Events\ObjectUpdated ....................... RUNNING
  2023-12-26 11:53:29 App\Events\ObjectUpdated .................. 40.89ms DONE
  2023-12-26 11:53:33 App\Events\ObjectUpdated ....................... RUNNING
  2023-12-26 11:53:33 App\Events\ObjectUpdated ................. 215.64ms DONE
  2023-12-26 11:53:33 App\Events\ObjectUpdated ....................... RUNNING
  2023-12-26 11:53:34 App\Events\ObjectUpdated ................. 206.65ms DONE
  2023-12-26 11:53:34 App\Events\ObjectUpdated ....................... RUNNING
  2023-12-26 11:53:34 App\Events\ObjectUpdated ................. 174.53ms DONE
  2023-12-26 11:53:36 App\Events\ObjectUpdated ....................... RUNNING
  2023-12-26 11:53:37 App\Events\ObjectUpdated ................. 233.76ms DONE
  2023-12-26 11:53:37 App\Events\ObjectUpdated ....................... RUNNING
  2023-12-26 11:53:38 App\Events\ObjectUpdated ................. 202.36ms DONE
  2023-12-26 11:53:40 App\Events\ObjectUpdated ....................... RUNNING
  2023-12-26 11:53:40 App\Events\ObjectUpdated ................. 180.72ms DONE
  2023-12-26 11:53:41 App\Events\ObjectUpdated ....................... RUNNING
  2023-12-26 11:53:41 App\Events\ObjectUpdated ................. 201.10ms DONE
  2023-12-26 11:53:44 App\Events\ObjectUpdated ....................... RUNNING
  2023-12-26 11:53:44 App\Events\ObjectUpdated ....................... RUNNING
  2023-12-26 11:53:44 App\Events\ObjectUpdated ................. 244.59ms DONE
  2023-12-26 11:53:45 App\Events\ObjectUpdated ................. 240.16ms DONE
  2023-12-26 11:53:45 App\Events\ObjectUpdated ....................... RUNNING
  2023-12-26 11:53:45 App\Events\ObjectUpdated ................. 187.71ms DONE
  2023-12-26 11:53:47 App\Events\ObjectUpdated ....................... RUNNING
  2023-12-26 11:53:48 App\Events\ObjectUpdated ................. 182.57ms DONE
  2023-12-26 11:53:48 App\Events\ObjectUpdated ....................... RUNNING
  2023-12-26 11:53:49 App\Events\ObjectUpdated ................. 181.48ms DONE
  2023-12-26 11:53:51 App\Events\ObjectUpdated ....................... RUNNING
  2023-12-26 11:53:51 App\Events\ObjectUpdated ................. 213.41ms DONE
  2023-12-26 11:53:52 App\Events\ObjectUpdated ....................... RUNNING
  2023-12-26 11:53:52 App\Events\ObjectUpdated ................. 196.78ms DONE
  2023-12-26 12:25:12 App\Events\ObjectUpdated ....................... RUNNING
  2023-12-26 12:25:13 App\Events\ObjectUpdated .................. 34.52ms DONE
  2023-12-26 12:25:15 App\Events\ObjectUpdated ....................... RUNNING
  2023-12-26 12:25:15 App\Events\ObjectUpdated .................. 36.36ms DONE
  2023-12-26 12:42:02 App\Events\ObjectUpdated ....................... RUNNING
  2023-12-26 12:42:02 App\Events\ObjectUpdated .................. 37.61ms DONE
  2023-12-26 12:42:04 App\Events\ObjectUpdated ....................... RUNNING
  2023-12-26 12:42:04 App\Events\ObjectUpdated .................. 74.14ms DONE
  2023-12-26 13:18:22 App\Events\ObjectUpdated ....................... RUNNING
  2023-12-26 13:18:22 App\Events\ObjectUpdated .................. 93.07ms DONE
  2023-12-26 13:19:15 App\Events\ObjectUpdated ....................... RUNNING
  2023-12-26 13:19:15 App\Events\ObjectUpdated .................. 87.73ms DONE
  2023-12-26 13:19:21 App\Events\ObjectUpdated ....................... RUNNING
  2023-12-26 13:19:21 App\Events\ObjectUpdated ................. 184.37ms DONE
  2023-12-26 13:19:24 App\Events\ObjectUpdated ....................... RUNNING
  2023-12-26 13:19:25 App\Events\ObjectUpdated ....................... RUNNING
  2023-12-26 13:19:25 App\Events\ObjectUpdated ....................... RUNNING
  2023-12-26 13:19:25 App\Events\ObjectUpdated ................. 588.06ms DONE
  2023-12-26 13:19:26 App\Events\ObjectUpdated ............... 1,003.24ms DONE
  2023-12-26 13:19:26 App\Events\ObjectUpdated ............... 1,457.14ms DONE
  2023-12-26 13:19:27 App\Events\ObjectUpdated ....................... RUNNING
  2023-12-26 13:19:27 App\Events\ObjectUpdated ................. 165.59ms DONE
  2023-12-26 13:19:28 App\Events\ObjectUpdated ....................... RUNNING
  2023-12-26 13:19:28 App\Events\ObjectUpdated ................. 149.47ms DONE
  2023-12-26 13:19:29 App\Events\ObjectUpdated ....................... RUNNING
  2023-12-26 13:19:29 App\Events\ObjectUpdated ................. 146.75ms DONE
  2023-12-26 13:19:31 App\Events\ObjectUpdated ....................... RUNNING
  2023-12-26 13:19:31 App\Events\ObjectUpdated ................. 186.13ms DONE
  2023-12-26 13:19:32 App\Events\ObjectUpdated ....................... RUNNING
  2023-12-26 13:19:32 App\Events\ObjectUpdated ................. 234.62ms DONE
  2023-12-26 13:19:32 App\Events\ObjectUpdated ....................... RUNNING
  2023-12-26 13:19:32 App\Events\ObjectUpdated ................. 146.13ms DONE
  2023-12-26 13:19:34 App\Events\ObjectUpdated ....................... RUNNING
  2023-12-26 13:19:35 App\Events\ObjectUpdated ................. 674.23ms DONE
  2023-12-26 13:19:36 App\Events\ObjectUpdated ....................... RUNNING
  2023-12-26 13:19:36 App\Events\ObjectUpdated ................. 602.51ms DONE
  2023-12-26 13:19:37 App\Events\ObjectUpdated ....................... RUNNING
  2023-12-26 13:19:37 App\Events\ObjectUpdated ................. 623.65ms DONE
  2023-12-26 13:19:39 App\Events\ObjectUpdated ....................... RUNNING
  2023-12-26 13:19:40 App\Events\ObjectUpdated ............... 1,049.73ms DONE
  2023-12-26 13:19:46 App\Events\ObjectUpdated ....................... RUNNING
  2023-12-26 13:19:46 App\Events\ObjectUpdated .................. 15.03ms DONE
  2023-12-26 13:19:48 App\Events\ObjectUpdated ....................... RUNNING
  2023-12-26 13:19:48 App\Events\ObjectUpdated .................. 16.69ms DONE
  2023-12-26 13:20:43 Spatie\MediaLibrary\Conversions\Jobs\PerformConversionsJob  RUNNING
  2023-12-26 13:20:43 Spatie\MediaLibrary\Conversions\Jobs\PerformConversionsJob  83.89ms DONE
  2023-12-26 13:20:49 App\Events\ObjectUpdated ....................... RUNNING
  2023-12-26 13:20:49 App\Events\ObjectUpdated .................. 24.90ms DONE
  2023-12-26 13:20:50 App\Events\ObjectUpdated ....................... RUNNING
  2023-12-26 13:20:51 App\Events\ObjectUpdated .................. 14.65ms DONE
  2023-12-26 13:20:51 App\Events\ObjectUpdated ....................... RUNNING
  2023-12-26 13:20:51 App\Events\ObjectUpdated .................. 33.51ms DONE
  2023-12-26 13:20:51 App\Events\ObjectUpdated ....................... RUNNING
  2023-12-26 13:20:51 App\Events\ObjectUpdated .................. 14.29ms DONE
  2023-12-26 13:20:51 App\Events\ObjectUpdated ....................... RUNNING
  2023-12-26 13:20:51 App\Events\ObjectUpdated .................. 13.92ms DONE
  2023-12-26 13:22:33 App\Events\ObjectUpdated ....................... RUNNING
  2023-12-26 13:22:33 App\Events\ObjectUpdated .................. 68.78ms DONE
  2023-12-26 13:22:34 App\Events\ObjectUpdated ....................... RUNNING
  2023-12-26 13:22:34 App\Events\ObjectUpdated .................. 36.06ms DONE
  2023-12-26 13:28:34 App\Events\ObjectUpdated ....................... RUNNING
  2023-12-26 13:28:34 App\Events\ObjectUpdated ................. 376.43ms DONE
  2023-12-26 13:32:26 App\Events\ObjectUpdated ....................... RUNNING
  2023-12-26 13:32:26 App\Events\ObjectUpdated .................. 37.53ms DONE
  2023-12-26 13:32:26 App\Events\ObjectUpdated ....................... RUNNING
  2023-12-26 13:32:26 App\Events\ObjectUpdated .................. 38.97ms DONE
  2023-12-26 13:34:07 App\Events\ObjectUpdated ....................... RUNNING
  2023-12-26 13:34:07 App\Events\ObjectUpdated .................. 15.33ms DONE
  2023-12-26 13:34:10 App\Events\ObjectUpdated ....................... RUNNING
  2023-12-26 13:34:10 App\Events\ObjectUpdated .................. 33.71ms DONE
  2023-12-26 13:35:33 App\Events\ObjectUpdated ....................... RUNNING
  2023-12-26 13:35:33 App\Events\ObjectUpdated ................. 292.85ms DONE
  2023-12-26 13:46:11 App\Events\ObjectUpdated ....................... RUNNING
  2023-12-26 13:46:11 App\Events\ObjectUpdated ................. 284.63ms DONE
  2023-12-26 13:46:13 App\Events\ObjectUpdated ....................... RUNNING
  2023-12-26 13:46:13 App\Events\ObjectUpdated .................. 44.99ms DONE
  2023-12-26 13:46:13 App\Events\ObjectUpdated ....................... RUNNING
  2023-12-26 13:46:13 App\Events\ObjectUpdated ................. 252.65ms DONE
  2023-12-26 13:50:17 Spatie\MediaLibrary\Conversions\Jobs\PerformConversionsJob  RUNNING
  2023-12-26 13:50:18 Spatie\MediaLibrary\Conversions\Jobs\PerformConversionsJob  980.55ms DONE
  2023-12-26 14:23:33 Spatie\MediaLibrary\Conversions\Jobs\PerformConversionsJob  RUNNING
  2023-12-26 14:23:35 Spatie\MediaLibrary\Conversions\Jobs\PerformConversionsJob  2,201.22ms DONE
  2023-12-26 14:23:37 App\Events\ObjectUpdated ....................... RUNNING
  2023-12-26 14:23:37 App\Events\ObjectUpdated .................. 36.34ms DONE
  2023-12-26 14:23:39 App\Events\ObjectUpdated ....................... RUNNING
  2023-12-26 14:23:39 App\Events\ObjectUpdated .................. 75.30ms DONE
  2023-12-26 14:25:08 Spatie\MediaLibrary\Conversions\Jobs\PerformConversionsJob  RUNNING
  2023-12-26 14:25:09 Spatie\MediaLibrary\Conversions\Jobs\PerformConversionsJob  999.98ms DONE
  2023-12-26 14:25:39 Spatie\MediaLibrary\Conversions\Jobs\PerformConversionsJob  RUNNING
  2023-12-26 14:25:40 Spatie\MediaLibrary\Conversions\Jobs\PerformConversionsJob  1,037.40ms DONE
  2023-12-26 14:26:26 App\Events\ObjectUpdated ....................... RUNNING
  2023-12-26 14:26:26 App\Events\ObjectUpdated .................. 32.35ms DONE
  2023-12-26 14:26:28 App\Events\ObjectUpdated ....................... RUNNING
  2023-12-26 14:26:28 App\Events\ObjectUpdated .................. 38.15ms DONE
  2023-12-26 14:28:07 Spatie\MediaLibrary\Conversions\Jobs\PerformConversionsJob  RUNNING
  2023-12-26 14:28:15 App\Events\ObjectUpdated ....................... RUNNING
  2023-12-26 14:28:15 App\Events\ObjectUpdated .................. 15.67ms DONE
  2023-12-26 14:28:17 Spatie\MediaLibrary\Conversions\Jobs\PerformConversionsJob  10,420.09ms FAIL
  2023-12-26 14:28:17 App\Events\ObjectUpdated ....................... RUNNING
  2023-12-26 14:28:17 App\Events\ObjectUpdated .................. 17.64ms DONE
  2023-12-26 14:28:17 Spatie\MediaLibrary\Conversions\Jobs\PerformConversionsJob  RUNNING
  2023-12-26 14:28:28 Spatie\MediaLibrary\Conversions\Jobs\PerformConversionsJob  10,548.19ms FAIL
  2023-12-26 14:28:28 Spatie\MediaLibrary\Conversions\Jobs\PerformConversionsJob  RUNNING
  2023-12-26 14:28:37 Spatie\MediaLibrary\Conversions\Jobs\PerformConversionsJob  RUNNING
  2023-12-26 14:28:38 Spatie\MediaLibrary\Conversions\Jobs\PerformConversionsJob  984.40ms DONE
  2023-12-26 14:28:38 Spatie\MediaLibrary\Conversions\Jobs\PerformConversionsJob  10,422.96ms FAIL
  2023-12-26 14:28:52 App\Events\ObjectUpdated ....................... RUNNING
  2023-12-26 14:28:52 App\Events\ObjectUpdated .................. 72.70ms DONE
  2023-12-26 14:28:52 App\Events\ObjectUpdated ....................... RUNNING
  2023-12-26 14:28:52 App\Events\ObjectUpdated .................. 16.58ms DONE
  2023-12-26 14:41:05 Spatie\MediaLibrary\Conversions\Jobs\PerformConversionsJob  RUNNING
  2023-12-26 14:41:09 App\Events\ObjectUpdated ....................... RUNNING
  2023-12-26 14:41:09 App\Events\ObjectUpdated .................. 33.48ms DONE
  2023-12-26 14:41:12 App\Events\ObjectUpdated ....................... RUNNING
  2023-12-26 14:41:12 App\Events\ObjectUpdated .................. 19.31ms DONE
  2023-12-26 14:41:16 Spatie\MediaLibrary\Conversions\Jobs\PerformConversionsJob  11,004.74ms FAIL
  2023-12-26 14:41:16 Spatie\MediaLibrary\Conversions\Jobs\PerformConversionsJob  RUNNING
  2023-12-26 14:41:28 Spatie\MediaLibrary\Conversions\Jobs\PerformConversionsJob  11,618.81ms FAIL
  2023-12-26 14:41:28 Spatie\MediaLibrary\Conversions\Jobs\PerformConversionsJob  RUNNING
  2023-12-26 14:41:38 Spatie\MediaLibrary\Conversions\Jobs\PerformConversionsJob  10,401.65ms FAIL
  2023-12-26 14:42:23 Spatie\MediaLibrary\Conversions\Jobs\PerformConversionsJob  RUNNING
  2023-12-26 14:42:24 Spatie\MediaLibrary\Conversions\Jobs\PerformConversionsJob  978.78ms DONE
  2023-12-26 15:20:13 App\Events\ObjectUpdated ....................... RUNNING
  2023-12-26 15:20:13 App\Events\ObjectUpdated .................. 35.73ms DONE
  2023-12-26 15:20:17 App\Events\ObjectUpdated ....................... RUNNING
  2023-12-26 15:20:17 App\Events\ObjectUpdated .................. 16.86ms DONE
  2023-12-26 15:24:28 App\Events\FieldUpdated ........................ RUNNING
  2023-12-26 15:24:28 App\Events\FieldUpdated ................... 33.56ms DONE
  2023-12-26 15:31:43 App\Events\FieldUpdated ........................ RUNNING
  2023-12-26 15:31:43 App\Events\FieldUpdated .................. 116.34ms DONE
  2023-12-26 15:32:13 App\Events\FieldUpdated ........................ RUNNING
  2023-12-26 15:32:13 App\Events\FieldUpdated ................... 85.94ms DONE
  2023-12-26 15:32:23 App\Events\FieldUpdated ........................ RUNNING
  2023-12-26 15:32:23 App\Events\FieldUpdated ................... 33.64ms DONE
  2023-12-26 15:33:09 App\Events\FieldUpdated ........................ RUNNING
  2023-12-26 15:33:09 App\Events\FieldUpdated ................... 14.28ms DONE
  2023-12-26 15:33:16 App\Events\FieldUpdated ........................ RUNNING
  2023-12-26 15:33:16 App\Events\FieldUpdated ................... 92.29ms DONE
  2023-12-26 15:55:16 App\Events\FieldUpdated ........................ RUNNING
  2023-12-26 15:55:16 App\Events\FieldUpdated ................... 31.98ms DONE
  2023-12-26 16:01:57 App\Events\ObjectUpdated ....................... RUNNING
  2023-12-26 16:01:57 App\Events\ObjectUpdated ................. 256.97ms DONE
  2023-12-26 16:02:05 App\Events\ObjectUpdated ....................... RUNNING
  2023-12-26 16:02:05 App\Events\ObjectUpdated .................. 35.23ms DONE
  2023-12-26 16:02:07 App\Events\ObjectUpdated ....................... RUNNING
  2023-12-26 16:02:07 App\Events\ObjectUpdated .................. 39.15ms DONE
  2023-12-26 22:47:05 App\Events\ObjectUpdated ....................... RUNNING
  2023-12-26 22:47:05 App\Events\ObjectUpdated .................. 77.99ms DONE
  2023-12-26 22:47:06 App\Events\ObjectUpdated ....................... RUNNING
  2023-12-26 22:47:06 App\Events\ObjectUpdated .................. 33.13ms DONE
  2023-12-26 22:47:56 App\Events\FieldUpdated ........................ RUNNING
  2023-12-26 22:47:57 App\Events\FieldUpdated ................... 91.15ms DONE
  2023-12-26 22:48:01 App\Events\FieldUpdated ........................ RUNNING
  2023-12-26 22:48:01 App\Events\FieldUpdated ................... 12.67ms DONE
  2023-12-26 22:48:26 App\Events\FieldUpdated ........................ RUNNING
  2023-12-26 22:48:26 App\Events\FieldUpdated ................... 14.21ms DONE
  2023-12-26 22:52:05 App\Events\ObjectUpdated ....................... RUNNING
  2023-12-26 22:52:05 App\Events\ObjectUpdated .................. 37.10ms DONE
  2023-12-26 22:52:07 App\Events\ObjectUpdated ....................... RUNNING
  2023-12-26 22:52:07 App\Events\ObjectUpdated .................. 34.97ms DONE
  2023-12-26 22:53:28 App\Events\FieldUpdated ........................ RUNNING
  2023-12-26 22:53:28 App\Events\FieldUpdated ................... 16.09ms DONE
  2023-12-26 22:55:31 App\Events\ObjectUpdated ....................... RUNNING
  2023-12-26 22:55:32 App\Events\ObjectUpdated ................. 129.27ms DONE
  2023-12-26 23:01:42 App\Events\ObjectUpdated ....................... RUNNING
  2023-12-26 23:01:42 App\Events\ObjectUpdated ................. 194.95ms DONE
  2023-12-26 23:02:43 App\Events\ObjectUpdated ....................... RUNNING
  2023-12-26 23:02:43 App\Events\ObjectUpdated ................. 184.67ms DONE
  2023-12-26 23:06:41 App\Events\FieldUpdated ........................ RUNNING
  2023-12-26 23:06:41 App\Events\FieldUpdated ................... 76.81ms DONE
  2023-12-26 23:06:43 App\Events\FieldUpdated ........................ RUNNING
  2023-12-26 23:06:43 App\Events\FieldUpdated ................... 34.06ms DONE
  2023-12-27 00:53:40 App\Events\ObjectUpdated ....................... RUNNING
  2023-12-27 00:53:41 App\Events\ObjectUpdated .................. 38.27ms DONE
  2023-12-27 00:53:41 App\Events\ObjectUpdated ....................... RUNNING
  2023-12-27 00:53:41 App\Events\ObjectUpdated .................. 23.36ms DONE
  2023-12-27 08:17:39 App\Events\ObjectUpdated ....................... RUNNING
  2023-12-27 08:17:40 App\Events\ObjectUpdated ................. 111.92ms DONE
  2023-12-27 08:17:41 App\Events\ObjectUpdated ....................... RUNNING
  2023-12-27 08:17:41 App\Events\ObjectUpdated .................. 35.61ms DONE
  2023-12-27 08:20:08 App\Events\ObjectUpdated ....................... RUNNING
  2023-12-27 08:20:08 App\Events\ObjectUpdated .................. 31.26ms DONE
  2023-12-27 08:20:09 App\Events\ObjectUpdated ....................... RUNNING
  2023-12-27 08:20:09 App\Events\ObjectUpdated .................. 35.68ms DONE
  2023-12-27 08:20:43 App\Events\ObjectUpdated ....................... RUNNING
  2023-12-27 08:20:43 App\Events\ObjectUpdated .................. 77.11ms DONE
  2023-12-27 08:20:44 App\Events\ObjectUpdated ....................... RUNNING
  2023-12-27 08:20:44 App\Events\ObjectUpdated .................. 33.63ms DONE
  2023-12-27 08:21:39 App\Events\ObjectUpdated ....................... RUNNING
  2023-12-27 08:21:39 App\Events\ObjectUpdated ................. 211.35ms DONE
  2023-12-27 08:24:41 App\Events\ObjectUpdated ....................... RUNNING
  2023-12-27 08:24:42 App\Events\ObjectUpdated ................. 195.87ms DONE
  2023-12-27 08:26:32 App\Events\ObjectUpdated ....................... RUNNING
  2023-12-27 08:26:32 App\Events\ObjectUpdated ................. 153.11ms DONE
  2023-12-27 08:28:50 App\Events\ObjectUpdated ....................... RUNNING
  2023-12-27 08:28:50 App\Events\ObjectUpdated ................. 194.55ms DONE
  2023-12-27 08:35:03 App\Events\ObjectUpdated ....................... RUNNING
  2023-12-27 08:35:04 App\Events\ObjectUpdated ................. 151.92ms DONE
  2023-12-27 08:35:07 App\Events\ObjectUpdated ....................... RUNNING
  2023-12-27 08:35:07 App\Events\ObjectUpdated ................. 178.44ms DONE
  2023-12-27 08:35:07 App\Events\ObjectUpdated ....................... RUNNING
  2023-12-27 08:35:08 App\Events\ObjectUpdated ................. 148.77ms DONE
  2023-12-27 08:37:01 App\Events\ObjectUpdated ....................... RUNNING
  2023-12-27 08:37:01 App\Events\ObjectUpdated ....................... RUNNING
  2023-12-27 08:37:01 App\Events\ObjectUpdated ................. 157.89ms DONE
  2023-12-27 08:37:01 App\Events\ObjectUpdated ................. 273.49ms DONE
  2023-12-27 08:37:43 App\Events\ObjectUpdated ....................... RUNNING
  2023-12-27 08:37:43 App\Events\ObjectUpdated ................. 209.16ms DONE
  2023-12-27 08:37:56 App\Events\ObjectUpdated ....................... RUNNING
  2023-12-27 08:37:56 App\Events\ObjectUpdated ................. 198.40ms DONE
  2023-12-27 08:40:32 App\Events\ObjectUpdated ....................... RUNNING
  2023-12-27 08:40:32 App\Events\ObjectUpdated .................. 70.65ms DONE
  2023-12-27 08:42:59 App\Events\ObjectUpdated ....................... RUNNING
  2023-12-27 08:42:59 App\Events\ObjectUpdated .................. 61.65ms DONE
  2023-12-27 08:44:17 App\Events\ObjectUpdated ....................... RUNNING
  2023-12-27 08:44:18 App\Events\ObjectUpdated ................. 104.55ms DONE
  2023-12-27 08:45:08 App\Events\ObjectUpdated ....................... RUNNING
  2023-12-27 08:45:08 App\Events\ObjectUpdated .................. 61.51ms DONE
  2023-12-27 08:46:51 App\Events\ObjectUpdated ....................... RUNNING
  2023-12-27 08:46:51 App\Events\ObjectUpdated ................. 159.94ms DONE
  2023-12-27 08:47:13 App\Events\ObjectUpdated ....................... RUNNING
  2023-12-27 08:47:13 App\Events\ObjectUpdated ................. 132.59ms DONE
  2023-12-27 08:50:48 App\Events\ObjectUpdated ....................... RUNNING
  2023-12-27 08:50:48 App\Events\ObjectUpdated ................. 141.12ms DONE
  2023-12-27 08:54:57 App\Events\ObjectUpdated ....................... RUNNING
  2023-12-27 08:54:57 App\Events\ObjectUpdated ................. 137.55ms DONE
  2023-12-27 08:59:10 App\Events\ObjectUpdated ....................... RUNNING
  2023-12-27 08:59:10 App\Events\ObjectUpdated ................. 212.58ms DONE
  2023-12-27 09:01:38 App\Events\ObjectUpdated ....................... RUNNING
  2023-12-27 09:01:38 App\Events\ObjectUpdated ................. 239.66ms DONE
  2023-12-27 09:02:23 App\Events\ObjectUpdated ....................... RUNNING
  2023-12-27 09:02:23 App\Events\ObjectUpdated ................. 124.75ms DONE
  2023-12-27 09:03:47 App\Events\ObjectUpdated ....................... RUNNING
  2023-12-27 09:03:47 App\Events\ObjectUpdated ................. 143.06ms DONE
  2023-12-27 09:04:23 App\Events\ObjectUpdated ....................... RUNNING
  2023-12-27 09:04:24 App\Events\ObjectUpdated ................. 304.17ms DONE
  2023-12-27 09:05:03 App\Events\ObjectUpdated ....................... RUNNING
  2023-12-27 09:05:03 App\Events\ObjectUpdated ................. 210.44ms DONE
  2023-12-27 09:06:31 Spatie\MediaLibrary\Conversions\Jobs\PerformConversionsJob  RUNNING
  2023-12-27 09:06:32 Spatie\MediaLibrary\Conversions\Jobs\PerformConversionsJob  959.46ms DONE
  2023-12-27 09:07:57 App\Events\ObjectUpdated ....................... RUNNING
  2023-12-27 09:07:57 App\Events\ObjectUpdated .................. 72.26ms DONE
  2023-12-27 09:08:34 Spatie\MediaLibrary\Conversions\Jobs\PerformConversionsJob  RUNNING
  2023-12-27 09:08:35 Spatie\MediaLibrary\Conversions\Jobs\PerformConversionsJob  1,005.32ms DONE
  2023-12-27 09:08:47 Spatie\MediaLibrary\Conversions\Jobs\PerformConversionsJob  RUNNING
  2023-12-27 09:08:57 Spatie\MediaLibrary\Conversions\Jobs\PerformConversionsJob  9,943.50ms FAIL
  2023-12-27 09:08:57 Spatie\MediaLibrary\Conversions\Jobs\PerformConversionsJob  RUNNING
  2023-12-27 09:09:08 Spatie\MediaLibrary\Conversions\Jobs\PerformConversionsJob  10,557.22ms FAIL
  2023-12-27 09:09:08 Spatie\MediaLibrary\Conversions\Jobs\PerformConversionsJob  RUNNING
  2023-12-27 09:09:18 Spatie\MediaLibrary\Conversions\Jobs\PerformConversionsJob  10,384.44ms FAIL
  2023-12-27 09:11:43 Spatie\MediaLibrary\Conversions\Jobs\PerformConversionsJob  RUNNING
  2023-12-27 09:11:44 Spatie\MediaLibrary\Conversions\Jobs\PerformConversionsJob  969.18ms DONE
  2023-12-27 09:13:12 Spatie\MediaLibrary\Conversions\Jobs\PerformConversionsJob  RUNNING
  2023-12-27 09:13:13 Spatie\MediaLibrary\Conversions\Jobs\PerformConversionsJob  988.66ms DONE
  2023-12-27 09:14:10 App\Events\ObjectUpdated ....................... RUNNING
  2023-12-27 09:14:11 App\Events\ObjectUpdated .................. 68.45ms DONE
  2023-12-27 09:14:14 App\Events\ObjectUpdated ....................... RUNNING
  2023-12-27 09:14:14 App\Events\ObjectUpdated .................. 22.08ms DONE
  2023-12-27 09:19:07 App\Events\ObjectUpdated ....................... RUNNING
  2023-12-27 09:19:08 App\Events\ObjectUpdated ................. 372.18ms DONE
  2023-12-27 09:19:32 App\Events\ObjectUpdated ....................... RUNNING
  2023-12-27 09:19:32 App\Events\ObjectUpdated .................. 76.33ms DONE
  2023-12-27 09:22:01 App\Events\ObjectUpdated ....................... RUNNING
  2023-12-27 09:22:02 App\Events\ObjectUpdated ................. 108.27ms DONE
  2023-12-27 09:23:36 App\Events\ObjectUpdated ....................... RUNNING
  2023-12-27 09:23:36 App\Events\ObjectUpdated .................. 13.71ms DONE
  2023-12-27 09:23:37 App\Events\ObjectUpdated ....................... RUNNING
  2023-12-27 09:23:37 App\Events\ObjectUpdated ................. 231.82ms DONE
  2023-12-27 09:24:04 Spatie\MediaLibrary\Conversions\Jobs\PerformConversionsJob  RUNNING
  2023-12-27 09:24:04 Spatie\MediaLibrary\Conversions\Jobs\PerformConversionsJob  51.43ms DONE
  2023-12-27 09:24:22 App\Events\ObjectUpdated ....................... RUNNING
  2023-12-27 09:24:22 App\Events\ObjectUpdated .................. 80.05ms DONE
  2023-12-27 09:24:26 App\Events\ObjectUpdated ....................... RUNNING
  2023-12-27 09:24:26 App\Events\ObjectUpdated ................. 166.69ms DONE
  2023-12-27 09:24:29 App\Events\ObjectUpdated ....................... RUNNING
  2023-12-27 09:24:29 App\Events\ObjectUpdated ................. 127.99ms DONE
  2023-12-27 09:24:29 App\Events\ObjectUpdated ....................... RUNNING
  2023-12-27 09:24:29 App\Events\ObjectUpdated ................. 146.00ms DONE
  2023-12-27 09:24:32 App\Events\ObjectUpdated  2023-12-27 09:24:32 App\Events\ObjectUpdated ....................... RUNNING
 ....................... RUNNING
  2023-12-27 09:24:33 App\Events\ObjectUpdated ................. 139.27ms DONE
  2023-12-27 09:24:33 App\Events\ObjectUpdated ................. 259.50ms DONE
  2023-12-27 09:24:35 App\Events\ObjectUpdated ....................... RUNNING
  2023-12-27 09:24:36 App\Events\ObjectUpdated ................. 130.08ms DONE
  2023-12-27 09:24:36 App\Events\ObjectUpdated ....................... RUNNING
  2023-12-27 09:24:36 App\Events\ObjectUpdated ................. 131.56ms DONE
  2023-12-27 09:24:39 App\Events\ObjectUpdated ....................... RUNNING
  2023-12-27 09:24:39 App\Events\ObjectUpdated ................. 126.52ms DONE
  2023-12-27 09:24:40 App\Events\ObjectUpdated ....................... RUNNING
  2023-12-27 09:24:40 App\Events\ObjectUpdated ................. 128.91ms DONE
  2023-12-27 09:24:42 App\Events\ObjectUpdated ....................... RUNNING
  2023-12-27 09:24:42 App\Events\ObjectUpdated ................. 131.32ms DONE
  2023-12-27 09:24:46 App\Events\ObjectUpdated ....................... RUNNING
  2023-12-27 09:24:46 App\Events\ObjectUpdated ....................... RUNNING
  2023-12-27 09:24:46 App\Events\ObjectUpdated ................. 157.13ms DONE
  2023-12-27 09:24:46 App\Events\ObjectUpdated ................. 187.81ms DONE
  2023-12-27 09:27:13 App\Events\ObjectUpdated ....................... RUNNING
  2023-12-27 09:27:13 App\Events\ObjectUpdated ................. 214.89ms DONE
  2023-12-27 09:33:40 App\Events\ObjectUpdated ....................... RUNNING
  2023-12-27 09:33:41 App\Events\ObjectUpdated ................. 268.74ms DONE
  2023-12-27 09:34:08 App\Events\ObjectUpdated ....................... RUNNING
  2023-12-27 09:34:08 App\Events\ObjectUpdated .................. 71.22ms DONE
  2023-12-27 09:34:11 App\Events\ObjectUpdated ....................... RUNNING
  2023-12-27 09:34:11 App\Events\ObjectUpdated .................. 38.89ms DONE
  2023-12-27 09:37:03 App\Events\ObjectUpdated ....................... RUNNING
  2023-12-27 09:37:03 App\Events\ObjectUpdated .................. 63.47ms DONE
  2023-12-27 09:40:49 App\Events\ObjectUpdated ....................... RUNNING
  2023-12-27 09:40:49 App\Events\ObjectUpdated .................. 57.45ms DONE
  2023-12-27 09:41:59 App\Events\ObjectUpdated ....................... RUNNING
  2023-12-27 09:42:00 App\Events\ObjectUpdated ................. 124.87ms DONE
  2023-12-27 09:43:24 App\Events\ObjectUpdated ....................... RUNNING
  2023-12-27 09:43:24 App\Events\ObjectUpdated .................. 61.26ms DONE
  2023-12-27 09:47:37 App\Events\ObjectUpdated ....................... RUNNING
  2023-12-27 09:47:37 App\Events\ObjectUpdated .................. 64.28ms DONE
  2023-12-27 09:49:37 App\Events\ObjectUpdated ....................... RUNNING
  2023-12-27 09:49:38 App\Events\ObjectUpdated ................. 259.67ms DONE
  2023-12-27 09:59:57 App\Events\ObjectUpdated ....................... RUNNING
  2023-12-27 09:59:58 App\Events\ObjectUpdated ................. 213.39ms DONE
  2023-12-27 10:00:10 App\Events\ObjectUpdated ....................... RUNNING
  2023-12-27 10:00:10 App\Events\ObjectUpdated ................. 267.37ms DONE
  2023-12-27 10:00:57 App\Events\ObjectUpdated ....................... RUNNING
  2023-12-27 10:00:57 App\Events\ObjectUpdated ................. 149.09ms DONE
  2023-12-27 10:01:17 App\Events\ObjectUpdated ....................... RUNNING
  2023-12-27 10:01:18 App\Events\ObjectUpdated ................. 224.57ms DONE
  2023-12-27 10:03:10 App\Events\ObjectUpdated ....................... RUNNING
  2023-12-27 10:03:11 App\Events\ObjectUpdated ................. 222.45ms DONE
  2023-12-27 10:03:29 App\Events\ObjectUpdated ....................... RUNNING
  2023-12-27 10:03:29 App\Events\ObjectUpdated ................. 177.63ms DONE
  2023-12-27 10:04:43 App\Events\ObjectUpdated ....................... RUNNING
  2023-12-27 10:04:43 App\Events\ObjectUpdated ................. 142.08ms DONE
  2023-12-27 10:07:21 App\Events\ObjectUpdated ....................... RUNNING
  2023-12-27 10:07:21 App\Events\ObjectUpdated .................. 79.76ms DONE
  2023-12-27 10:07:25 App\Events\ObjectUpdated ....................... RUNNING
  2023-12-27 10:07:25 App\Events\ObjectUpdated ....................... RUNNING
  2023-12-27 10:07:25 App\Events\ObjectUpdated ................. 109.19ms DONE
  2023-12-27 10:07:25 App\Events\ObjectUpdated .................. 88.54ms DONE
  2023-12-27 10:08:41 App\Events\ObjectUpdated ....................... RUNNING
  2023-12-27 10:08:41 App\Events\ObjectUpdated .................. 68.30ms DONE
  2023-12-27 10:10:49 App\Events\ObjectUpdated ....................... RUNNING
  2023-12-27 10:10:50 App\Events\ObjectUpdated ................. 111.38ms DONE
  2023-12-27 10:14:23 App\Events\ObjectUpdated ....................... RUNNING
  2023-12-27 10:14:23 App\Events\ObjectUpdated ....................... RUNNING
  2023-12-27 10:14:23 App\Events\ObjectUpdated .................. 71.89ms DONE
  2023-12-27 10:14:23 App\Events\ObjectUpdated .................. 63.05ms DONE
  2023-12-27 10:14:39 App\Events\ObjectUpdated ....................... RUNNING
  2023-12-27 10:14:39 App\Events\ObjectUpdated ................. 199.93ms DONE
  2023-12-27 10:14:39 App\Events\ObjectUpdated ....................... RUNNING
  2023-12-27 10:14:39 App\Events\ObjectUpdated .................. 13.89ms DONE
  2023-12-27 10:14:41 App\Events\ObjectUpdated ....................... RUNNING
  2023-12-27 10:14:42 App\Events\ObjectUpdated .................. 16.87ms DONE
  2023-12-27 10:15:25 App\Events\ObjectUpdated ....................... RUNNING
  2023-12-27 10:15:25 App\Events\ObjectUpdated ................. 220.08ms DONE
  2023-12-27 10:15:46 App\Events\ObjectUpdated ....................... RUNNING
  2023-12-27 10:15:46 App\Events\ObjectUpdated .................. 36.27ms DONE
  2023-12-27 10:15:49 App\Events\ObjectUpdated ....................... RUNNING
  2023-12-27 10:15:49 App\Events\ObjectUpdated .................. 14.01ms DONE
  2023-12-27 10:15:49 App\Events\ObjectUpdated ....................... RUNNING
  2023-12-27 10:15:49 App\Events\ObjectUpdated .................. 15.21ms DONE
  2023-12-27 10:16:02 App\Events\ObjectUpdated ....................... RUNNING
  2023-12-27 10:16:02 App\Events\ObjectUpdated ................. 491.43ms DONE
  2023-12-27 10:16:23 App\Events\ObjectUpdated ....................... RUNNING
  2023-12-27 10:16:23 App\Events\ObjectUpdated ................. 234.01ms DONE
  2023-12-27 10:16:47 App\Events\ObjectUpdated ....................... RUNNING
  2023-12-27 10:16:48 App\Events\ObjectUpdated .................. 78.87ms DONE
  2023-12-27 10:20:52 App\Events\ObjectUpdated ....................... RUNNING
  2023-12-27 10:20:52 App\Events\ObjectUpdated .................. 66.08ms DONE
  2023-12-27 10:30:50 App\Events\ObjectUpdated ....................... RUNNING
  2023-12-27 10:30:50 App\Events\ObjectUpdated ................. 200.88ms DONE
  2023-12-27 10:31:11 App\Events\ObjectUpdated ....................... RUNNING
  2023-12-27 10:31:11 App\Events\ObjectUpdated ................. 217.28ms DONE
  2023-12-27 10:31:38 App\Events\ObjectUpdated ....................... RUNNING
  2023-12-27 10:31:38 App\Events\ObjectUpdated .................. 62.87ms DONE
  2023-12-27 10:34:29 App\Events\ObjectUpdated ....................... RUNNING
  2023-12-27 10:34:30 App\Events\ObjectUpdated ................. 203.27ms DONE
  2023-12-27 10:35:43 App\Events\ObjectUpdated ....................... RUNNING
  2023-12-27 10:35:43 App\Events\ObjectUpdated ................. 187.35ms DONE
  2023-12-27 10:40:35 App\Events\ObjectUpdated ....................... RUNNING
  2023-12-27 10:40:36 App\Events\ObjectUpdated ................. 199.18ms DONE
  2023-12-27 10:42:13 App\Events\ObjectUpdated ....................... RUNNING
  2023-12-27 10:42:13 App\Events\ObjectUpdated .................. 35.48ms DONE
  2023-12-27 10:42:16 App\Events\ObjectUpdated ....................... RUNNING
  2023-12-27 10:42:16 App\Events\ObjectUpdated .................. 13.99ms DONE
  2023-12-27 10:49:41 App\Events\ObjectUpdated ....................... RUNNING
  2023-12-27 10:49:41 App\Events\ObjectUpdated .................. 79.88ms DONE
  2023-12-27 10:50:42 App\Events\ObjectUpdated ....................... RUNNING
  2023-12-27 10:50:42 App\Events\ObjectUpdated .................. 88.30ms DONE
  2023-12-27 10:52:40 App\Events\ObjectUpdated ....................... RUNNING
  2023-12-27 10:52:40 App\Events\ObjectUpdated ................. 116.99ms DONE
  2023-12-27 10:53:41 App\Events\ObjectUpdated ....................... RUNNING
  2023-12-27 10:53:41 App\Events\ObjectUpdated .................. 52.85ms DONE
  2023-12-27 10:54:45 App\Events\ObjectUpdated ....................... RUNNING
  2023-12-27 10:54:45 App\Events\ObjectUpdated ................. 120.74ms DONE
  2023-12-27 10:55:56 App\Events\ObjectUpdated ....................... RUNNING
  2023-12-27 10:55:56 App\Events\ObjectUpdated .................. 54.01ms DONE
  2023-12-27 10:58:53 App\Events\ObjectUpdated ....................... RUNNING
  2023-12-27 10:58:53 App\Events\ObjectUpdated ................. 109.07ms DONE
  2023-12-27 11:01:16 App\Events\ObjectUpdated ....................... RUNNING
  2023-12-27 11:01:16 App\Events\ObjectUpdated ................. 105.03ms DONE
  2023-12-27 11:01:44 App\Events\ObjectUpdated ....................... RUNNING
  2023-12-27 11:01:44 App\Events\ObjectUpdated .................. 63.72ms DONE
  2023-12-27 11:02:11 App\Events\ObjectUpdated ....................... RUNNING
  2023-12-27 11:02:11 App\Events\ObjectUpdated .................. 51.84ms DONE
  2023-12-27 11:03:25 App\Events\ObjectUpdated ....................... RUNNING
  2023-12-27 11:03:25 App\Events\ObjectUpdated .................. 67.60ms DONE
  2023-12-27 11:10:16 App\Events\ObjectUpdated ....................... RUNNING
  2023-12-27 11:10:16 App\Events\ObjectUpdated ................. 102.96ms DONE
  2023-12-27 11:11:24 App\Events\ObjectUpdated ....................... RUNNING
  2023-12-27 11:11:24 App\Events\ObjectUpdated .................. 58.62ms DONE
  2023-12-27 11:14:05 App\Events\ObjectUpdated ....................... RUNNING
  2023-12-27 11:14:05 App\Events\ObjectUpdated .................. 95.99ms DONE
  2023-12-27 11:16:38 App\Events\ObjectUpdated ....................... RUNNING
  2023-12-27 11:16:38 App\Events\ObjectUpdated ................. 101.17ms DONE
  2023-12-27 11:25:10 App\Events\ObjectUpdated ....................... RUNNING
  2023-12-27 11:25:10 App\Events\ObjectUpdated .................. 70.12ms DONE
  2023-12-27 11:27:15 App\Events\ObjectUpdated ....................... RUNNING
  2023-12-27 11:27:15 App\Events\ObjectUpdated ................. 108.31ms DONE
  2023-12-27 11:27:58 App\Events\ObjectUpdated ....................... RUNNING
  2023-12-27 11:27:58 App\Events\ObjectUpdated .................. 63.04ms DONE
  2023-12-27 11:36:24 App\Events\ObjectUpdated ....................... RUNNING
  2023-12-27 11:36:24 App\Events\ObjectUpdated ................. 109.78ms DONE
  2023-12-27 11:40:55 App\Events\ObjectUpdated ....................... RUNNING
  2023-12-27 11:40:55 App\Events\ObjectUpdated .................. 91.06ms DONE
  2023-12-27 11:43:37 App\Events\ObjectUpdated ....................... RUNNING
  2023-12-27 11:43:37 App\Events\ObjectUpdated .................. 81.48ms DONE
  2023-12-27 11:47:38 App\Events\ObjectUpdated ....................... RUNNING
  2023-12-27 11:47:38 App\Events\ObjectUpdated .................. 69.22ms DONE
  2023-12-27 11:57:28 App\Events\ObjectUpdated ....................... RUNNING
  2023-12-27 11:57:28 App\Events\ObjectUpdated ................. 110.06ms DONE
  2023-12-27 12:00:47 App\Events\ObjectUpdated ....................... RUNNING
  2023-12-27 12:00:48 App\Events\ObjectUpdated ................. 105.79ms DONE
  2023-12-27 12:02:42 App\Events\ObjectUpdated ....................... RUNNING
  2023-12-27 12:02:42 App\Events\ObjectUpdated .................. 62.88ms DONE
  2023-12-27 12:07:02 App\Events\ObjectUpdated ....................... RUNNING
  2023-12-27 12:07:02 App\Events\ObjectUpdated .................. 67.38ms DONE
  2023-12-27 12:08:55 App\Events\ObjectUpdated ....................... RUNNING
  2023-12-27 12:08:55 App\Events\ObjectUpdated .................. 45.07ms DONE
  2023-12-27 12:11:49 App\Events\ObjectUpdated ....................... RUNNING
  2023-12-27 12:11:49 App\Events\ObjectUpdated .................. 58.74ms DONE
  2023-12-27 12:16:48 App\Events\ObjectUpdated ....................... RUNNING
  2023-12-27 12:16:48 App\Events\ObjectUpdated .................. 94.16ms DONE
  2023-12-27 12:27:53 App\Events\ObjectUpdated ....................... RUNNING
  2023-12-27 12:27:53 App\Events\ObjectUpdated .................. 36.12ms DONE
  2023-12-27 12:27:53 App\Events\ObjectUpdated ....................... RUNNING
  2023-12-27 12:27:53 App\Events\ObjectUpdated .................. 76.87ms DONE
  2023-12-27 12:28:39 App\Events\ObjectUpdated ....................... RUNNING
  2023-12-27 12:28:39 App\Events\ObjectUpdated .................. 37.63ms DONE
  2023-12-27 12:42:00 App\Events\ObjectUpdated ....................... RUNNING
  2023-12-27 12:42:00 App\Events\ObjectUpdated .................. 39.91ms DONE
  2023-12-27 12:42:03 App\Events\ObjectUpdated ....................... RUNNING
  2023-12-27 12:42:03 App\Events\ObjectUpdated .................. 23.46ms DONE
  2023-12-27 13:04:11 App\Events\ObjectUpdated ....................... RUNNING
  2023-12-27 13:04:11 App\Events\ObjectUpdated .................. 33.57ms DONE
  2023-12-27 13:04:12 App\Events\ObjectUpdated ....................... RUNNING
  2023-12-27 13:04:13 App\Events\ObjectUpdated .................. 75.61ms DONE
  2023-12-27 13:08:24 App\Events\ObjectUpdated ....................... RUNNING
  2023-12-27 13:08:24 App\Events\ObjectUpdated .................. 33.15ms DONE
  2023-12-27 13:08:27 App\Events\ObjectUpdated ....................... RUNNING
  2023-12-27 13:08:27 App\Events\ObjectUpdated .................. 13.46ms DONE
  2023-12-27 13:09:24 App\Events\FieldUpdated ........................ RUNNING
  2023-12-27 13:09:24 App\Events\FieldUpdated ................... 71.92ms DONE
  2023-12-27 13:11:15 App\Events\ObjectUpdated ....................... RUNNING
  2023-12-27 13:11:15 App\Events\ObjectUpdated .................. 69.92ms DONE
  2023-12-27 13:11:16 App\Events\ObjectUpdated ....................... RUNNING
  2023-12-27 13:11:16 App\Events\ObjectUpdated .................. 38.97ms DONE
  2023-12-27 13:13:48 App\Events\FieldUpdated ........................ RUNNING
  2023-12-27 13:13:48 App\Events\FieldUpdated ................... 70.15ms DONE
  2023-12-27 13:18:11 App\Events\FieldUpdated ........................ RUNNING
  2023-12-27 13:18:11 App\Events\FieldUpdated ................... 33.78ms DONE
  2023-12-27 13:18:36 App\Events\ObjectUpdated ....................... RUNNING
  2023-12-27 13:18:36 App\Events\ObjectUpdated .................. 73.25ms DONE
  2023-12-27 13:19:00 App\Events\FieldUpdated ........................ RUNNING
  2023-12-27 13:19:00 App\Events\FieldUpdated ................... 13.18ms DONE
  2023-12-27 13:22:48 App\Events\ObjectUpdated ....................... RUNNING
  2023-12-27 13:22:48 App\Events\ObjectUpdated .................. 44.31ms DONE
  2023-12-27 13:22:48 App\Events\ObjectUpdated ....................... RUNNING
  2023-12-27 13:22:48 App\Events\ObjectUpdated .................. 25.43ms DONE
  2023-12-27 13:22:48 App\Events\ObjectUpdated ....................... RUNNING
  2023-12-27 13:22:49 App\Events\ObjectUpdated .................. 25.77ms DONE
  2023-12-27 13:22:49 App\Events\ObjectUpdated ....................... RUNNING
  2023-12-27 13:22:49 App\Events\ObjectUpdated .................. 44.71ms DONE
  2023-12-27 13:23:07 App\Events\ObjectUpdated ....................... RUNNING
  2023-12-27 13:23:07 App\Events\ObjectUpdated .................. 25.76ms DONE
  2023-12-27 13:23:50 App\Events\ObjectUpdated ....................... RUNNING
  2023-12-27 13:23:50 App\Events\ObjectUpdated ....................... RUNNING
  2023-12-27 13:23:50 App\Events\ObjectUpdated .................. 13.26ms DONE
  2023-12-27 13:23:50 App\Events\ObjectUpdated .................. 69.64ms DONE
  2023-12-27 14:19:04 App\Events\FieldUpdated ........................ RUNNING
  2023-12-27 14:19:04 App\Events\FieldUpdated ................... 34.74ms DONE
  2023-12-27 14:24:31 App\Events\FieldUpdated ........................ RUNNING
  2023-12-27 14:24:31 App\Events\FieldUpdated ................... 35.84ms DONE
  2023-12-27 14:24:40 App\Events\FieldUpdated ........................ RUNNING
  2023-12-27 14:24:40 App\Events\FieldUpdated ................... 13.95ms DONE
  2023-12-27 14:24:47 App\Events\FieldUpdated ........................ RUNNING
  2023-12-27 14:24:47 App\Events\FieldUpdated ................... 31.69ms DONE
  2023-12-27 14:24:55 App\Events\FieldUpdated ........................ RUNNING
  2023-12-27 14:24:55 App\Events\FieldUpdated ................... 13.46ms DONE
  2023-12-27 14:26:42 App\Events\FieldUpdated ........................ RUNNING
  2023-12-27 14:26:42 App\Events\FieldUpdated ................... 35.18ms DONE
  2023-12-27 14:26:58 App\Events\FieldUpdated ........................ RUNNING
  2023-12-27 14:26:58 App\Events\FieldUpdated ................... 14.72ms DONE
  2023-12-27 14:32:09 App\Events\FieldUpdated ........................ RUNNING
  2023-12-27 14:32:09 App\Events\FieldUpdated ................... 32.86ms DONE
  2023-12-27 14:34:41 App\Events\FieldUpdated ........................ RUNNING
  2023-12-27 14:34:41 App\Events\FieldUpdated ................... 34.68ms DONE
  2023-12-27 14:34:57 Spatie\MediaLibrary\Conversions\Jobs\PerformConversionsJob  RUNNING
  2023-12-27 14:34:57 Spatie\MediaLibrary\Conversions\Jobs\PerformConversionsJob  67.68ms DONE
  2023-12-27 14:35:02 Spatie\MediaLibrary\Conversions\Jobs\PerformConversionsJob  RUNNING
  2023-12-27 14:35:03 Spatie\MediaLibrary\Conversions\Jobs\PerformConversionsJob  64.45ms DONE
  2023-12-27 14:35:06 App\Events\ObjectUpdated ....................... RUNNING
  2023-12-27 14:35:06 App\Events\ObjectUpdated .................. 36.09ms DONE
  2023-12-27 14:35:06 App\Events\ObjectUpdated ....................... RUNNING
  2023-12-27 14:35:06 App\Events\ObjectUpdated .................. 15.11ms DONE
  2023-12-27 14:35:06 App\Events\ObjectUpdated ....................... RUNNING
  2023-12-27 14:35:06 App\Events\ObjectUpdated .................. 15.13ms DONE
  2023-12-27 14:35:06 App\Events\ObjectUpdated ....................... RUNNING
  2023-12-27 14:35:06 App\Events\ObjectUpdated .................. 14.43ms DONE
  2023-12-27 14:35:06 App\Events\ObjectUpdated ....................... RUNNING
  2023-12-27 14:35:06 App\Events\ObjectUpdated .................. 35.00ms DONE
  2023-12-27 14:35:06 App\Events\ObjectUpdated ....................... RUNNING
  2023-12-27 14:35:06 App\Events\ObjectUpdated .................. 16.58ms DONE
  2023-12-27 14:35:06 App\Events\ObjectUpdated ....................... RUNNING
  2023-12-27 14:35:06 App\Events\ObjectUpdated .................. 18.53ms DONE
  2023-12-27 14:35:06 App\Events\ObjectUpdated ....................... RUNNING
  2023-12-27 14:35:06 App\Events\ObjectUpdated .................. 14.86ms DONE
  2023-12-27 14:35:15 App\Events\ObjectUpdated ....................... RUNNING
  2023-12-27 14:35:15 App\Events\ObjectUpdated .................. 12.91ms DONE
  2023-12-27 14:35:15 App\Events\ObjectUpdated ....................... RUNNING
  2023-12-27 14:35:15 App\Events\ObjectUpdated .................. 34.31ms DONE
  2023-12-27 14:35:58 App\Events\FieldUpdated ........................ RUNNING
  2023-12-27 14:35:58 App\Events\FieldUpdated ................... 15.89ms DONE
  2023-12-27 14:36:25 App\Events\FieldUpdated ........................ RUNNING
  2023-12-27 14:36:25 App\Events\FieldUpdated ................... 16.68ms DONE
  2023-12-27 14:38:51 App\Events\FieldUpdated ........................ RUNNING
  2023-12-27 14:38:52 App\Events\FieldUpdated ................... 33.63ms DONE
  2023-12-27 14:39:04 App\Events\FieldUpdated ........................ RUNNING
  2023-12-27 14:39:04 App\Events\FieldUpdated ................... 34.16ms DONE
  2023-12-27 14:42:10 App\Events\FieldUpdated ........................ RUNNING
  2023-12-27 14:42:10 App\Events\FieldUpdated ................... 33.15ms DONE
  2023-12-27 14:42:16 App\Events\FieldUpdated ........................ RUNNING
  2023-12-27 14:42:16 App\Events\FieldUpdated ................... 17.20ms DONE
  2023-12-27 14:42:22 App\Events\FieldUpdated ........................ RUNNING
  2023-12-27 14:42:22 App\Events\FieldUpdated ................... 75.16ms DONE
  2023-12-27 14:42:28 App\Events\FieldUpdated ........................ RUNNING
  2023-12-27 14:42:28 App\Events\FieldUpdated ................... 16.66ms DONE
  2023-12-27 14:51:25 App\Events\ObjectUpdated ....................... RUNNING
  2023-12-27 14:51:25 App\Events\ObjectUpdated .................. 35.26ms DONE
  2023-12-27 14:51:28 App\Events\ObjectUpdated ....................... RUNNING
  2023-12-27 14:51:28 App\Events\ObjectUpdated ................. 113.46ms DONE
  2023-12-27 15:08:27 App\Events\ObjectUpdated ....................... RUNNING
  2023-12-27 15:08:27 App\Events\ObjectUpdated .................. 34.31ms DONE
  2023-12-27 15:08:29 App\Events\ObjectUpdated ....................... RUNNING
  2023-12-27 15:08:29 App\Events\ObjectUpdated .................. 37.44ms DONE
  2023-12-27 15:12:50 App\Events\ObjectUpdated ....................... RUNNING
  2023-12-27 15:12:50 App\Events\ObjectUpdated .................. 73.81ms DONE
  2023-12-27 15:12:53 App\Events\ObjectUpdated ....................... RUNNING
  2023-12-27 15:12:53 App\Events\ObjectUpdated .................. 28.70ms DONE
  2023-12-27 15:20:40 App\Events\ObjectUpdated ....................... RUNNING
  2023-12-27 15:20:40 App\Events\ObjectUpdated .................. 33.14ms DONE
  2023-12-27 15:20:41 App\Events\ObjectUpdated ....................... RUNNING
  2023-12-27 15:20:42 App\Events\ObjectUpdated .................. 46.66ms DONE
  2023-12-27 15:20:46 App\Events\ObjectUpdated ....................... RUNNING
  2023-12-27 15:20:46 App\Events\ObjectUpdated .................. 12.72ms DONE
  2023-12-27 15:20:50 App\Events\ObjectUpdated ....................... RUNNING
  2023-12-27 15:20:50 App\Events\ObjectUpdated .................. 23.12ms DONE
  2023-12-27 15:20:59 App\Events\ObjectUpdated ....................... RUNNING
  2023-12-27 15:20:59 App\Events\ObjectUpdated .................. 13.23ms DONE
  2023-12-27 15:21:02 App\Events\ObjectUpdated ....................... RUNNING
  2023-12-27 15:21:02 App\Events\ObjectUpdated .................. 23.85ms DONE
  2023-12-27 15:21:09 App\Events\ObjectUpdated ....................... RUNNING
  2023-12-27 15:21:09 App\Events\ObjectUpdated .................. 36.30ms DONE
  2023-12-27 15:21:11 App\Events\ObjectUpdated ....................... RUNNING
  2023-12-27 15:21:11 App\Events\ObjectUpdated .................. 23.26ms DONE
  2023-12-27 15:21:21 App\Events\ObjectUpdated ....................... RUNNING
  2023-12-27 15:21:21 App\Events\ObjectUpdated .................. 17.42ms DONE
  2023-12-27 15:21:24 App\Events\ObjectUpdated ....................... RUNNING
  2023-12-27 15:21:24 App\Events\ObjectUpdated .................. 22.81ms DONE
  2023-12-27 15:25:10 App\Events\ObjectUpdated ....................... RUNNING
  2023-12-27 15:25:10 App\Events\ObjectUpdated .................. 32.93ms DONE
  2023-12-27 15:25:10 App\Events\ObjectUpdated ....................... RUNNING
  2023-12-27 15:25:10 App\Events\ObjectUpdated .................. 19.61ms DONE
  2023-12-27 15:27:06 Spatie\MediaLibrary\Conversions\Jobs\PerformConversionsJob  RUNNING
  2023-12-27 15:27:06 Spatie\MediaLibrary\Conversions\Jobs\PerformConversionsJob  68.90ms DONE
  2023-12-27 15:27:12 App\Events\ObjectUpdated ....................... RUNNING
  2023-12-27 15:27:12 App\Events\ObjectUpdated .................. 34.73ms DONE
  2023-12-27 15:27:15 App\Events\ObjectUpdated ....................... RUNNING
  2023-12-27 15:27:16 App\Events\ObjectUpdated ................. 111.83ms DONE
  2023-12-27 15:27:18 App\Events\ObjectUpdated ....................... RUNNING
  2023-12-27 15:27:19 App\Events\ObjectUpdated ....................... RUNNING
  2023-12-27 15:27:19 App\Events\ObjectUpdated .................. 82.58ms DONE
  2023-12-27 15:27:19 App\Events\ObjectUpdated ................. 101.50ms DONE
  2023-12-27 15:27:22 App\Events\ObjectUpdated ....................... RUNNING
  2023-12-27 15:27:22 App\Events\ObjectUpdated ................. 120.18ms DONE
  2023-12-27 15:27:22 App\Events\ObjectUpdated ....................... RUNNING
  2023-12-27 15:27:22 App\Events\ObjectUpdated .................. 80.18ms DONE
  2023-12-27 15:27:25 App\Events\ObjectUpdated ....................... RUNNING
  2023-12-27 15:27:25 App\Events\ObjectUpdated ....................... RUNNING
  2023-12-27 15:27:25 App\Events\ObjectUpdated .................. 84.30ms DONE
  2023-12-27 15:27:25 App\Events\ObjectUpdated ................. 146.39ms DONE
  2023-12-27 15:27:28 App\Events\ObjectUpdated ....................... RUNNING
  2023-12-27 15:27:28 App\Events\ObjectUpdated ................. 103.33ms DONE
  2023-12-27 15:27:29 App\Events\ObjectUpdated ....................... RUNNING
  2023-12-27 15:27:29 App\Events\ObjectUpdated .................. 84.60ms DONE
  2023-12-27 15:27:32 App\Events\ObjectUpdated ....................... RUNNING
  2023-12-27 15:27:32 App\Events\ObjectUpdated .................. 96.34ms DONE
  2023-12-27 15:30:47 App\Events\ObjectUpdated ....................... RUNNING
  2023-12-27 15:30:47 App\Events\ObjectUpdated .................. 36.25ms DONE
  2023-12-27 15:30:50 App\Events\ObjectUpdated ....................... RUNNING
  2023-12-27 15:30:50 App\Events\ObjectUpdated .................. 51.39ms DONE
  2023-12-27 15:31:11 App\Events\ObjectUpdated ....................... RUNNING
  2023-12-27 15:31:11 App\Events\ObjectUpdated .................. 16.16ms DONE
  2023-12-27 15:31:14 App\Events\ObjectUpdated ....................... RUNNING
  2023-12-27 15:31:14 App\Events\ObjectUpdated .................. 23.49ms DONE
  2023-12-27 15:38:55 App\Events\ObjectUpdated ....................... RUNNING
  2023-12-27 15:38:55 App\Events\ObjectUpdated ....................... RUNNING
  2023-12-27 15:38:55 App\Events\ObjectUpdated .................. 37.18ms DONE
  2023-12-27 15:38:55 App\Events\ObjectUpdated .................. 73.85ms DONE
  2023-12-27 15:43:33 App\Events\ObjectUpdated ....................... RUNNING
  2023-12-27 15:43:33 App\Events\ObjectUpdated .................. 67.45ms DONE
  2023-12-27 15:43:36 App\Events\ObjectUpdated ....................... RUNNING
  2023-12-27 15:43:36 App\Events\ObjectUpdated .................. 48.54ms DONE
  2023-12-27 15:49:57 App\Events\ObjectUpdated ....................... RUNNING
  2023-12-27 15:49:57 App\Events\ObjectUpdated .................. 35.57ms DONE
  2023-12-27 15:49:58 App\Events\ObjectUpdated ....................... RUNNING
  2023-12-27 15:49:58 App\Events\ObjectUpdated .................. 39.96ms DONE
  2023-12-27 23:14:29 App\Events\FieldUpdated ........................ RUNNING
  2023-12-27 23:14:29 App\Events\FieldUpdated .................. 105.86ms DONE
  2023-12-27 23:14:39 App\Events\ObjectUpdated ....................... RUNNING
  2023-12-27 23:14:39 App\Events\ObjectUpdated .................. 16.81ms DONE
  2023-12-27 23:18:06 App\Events\FieldUpdated ........................ RUNNING
  2023-12-27 23:18:06 App\Events\FieldUpdated ................... 35.31ms DONE
  2023-12-27 23:27:03 App\Events\FieldUpdated ........................ RUNNING
  2023-12-27 23:27:03 App\Events\FieldUpdated ................... 30.22ms DONE
  2023-12-28 09:24:04 App\Events\FieldUpdated ........................ RUNNING
  2023-12-28 09:24:04 App\Events\FieldUpdated ................... 33.77ms DONE
  2023-12-28 10:24:25 App\Events\FieldUpdated ........................ RUNNING
  2023-12-28 10:24:25 App\Events\FieldUpdated ................... 80.96ms DONE
  2023-12-28 10:24:27 App\Events\FieldUpdated ........................ RUNNING
  2023-12-28 10:24:27 App\Events\FieldUpdated ................... 34.08ms DONE
  2023-12-28 10:38:29 App\Events\FieldUpdated ........................ RUNNING
  2023-12-28 10:38:29 App\Events\FieldUpdated ................... 75.55ms DONE
  2023-12-28 10:38:31 App\Events\FieldUpdated ........................ RUNNING
  2023-12-28 10:38:31 App\Events\FieldUpdated ................... 30.46ms DONE
  2023-12-28 10:38:32 App\Events\FieldUpdated ........................ RUNNING
  2023-12-28 10:38:32 App\Events\FieldUpdated ................... 13.08ms DONE
  2023-12-28 10:38:35 App\Events\FieldUpdated ........................ RUNNING
  2023-12-28 10:38:35 App\Events\FieldUpdated ................... 12.71ms DONE
  2023-12-28 10:38:35 App\Events\FieldUpdated ........................ RUNNING
  2023-12-28 10:38:35 App\Events\FieldUpdated ................... 13.45ms DONE
  2023-12-28 10:38:38 App\Events\FieldUpdated ........................ RUNNING
  2023-12-28 10:38:38 App\Events\FieldUpdated ................... 13.47ms DONE
  2023-12-28 10:38:38 App\Events\FieldUpdated ........................ RUNNING
  2023-12-28 10:38:38 App\Events\FieldUpdated ................... 14.20ms DONE
  2023-12-28 10:38:38 App\Events\FieldUpdated ........................ RUNNING
  2023-12-28 10:38:38 App\Events\FieldUpdated ................... 15.01ms DONE
  2023-12-28 10:38:41 App\Events\FieldUpdated ........................ RUNNING
  2023-12-28 10:38:41 App\Events\FieldUpdated ................... 20.76ms DONE
  2023-12-28 10:38:50 App\Events\FieldUpdated ........................ RUNNING
  2023-12-28 10:38:50 App\Events\FieldUpdated ................... 12.76ms DONE
  2023-12-28 10:43:22 App\Events\FieldUpdated ........................ RUNNING
  2023-12-28 10:43:22 App\Events\FieldUpdated ................... 33.55ms DONE
  2023-12-28 10:43:22 App\Events\FieldUpdated ........................ RUNNING
  2023-12-28 10:43:22 App\Events\FieldUpdated ................... 34.81ms DONE
  2023-12-28 10:43:25 App\Events\FieldUpdated ........................ RUNNING
  2023-12-28 10:43:25 App\Events\FieldUpdated ................... 13.38ms DONE
  2023-12-28 10:43:25 App\Events\FieldUpdated ........................ RUNNING
  2023-12-28 10:43:25 App\Events\FieldUpdated ................... 13.34ms DONE
  2023-12-28 10:44:35 App\Events\FieldUpdated ........................ RUNNING
  2023-12-28 10:44:35 App\Events\FieldUpdated ................... 89.10ms DONE
  2023-12-28 10:44:35 App\Events\FieldUpdated ........................ RUNNING
  2023-12-28 10:44:35 App\Events\FieldUpdated ................... 13.51ms DONE
  2023-12-28 10:44:35 App\Events\FieldUpdated ........................ RUNNING
  2023-12-28 10:44:35 App\Events\FieldUpdated ................... 14.47ms DONE
  2023-12-28 10:44:35 App\Events\FieldUpdated ........................ RUNNING
  2023-12-28 10:44:35 App\Events\FieldUpdated ................... 12.93ms DONE
  2023-12-28 10:46:22 App\Events\FieldUpdated ........................ RUNNING
  2023-12-28 10:46:22 App\Events\FieldUpdated ................... 83.22ms DONE
  2023-12-28 10:46:25 App\Events\FieldUpdated ........................ RUNNING
  2023-12-28 10:46:25 App\Events\FieldUpdated ................... 18.99ms DONE
  2023-12-28 10:46:25 App\Events\FieldUpdated ........................ RUNNING
  2023-12-28 10:46:25 App\Events\FieldUpdated ................... 13.49ms DONE
  2023-12-28 10:46:25 App\Events\FieldUpdated ........................ RUNNING
  2023-12-28 10:46:25 App\Events\FieldUpdated ................... 13.92ms DONE
  2023-12-28 10:46:28 App\Events\FieldUpdated ........................ RUNNING
  2023-12-28 10:46:28 App\Events\FieldUpdated ................... 12.65ms DONE
  2023-12-28 10:46:28 App\Events\FieldUpdated ........................ RUNNING
  2023-12-28 10:46:28 App\Events\FieldUpdated ........................ RUNNING
  2023-12-28 10:46:28 App\Events\FieldUpdated ................... 12.55ms DONE
  2023-12-28 10:46:28 App\Events\FieldUpdated ................... 65.50ms DONE
  2023-12-28 13:11:18 App\Events\FieldUpdated ........................ RUNNING
  2023-12-28 13:11:18 App\Events\FieldUpdated ................... 66.12ms DONE
  2023-12-28 13:16:14 App\Events\FieldUpdated ........................ RUNNING
  2023-12-28 13:16:14 App\Events\FieldUpdated ................... 79.77ms DONE
  2023-12-28 13:16:21 App\Events\FieldUpdated ........................ RUNNING
  2023-12-28 13:16:21 App\Events\FieldUpdated ................... 13.41ms DONE
  2023-12-28 13:16:30 App\Events\FieldUpdated ........................ RUNNING
  2023-12-28 13:16:30 App\Events\FieldUpdated ................... 13.08ms DONE
  2023-12-28 13:18:11 App\Events\FieldUpdated ........................ RUNNING
  2023-12-28 13:18:11 App\Events\FieldUpdated ................... 12.73ms DONE
  2023-12-28 13:19:58 App\Events\FieldUpdated ........................ RUNNING
  2023-12-28 13:19:58 App\Events\FieldUpdated ................... 34.09ms DONE
  2023-12-28 13:23:53 App\Events\FieldUpdated ........................ RUNNING
  2023-12-28 13:23:53 App\Events\FieldUpdated ................... 29.87ms DONE
  2023-12-28 13:24:57 App\Events\FieldUpdated ........................ RUNNING
  2023-12-28 13:24:57 App\Events\FieldUpdated ................... 33.65ms DONE
  2023-12-28 15:14:41 App\Events\ObjectUpdated ....................... RUNNING
  2023-12-28 15:14:41 App\Events\ObjectUpdated .................. 77.39ms DONE
  2023-12-28 15:19:27 App\Events\ObjectUpdated ....................... RUNNING
  2023-12-28 15:19:27 App\Events\ObjectUpdated .................. 77.11ms DONE
  2023-12-28 15:19:28 App\Events\ObjectUpdated ....................... RUNNING
  2023-12-28 15:19:28 App\Events\ObjectUpdated .................. 72.99ms DONE
  2023-12-28 16:07:48 App\Events\FieldUpdated ........................ RUNNING
  2023-12-28 16:07:48 App\Events\FieldUpdated ................... 34.26ms DONE
  2023-12-28 16:07:53 App\Events\FieldUpdated ........................ RUNNING
  2023-12-28 16:07:53 App\Events\FieldUpdated ................... 78.74ms DONE
  2023-12-28 16:11:23 App\Events\FieldUpdated ........................ RUNNING
  2023-12-28 16:11:23 App\Events\FieldUpdated ................... 29.13ms DONE
  2023-12-28 16:15:57 App\Events\FieldUpdated ........................ RUNNING
  2023-12-28 16:15:57 App\Events\FieldUpdated ................... 66.39ms DONE
  2023-12-28 16:26:25 App\Events\FieldUpdated ........................ RUNNING
  2023-12-28 16:26:25 App\Events\FieldUpdated ................... 30.48ms DONE
  2023-12-28 16:29:01 App\Events\FieldUpdated ........................ RUNNING
  2023-12-28 16:29:02 App\Events\FieldUpdated .................. 194.92ms DONE
  2023-12-28 16:30:18 App\Events\FieldUpdated ........................ RUNNING
  2023-12-28 16:30:18 App\Events\FieldUpdated ................... 32.89ms DONE
  2023-12-28 16:32:38 App\Events\FieldUpdated ........................ RUNNING
  2023-12-28 16:32:38 App\Events\FieldUpdated ................... 63.08ms DONE
  2023-12-28 16:33:13 App\Events\FieldUpdated ........................ RUNNING
  2023-12-28 16:33:13 App\Events\FieldUpdated ................... 12.28ms DONE
  2023-12-28 21:01:41 App\Events\FieldUpdated ........................ RUNNING
  2023-12-28 21:01:41 App\Events\FieldUpdated ................... 32.45ms DONE
  2023-12-28 21:02:32 App\Events\FieldUpdated ........................ RUNNING
  2023-12-28 21:02:32 App\Events\FieldUpdated ................... 29.31ms DONE
  2023-12-29 08:11:57 App\Events\ObjectUpdated ....................... RUNNING
  2023-12-29 08:11:57 App\Events\ObjectUpdated .................. 37.04ms DONE
  2023-12-29 08:11:59 App\Events\ObjectUpdated ....................... RUNNING
  2023-12-29 08:11:59 App\Events\ObjectUpdated .................. 58.41ms DONE
  2023-12-29 08:23:19 App\Events\ObjectUpdated ....................... RUNNING
  2023-12-29 08:23:19 App\Events\ObjectUpdated .................. 31.75ms DONE
  2023-12-29 08:23:21 App\Events\ObjectUpdated ....................... RUNNING
  2023-12-29 08:23:21 App\Events\ObjectUpdated .................. 40.28ms DONE
  2023-12-29 08:24:02 App\Events\FieldUpdated ........................ RUNNING
  2023-12-29 08:24:02 App\Events\FieldUpdated ................... 31.05ms DONE
  2023-12-29 08:24:09 App\Events\FieldUpdated ........................ RUNNING
  2023-12-29 08:24:09 App\Events\FieldUpdated ................... 14.94ms DONE
  2023-12-29 08:24:11 App\Events\ObjectUpdated ....................... RUNNING
  2023-12-29 08:24:11 App\Events\ObjectUpdated .................. 13.41ms DONE
  2023-12-29 08:24:13 App\Events\ObjectUpdated ....................... RUNNING
  2023-12-29 08:24:13 App\Events\ObjectUpdated .................. 17.28ms DONE
  2023-12-29 08:29:09 App\Events\FieldUpdated ........................ RUNNING
  2023-12-29 08:29:09 App\Events\FieldUpdated ................... 79.96ms DONE
  2023-12-29 08:29:45 App\Events\FieldUpdated ........................ RUNNING
  2023-12-29 08:29:45 App\Events\FieldUpdated ................... 13.79ms DONE
  2023-12-29 08:30:51 App\Events\FieldUpdated ........................ RUNNING
  2023-12-29 08:30:51 App\Events\FieldUpdated ................... 78.55ms DONE
  2023-12-29 08:31:08 App\Events\FieldUpdated ........................ RUNNING
  2023-12-29 08:31:08 App\Events\FieldUpdated ................... 36.12ms DONE
  2023-12-29 08:31:08 App\Events\FieldUpdated ........................ RUNNING
  2023-12-29 08:31:08 App\Events\FieldUpdated ................... 15.72ms DONE
  2023-12-29 08:31:14 App\Events\FieldUpdated ........................ RUNNING
  2023-12-29 08:31:14 App\Events\FieldUpdated ................... 39.16ms DONE
  2023-12-29 08:31:19 App\Events\FieldUpdated ........................ RUNNING
  2023-12-29 08:31:19 App\Events\FieldUpdated ................... 12.78ms DONE
  2023-12-29 08:31:27 App\Events\FieldUpdated ........................ RUNNING
  2023-12-29 08:31:27 App\Events\FieldUpdated ................... 12.75ms DONE
  2023-12-29 08:31:34 App\Events\FieldUpdated ........................ RUNNING
  2023-12-29 08:31:34 App\Events\FieldUpdated ................... 12.60ms DONE
  2023-12-29 08:31:41 App\Events\FieldUpdated ........................ RUNNING
  2023-12-29 08:31:41 App\Events\FieldUpdated ................... 67.41ms DONE
  2023-12-29 08:31:48 App\Events\FieldUpdated ........................ RUNNING
  2023-12-29 08:31:48 App\Events\FieldUpdated ................... 12.90ms DONE
  2023-12-29 08:31:54 App\Events\FieldUpdated ........................ RUNNING
  2023-12-29 08:31:54 App\Events\FieldUpdated ................... 14.58ms DONE
  2023-12-29 08:33:13 App\Events\FieldUpdated ........................ RUNNING
  2023-12-29 08:33:13 App\Events\FieldUpdated ................... 13.38ms DONE
  2023-12-29 08:33:33 App\Events\FieldUpdated ........................ RUNNING
  2023-12-29 08:33:33 App\Events\FieldUpdated ................... 75.73ms DONE
  2023-12-29 08:34:13 App\Events\ObjectUpdated ....................... RUNNING
  2023-12-29 08:34:13 App\Events\ObjectUpdated .................. 14.63ms DONE
  2023-12-29 08:34:14 App\Events\ObjectUpdated ....................... RUNNING
  2023-12-29 08:34:14 App\Events\ObjectUpdated ....................... RUNNING
  2023-12-29 08:34:14 App\Events\ObjectUpdated .................. 71.62ms DONE
  2023-12-29 08:34:14 App\Events\ObjectUpdated .................. 34.21ms DONE
  2023-12-29 08:38:00 App\Events\ObjectUpdated ....................... RUNNING
  2023-12-29 08:38:00 App\Events\ObjectUpdated .................. 35.06ms DONE
  2023-12-29 08:38:00 App\Events\ObjectUpdated ....................... RUNNING
  2023-12-29 08:38:00 App\Events\ObjectUpdated ................. 274.16ms DONE
  2023-12-29 08:38:20 App\Events\ObjectUpdated ....................... RUNNING
  2023-12-29 08:38:20 App\Events\ObjectUpdated ................. 157.82ms DONE
  2023-12-29 08:38:24 App\Events\ObjectUpdated ....................... RUNNING
  2023-12-29 08:38:24 App\Events\ObjectUpdated ................. 169.16ms DONE
  2023-12-29 08:38:24 App\Events\ObjectUpdated ....................... RUNNING
  2023-12-29 08:38:24 App\Events\ObjectUpdated .................. 13.09ms DONE
  2023-12-29 08:42:10 App\Events\ObjectUpdated ....................... RUNNING
  2023-12-29 08:42:10 App\Events\ObjectUpdated ................. 212.16ms DONE
  2023-12-29 08:42:11 App\Events\ObjectUpdated ....................... RUNNING
  2023-12-29 08:42:12 App\Events\ObjectUpdated ................. 300.71ms DONE
  2023-12-29 08:44:46 App\Events\ObjectUpdated ....................... RUNNING
  2023-12-29 08:44:46 App\Events\ObjectUpdated .................. 67.40ms DONE
  2023-12-29 08:44:47 App\Events\ObjectUpdated ....................... RUNNING
  2023-12-29 08:44:47 App\Events\ObjectUpdated .................. 74.18ms DONE
  2023-12-29 08:44:48 App\Events\ObjectUpdated ....................... RUNNING
  2023-12-29 08:44:48 App\Events\ObjectUpdated .................. 14.91ms DONE
  2023-12-29 08:44:48 App\Events\ObjectUpdated ....................... RUNNING
  2023-12-29 08:44:48 App\Events\ObjectUpdated .................. 18.19ms DONE
  2023-12-29 08:44:54 App\Events\FieldUpdated ........................ RUNNING
  2023-12-29 08:44:54 App\Events\FieldUpdated ................... 13.84ms DONE
  2023-12-29 08:44:57 App\Events\FieldUpdated ........................ RUNNING
  2023-12-29 08:44:57 App\Events\FieldUpdated ................... 13.36ms DONE
  2023-12-29 08:53:02 App\Events\FieldUpdated ........................ RUNNING
  2023-12-29 08:53:02 App\Events\FieldUpdated ................... 35.49ms DONE
  2023-12-29 08:55:23 App\Events\ObjectUpdated ....................... RUNNING
  2023-12-29 08:55:23 App\Events\ObjectUpdated ................. 212.32ms DONE
  2023-12-29 08:55:39 App\Events\ObjectUpdated ....................... RUNNING
  2023-12-29 08:55:39 App\Events\ObjectUpdated ................. 197.63ms DONE
  2023-12-29 08:56:55 App\Events\ObjectUpdated ....................... RUNNING
  2023-12-29 08:56:55 App\Events\ObjectUpdated ................. 206.03ms DONE
  2023-12-29 08:58:53 App\Events\FieldUpdated ........................ RUNNING
  2023-12-29 08:58:53 App\Events\FieldUpdated ................... 32.06ms DONE
  2023-12-29 08:59:15 App\Events\FieldUpdated ........................ RUNNING
  2023-12-29 08:59:15 App\Events\FieldUpdated ................... 13.66ms DONE
  2023-12-29 09:00:37 App\Events\ObjectUpdated ....................... RUNNING
  2023-12-29 09:00:37 App\Events\ObjectUpdated .................. 14.15ms DONE
  2023-12-29 09:00:37 App\Events\ObjectUpdated ....................... RUNNING
  2023-12-29 09:00:37 App\Events\ObjectUpdated .................. 15.01ms DONE
  2023-12-29 09:02:58 App\Events\FieldUpdated ........................ RUNNING
  2023-12-29 09:02:58 App\Events\FieldUpdated ................... 34.67ms DONE
  2023-12-29 09:02:58 App\Events\FieldUpdated ........................ RUNNING
  2023-12-29 09:02:58 App\Events\FieldUpdated ................... 34.88ms DONE
  2023-12-29 09:03:04 App\Events\FieldUpdated ........................ RUNNING
  2023-12-29 09:03:04 App\Events\FieldUpdated ................... 34.48ms DONE
  2023-12-29 09:12:37 Spatie\MediaLibrary\Conversions\Jobs\PerformConversionsJob  RUNNING
  2023-12-29 09:12:43 App\Events\ObjectUpdated ....................... RUNNING
  2023-12-29 09:12:43 App\Events\ObjectUpdated .................. 34.02ms DONE
  2023-12-29 09:12:46 App\Events\ObjectUpdated ....................... RUNNING
  2023-12-29 09:12:47 App\Events\ObjectUpdated .................. 17.19ms DONE
  2023-12-29 09:12:47 Spatie\MediaLibrary\Conversions\Jobs\PerformConversionsJob  10,577.18ms FAIL
  2023-12-29 09:12:47 Spatie\MediaLibrary\Conversions\Jobs\PerformConversionsJob  RUNNING
  2023-12-29 09:12:58 Spatie\MediaLibrary\Conversions\Jobs\PerformConversionsJob  10,464.59ms FAIL
  2023-12-29 09:12:58 Spatie\MediaLibrary\Conversions\Jobs\PerformConversionsJob  RUNNING
  2023-12-29 09:13:09 Spatie\MediaLibrary\Conversions\Jobs\PerformConversionsJob  11,143.97ms FAIL
  2023-12-29 09:14:22 App\Events\ObjectUpdated ....................... RUNNING
  2023-12-29 09:14:22 App\Events\ObjectUpdated ................. 193.74ms DONE
  2023-12-29 09:14:40 App\Events\ObjectUpdated ....................... RUNNING
  2023-12-29 09:14:40 App\Events\ObjectUpdated ....................... RUNNING
  2023-12-29 09:14:40 App\Events\ObjectUpdated ................. 195.27ms DONE
  2023-12-29 09:14:41 App\Events\ObjectUpdated ................. 216.54ms DONE
  2023-12-29 09:20:52 App\Events\ObjectUpdated ....................... RUNNING
  2023-12-29 09:20:52 App\Events\ObjectUpdated .................. 34.93ms DONE
  2023-12-29 09:20:55 App\Events\ObjectUpdated ....................... RUNNING
  2023-12-29 09:20:55 App\Events\ObjectUpdated .................. 26.92ms DONE
  2023-12-29 10:28:55 App\Events\ObjectUpdated ....................... RUNNING
  2023-12-29 10:28:55 App\Events\ObjectUpdated ................. 193.91ms DONE
  2023-12-29 10:28:55 App\Events\ObjectUpdated ....................... RUNNING
  2023-12-29 10:28:55 App\Events\ObjectUpdated .................. 43.59ms DONE
  2023-12-29 10:38:14 App\Events\ObjectUpdated ....................... RUNNING
  2023-12-29 10:38:14 App\Events\ObjectUpdated ................. 275.21ms DONE
  2023-12-29 10:38:33 App\Events\ObjectUpdated ....................... RUNNING
  2023-12-29 10:38:33 App\Events\ObjectUpdated ................. 181.93ms DONE
  2023-12-29 10:39:16 App\Events\ObjectUpdated ....................... RUNNING
  2023-12-29 10:39:16 App\Events\ObjectUpdated ................. 181.44ms DONE
  2023-12-29 10:39:25 App\Events\ObjectUpdated ....................... RUNNING
  2023-12-29 10:39:26 App\Events\ObjectUpdated ................. 195.03ms DONE
  2023-12-29 10:39:50 App\Events\ObjectUpdated ....................... RUNNING
  2023-12-29 10:39:50 App\Events\ObjectUpdated .................. 16.44ms DONE
  2023-12-29 10:39:51 App\Events\ObjectUpdated ....................... RUNNING
  2023-12-29 10:39:51 App\Events\ObjectUpdated .................. 31.97ms DONE
  2023-12-29 10:41:29 App\Events\ObjectUpdated ....................... RUNNING
  2023-12-29 10:41:29 App\Events\ObjectUpdated .................. 13.56ms DONE
  2023-12-29 10:41:30 App\Events\ObjectUpdated ....................... RUNNING
  2023-12-29 10:41:30 App\Events\ObjectUpdated .................. 32.97ms DONE
  2023-12-29 10:43:05 App\Events\ObjectUpdated ....................... RUNNING
  2023-12-29 10:43:05 App\Events\ObjectUpdated ................. 273.13ms DONE
  2023-12-29 10:43:11 App\Events\ObjectUpdated ....................... RUNNING
  2023-12-29 10:43:11 App\Events\ObjectUpdated .................. 13.96ms DONE
  2023-12-29 10:43:11 App\Events\ObjectUpdated ....................... RUNNING
  2023-12-29 10:43:11 App\Events\ObjectUpdated .................. 14.41ms DONE
  2023-12-29 10:50:36 App\Events\ObjectUpdated ....................... RUNNING
  2023-12-29 10:50:36 App\Events\ObjectUpdated .................. 81.64ms DONE
  2023-12-29 10:50:36 App\Events\ObjectUpdated ....................... RUNNING
  2023-12-29 10:50:36 App\Events\ObjectUpdated .................. 41.15ms DONE
  2023-12-29 10:58:11 App\Events\ObjectUpdated ....................... RUNNING
  2023-12-29 10:58:12 App\Events\ObjectUpdated ................. 310.36ms DONE
  2023-12-29 11:01:47 App\Events\ObjectUpdated ....................... RUNNING
  2023-12-29 11:01:47 App\Events\ObjectUpdated .................. 82.29ms DONE
  2023-12-29 11:01:48 App\Events\ObjectUpdated ....................... RUNNING
  2023-12-29 11:01:48 App\Events\ObjectUpdated .................. 72.00ms DONE
  2023-12-29 11:03:01 App\Events\ObjectUpdated ....................... RUNNING
  2023-12-29 11:03:01 App\Events\ObjectUpdated .................. 77.36ms DONE
  2023-12-29 11:03:41 App\Events\ObjectUpdated ....................... RUNNING
  2023-12-29 11:03:41 App\Events\ObjectUpdated .................. 55.71ms DONE
  2023-12-29 11:08:08 App\Events\ObjectUpdated ....................... RUNNING
  2023-12-29 11:08:08 App\Events\ObjectUpdated .................. 89.09ms DONE
  2023-12-29 11:08:28 App\Events\ObjectUpdated ....................... RUNNING
  2023-12-29 11:08:28 App\Events\ObjectUpdated ................. 117.20ms DONE
  2023-12-29 11:09:07 App\Events\ObjectUpdated ....................... RUNNING
  2023-12-29 11:09:07 App\Events\ObjectUpdated .................. 58.92ms DONE
  2023-12-29 11:46:05 App\Events\FieldUpdated ........................ RUNNING
  2023-12-29 11:46:05 App\Events\FieldUpdated ................... 32.75ms DONE
  2023-12-29 11:46:30 App\Events\FieldUpdated ........................ RUNNING
  2023-12-29 11:46:30 App\Events\FieldUpdated ................... 37.73ms DONE
  2023-12-29 11:53:51 App\Events\FieldUpdated ........................ RUNNING
  2023-12-29 11:53:51 App\Events\FieldUpdated ................... 35.09ms DONE
  2023-12-29 11:58:50 App\Events\FieldUpdated ........................ RUNNING
  2023-12-29 11:58:51 App\Events\FieldUpdated ................... 79.60ms DONE
  2023-12-29 12:02:18 App\Events\FieldUpdated ........................ RUNNING
  2023-12-29 12:02:19 App\Events\FieldUpdated ................... 78.67ms DONE
  2023-12-29 12:04:06 App\Events\FieldUpdated ........................ RUNNING
  2023-12-29 12:04:06 App\Events\FieldUpdated ................... 35.57ms DONE
  2023-12-29 12:04:29 App\Events\FieldUpdated ........................ RUNNING
  2023-12-29 12:04:29 App\Events\FieldUpdated ................... 84.68ms DONE
  2023-12-29 12:04:39 App\Events\FieldUpdated ........................ RUNNING
  2023-12-29 12:04:39 App\Events\FieldUpdated ................... 14.43ms DONE
  2023-12-29 12:05:07 App\Events\FieldUpdated ........................ RUNNING
  2023-12-29 12:05:07 App\Events\FieldUpdated ................... 14.75ms DONE
  2023-12-29 12:51:39 App\Events\ObjectUpdated ....................... RUNNING
  2023-12-29 12:51:39 App\Events\ObjectUpdated .................. 32.41ms DONE
  2023-12-29 12:51:41 App\Events\ObjectUpdated ....................... RUNNING
  2023-12-29 12:51:41 App\Events\ObjectUpdated ................. 127.54ms DONE
  2023-12-29 13:17:49 App\Events\ObjectUpdated ....................... RUNNING
  2023-12-29 13:17:49 App\Events\ObjectUpdated .................. 66.19ms DONE
  2023-12-29 13:17:50 App\Events\ObjectUpdated ....................... RUNNING
  2023-12-29 13:17:50 App\Events\ObjectUpdated .................. 34.75ms DONE
  2023-12-29 13:18:35 Spatie\MediaLibrary\Conversions\Jobs\PerformConversionsJob  RUNNING
  2023-12-29 13:18:35 Spatie\MediaLibrary\Conversions\Jobs\PerformConversionsJob  32.22ms DONE
  2023-12-29 13:18:38 App\Events\FieldUpdated ........................ RUNNING
  2023-12-29 13:18:38 App\Events\FieldUpdated ................... 12.94ms DONE
  2023-12-29 13:41:53 App\Events\ObjectUpdated ....................... RUNNING
  2023-12-29 13:41:53 App\Events\ObjectUpdated .................. 69.05ms DONE
  2023-12-29 13:41:55 App\Events\ObjectUpdated ....................... RUNNING
  2023-12-29 13:41:55 App\Events\ObjectUpdated .................. 36.15ms DONE
  2023-12-29 13:44:55 App\Events\ObjectUpdated ....................... RUNNING
  2023-12-29 13:44:55 App\Events\ObjectUpdated .................. 64.49ms DONE
  2023-12-29 13:44:56 App\Events\ObjectUpdated ....................... RUNNING
  2023-12-29 13:44:56 App\Events\ObjectUpdated .................. 70.44ms DONE
  2023-12-29 13:50:50 App\Events\ObjectUpdated ....................... RUNNING
  2023-12-29 13:50:50 App\Events\ObjectUpdated .................. 71.26ms DONE
  2023-12-29 13:50:52 App\Events\ObjectUpdated ....................... RUNNING
  2023-12-29 13:50:52 App\Events\ObjectUpdated .................. 33.36ms DONE
  2023-12-29 13:51:07 App\Events\ObjectUpdated ....................... RUNNING
  2023-12-29 13:51:07 App\Events\ObjectUpdated .................. 72.98ms DONE
  2023-12-29 13:51:08 App\Events\ObjectUpdated ....................... RUNNING
  2023-12-29 13:51:08 App\Events\ObjectUpdated .................. 13.49ms DONE
  2023-12-29 13:53:59 App\Events\ObjectUpdated ....................... RUNNING
  2023-12-29 13:53:59 App\Events\ObjectUpdated .................. 69.92ms DONE
  2023-12-29 13:54:01 App\Events\ObjectUpdated ....................... RUNNING
  2023-12-29 13:54:01 App\Events\ObjectUpdated .................. 77.62ms DONE
  2023-12-29 14:19:53 App\Events\FieldUpdated ........................ RUNNING
  2023-12-29 14:19:53 App\Events\FieldUpdated ................... 30.53ms DONE
  2023-12-29 14:23:32 App\Events\FieldUpdated ........................ RUNNING
  2023-12-29 14:23:32 App\Events\FieldUpdated ................... 73.30ms DONE
  2023-12-29 14:25:31 App\Events\ObjectUpdated ....................... RUNNING
  2023-12-29 14:25:31 App\Events\ObjectUpdated .................. 90.59ms DONE
  2023-12-29 15:22:51 App\Events\FieldUpdated ........................ RUNNING
  2023-12-29 15:22:51 App\Events\FieldUpdated ................... 32.35ms DONE
  2023-12-29 15:31:20 App\Events\FieldUpdated ........................ RUNNING
  2023-12-29 15:31:20 App\Events\FieldUpdated ................... 71.59ms DONE
  2023-12-29 15:49:18 Spatie\MediaLibrary\Conversions\Jobs\PerformConversionsJob  RUNNING
  2023-12-29 15:49:25 Spatie\MediaLibrary\Conversions\Jobs\PerformConversionsJob  RUNNING
  2023-12-29 15:49:25 Spatie\MediaLibrary\Conversions\Jobs\PerformConversionsJob  30.66ms DONE
  2023-12-29 15:49:28 Spatie\MediaLibrary\Conversions\Jobs\PerformConversionsJob  10,108.53ms FAIL
  2023-12-29 15:49:28 Spatie\MediaLibrary\Conversions\Jobs\PerformConversionsJob  RUNNING
  2023-12-29 15:49:38 Spatie\MediaLibrary\Conversions\Jobs\PerformConversionsJob  10,190.86ms FAIL
  2023-12-29 15:49:38 Spatie\MediaLibrary\Conversions\Jobs\PerformConversionsJob  RUNNING
  2023-12-29 15:49:49 Spatie\MediaLibrary\Conversions\Jobs\PerformConversionsJob  10,552.28ms FAIL
  2023-12-29 15:56:13 Spatie\MediaLibrary\Conversions\Jobs\PerformConversionsJob  RUNNING
  2023-12-29 15:56:13 Spatie\MediaLibrary\Conversions\Jobs\PerformConversionsJob  32.95ms DONE
  2023-12-29 15:56:59 App\Events\FieldUpdated ........................ RUNNING
  2023-12-29 15:56:59 App\Events\FieldUpdated ................... 34.83ms DONE
  2023-12-29 15:58:24 App\Events\ObjectUpdated ....................... RUNNING
  2023-12-29 15:58:24 App\Events\ObjectUpdated .................. 13.23ms DONE
  2023-12-29 15:58:27 App\Events\ObjectUpdated ....................... RUNNING
  2023-12-29 15:58:27 App\Events\ObjectUpdated .................. 35.90ms DONE
  2023-12-29 15:58:46 App\Events\ObjectUpdated ....................... RUNNING
  2023-12-29 15:58:46 App\Events\ObjectUpdated .................. 31.64ms DONE
  2023-12-29 15:58:48 App\Events\ObjectUpdated ....................... RUNNING
  2023-12-29 15:58:48 App\Events\ObjectUpdated .................. 15.44ms DONE
  2023-12-29 16:09:56 App\Events\ObjectUpdated ....................... RUNNING
  2023-12-29 16:09:56 App\Events\ObjectUpdated .................. 36.47ms DONE
  2023-12-29 16:09:57 App\Events\ObjectUpdated ....................... RUNNING
  2023-12-29 16:09:57 App\Events\ObjectUpdated .................. 35.83ms DONE
  2023-12-29 16:10:06 App\Events\ObjectUpdated ....................... RUNNING
  2023-12-29 16:10:06 App\Events\ObjectUpdated .................. 15.27ms DONE
  2023-12-29 16:10:09 App\Events\ObjectUpdated ....................... RUNNING
  2023-12-29 16:10:09 App\Events\ObjectUpdated .................. 14.61ms DONE
  2023-12-29 16:10:09 App\Events\FieldUpdated ........................ RUNNING
  2023-12-29 16:10:09 App\Events\FieldUpdated ................... 32.60ms DONE
  2023-12-29 16:10:12 App\Events\FieldUpdated ........................ RUNNING
  2023-12-29 16:10:12 App\Events\FieldUpdated ................... 11.85ms DONE
  2023-12-29 16:10:18 App\Events\ObjectUpdated ....................... RUNNING
  2023-12-29 16:10:18 App\Events\ObjectUpdated .................. 12.87ms DONE
  2023-12-29 16:10:18 App\Events\ObjectUpdated ....................... RUNNING
  2023-12-29 16:10:18 App\Events\ObjectUpdated .................. 13.75ms DONE
  2023-12-29 16:10:52 App\Events\ObjectUpdated ....................... RUNNING
  2023-12-29 16:10:52 App\Events\ObjectUpdated .................. 18.61ms DONE
  2023-12-29 16:10:55 App\Events\ObjectUpdated ....................... RUNNING
  2023-12-29 16:10:55 App\Events\ObjectUpdated .................. 31.95ms DONE
  2023-12-29 16:10:55 App\Events\ObjectUpdated ....................... RUNNING
  2023-12-29 16:10:55 App\Events\ObjectUpdated .................. 14.88ms DONE
  2023-12-29 16:10:55 App\Events\ObjectUpdated ....................... RUNNING
  2023-12-29 16:10:55 App\Events\ObjectUpdated .................. 33.04ms DONE
  2023-12-29 16:10:55 App\Events\ObjectUpdated ....................... RUNNING
  2023-12-29 16:10:55 App\Events\ObjectUpdated .................. 26.28ms DONE
  2023-12-29 16:10:55 App\Events\ObjectUpdated ....................... RUNNING
  2023-12-29 16:10:55 App\Events\ObjectUpdated .................. 26.52ms DONE
  2023-12-29 16:12:08 App\Events\FieldUpdated ........................ RUNNING
  2023-12-29 16:12:08 App\Events\FieldUpdated ................... 31.22ms DONE
  2023-12-29 16:12:17 App\Events\FieldUpdated ........................ RUNNING
  2023-12-29 16:12:17 App\Events\FieldUpdated ................... 14.79ms DONE
  2023-12-29 16:12:55 App\Events\ObjectUpdated ....................... RUNNING
  2023-12-29 16:12:55 App\Events\ObjectUpdated .................. 13.94ms DONE
  2023-12-29 16:12:55 App\Events\ObjectUpdated ....................... RUNNING
  2023-12-29 16:12:55 App\Events\ObjectUpdated .................. 33.42ms DONE
  2023-12-29 16:13:01 App\Events\FieldUpdated ........................ RUNNING
  2023-12-29 16:13:01 App\Events\FieldUpdated ................... 14.21ms DONE
  2023-12-29 16:13:10 Spatie\MediaLibrary\Conversions\Jobs\PerformConversionsJob  RUNNING
  2023-12-29 16:13:10 Spatie\MediaLibrary\Conversions\Jobs\PerformConversionsJob  143.06ms DONE
  2023-12-29 16:13:19 App\Events\ObjectUpdated ....................... RUNNING
  2023-12-29 16:13:19 App\Events\ObjectUpdated .................. 18.02ms DONE
  2023-12-29 16:13:19 App\Events\ObjectUpdated ....................... RUNNING
  2023-12-29 16:13:19 App\Events\ObjectUpdated .................. 15.82ms DONE
  2023-12-29 16:13:20 App\Events\ObjectUpdated ....................... RUNNING
  2023-12-29 16:13:20 App\Events\ObjectUpdated .................. 16.06ms DONE
  2023-12-29 16:13:20 App\Events\ObjectUpdated ....................... RUNNING
  2023-12-29 16:13:20 App\Events\ObjectUpdated ....................... RUNNING
  2023-12-29 16:13:20 App\Events\ObjectUpdated ....................... RUNNING
  2023-12-29 16:13:20 App\Events\ObjectUpdated .................. 33.96ms DONE
  2023-12-29 16:13:20 App\Events\ObjectUpdated .................. 16.64ms DONE
  2023-12-29 16:13:20 App\Events\ObjectUpdated .................. 16.13ms DONE
  2023-12-29 16:13:20 App\Events\ObjectUpdated ....................... RUNNING
  2023-12-29 16:13:20 App\Events\ObjectUpdated .................. 15.05ms DONE
  2023-12-29 16:13:59 App\Events\ObjectUpdated ....................... RUNNING
  2023-12-29 16:13:59 App\Events\ObjectUpdated .................. 12.70ms DONE
  2023-12-29 16:14:02 App\Events\ObjectUpdated ....................... RUNNING
  2023-12-29 16:14:02 App\Events\ObjectUpdated .................. 17.02ms DONE
  2023-12-31 01:52:08 App\Events\FieldUpdated ........................ RUNNING
  2023-12-31 01:52:08 App\Events\FieldUpdated ................... 34.43ms DONE
  2023-12-31 01:53:41 App\Events\FieldUpdated ........................ RUNNING
  2023-12-31 01:53:41 App\Events\FieldUpdated ................... 33.53ms DONE
  2023-12-31 01:53:55 App\Events\FieldUpdated ........................ RUNNING
  2023-12-31 01:53:55 App\Events\FieldUpdated ................... 14.34ms DONE
  2023-12-31 02:00:35 App\Events\ObjectUpdated ....................... RUNNING
  2023-12-31 02:00:35 App\Events\ObjectUpdated .................. 66.51ms DONE
  2023-12-31 02:00:37 App\Events\ObjectUpdated ....................... RUNNING
  2023-12-31 02:00:37 App\Events\ObjectUpdated .................. 32.74ms DONE
  2023-12-31 02:00:51 App\Events\ObjectUpdated ....................... RUNNING
  2023-12-31 02:00:51 App\Events\ObjectUpdated .................. 32.69ms DONE
  2023-12-31 02:00:52 App\Events\ObjectUpdated ....................... RUNNING
  2023-12-31 02:00:52 App\Events\ObjectUpdated .................. 17.14ms DONE
  2023-12-31 02:01:30 App\Events\ObjectUpdated ....................... RUNNING
  2023-12-31 02:01:30 App\Events\ObjectUpdated .................. 14.84ms DONE
  2023-12-31 02:01:32 App\Events\ObjectUpdated ....................... RUNNING
  2023-12-31 02:01:32 App\Events\ObjectUpdated ................. 338.11ms DONE
  2023-12-31 02:02:46 App\Events\ObjectUpdated ....................... RUNNING
  2023-12-31 02:02:46 App\Events\ObjectUpdated .................. 13.92ms DONE
  2023-12-31 02:02:47 App\Events\ObjectUpdated ....................... RUNNING
  2023-12-31 02:02:47 App\Events\ObjectUpdated ................. 267.77ms DONE
  2023-12-31 02:02:52 App\Events\ObjectUpdated ....................... RUNNING
  2023-12-31 02:02:53 App\Events\ObjectUpdated ................. 292.23ms DONE
  2023-12-31 02:02:53 App\Events\ObjectUpdated ....................... RUNNING
  2023-12-31 02:02:53 App\Events\ObjectUpdated ................. 304.83ms DONE
  2023-12-31 02:03:41 App\Events\ObjectUpdated ....................... RUNNING
  2023-12-31 02:03:41 App\Events\ObjectUpdated ................. 262.07ms DONE
  2023-12-31 02:03:41 App\Events\ObjectUpdated ....................... RUNNING
  2023-12-31 02:03:41 App\Events\ObjectUpdated .................. 14.09ms DONE
  2023-12-31 02:10:57 App\Events\ObjectUpdated ....................... RUNNING
  2023-12-31 02:10:57 App\Events\ObjectUpdated .................. 73.95ms DONE
  2023-12-31 02:10:58 App\Events\ObjectUpdated ....................... RUNNING
  2023-12-31 02:10:58 App\Events\ObjectUpdated .................. 32.79ms DONE
  2023-12-31 02:11:34 App\Events\ObjectUpdated ....................... RUNNING
  2023-12-31 02:11:34 App\Events\ObjectUpdated .................. 13.78ms DONE
  2023-12-31 02:11:37 App\Events\ObjectUpdated ....................... RUNNING
  2023-12-31 02:11:37 App\Events\ObjectUpdated .................. 13.74ms DONE
  2023-12-31 02:12:11 App\Events\FieldUpdated ........................ RUNNING
  2023-12-31 02:12:11 App\Events\FieldUpdated ................... 12.24ms DONE
  2023-12-31 02:12:11 App\Events\ObjectUpdated ....................... RUNNING
  2023-12-31 02:12:11 App\Events\ObjectUpdated .................. 33.76ms DONE
  2023-12-31 02:12:14 App\Events\ObjectUpdated ....................... RUNNING
  2023-12-31 02:12:14 App\Events\ObjectUpdated .................. 13.75ms DONE
  2023-12-31 02:12:45 App\Events\ObjectUpdated ....................... RUNNING
  2023-12-31 02:12:45 App\Events\ObjectUpdated .................. 12.13ms DONE
  2023-12-31 02:12:47 App\Events\ObjectUpdated ....................... RUNNING
  2023-12-31 02:12:47 App\Events\ObjectUpdated .................. 27.83ms DONE
  2023-12-31 02:15:32 App\Events\ObjectUpdated ....................... RUNNING
  2023-12-31 02:15:32 App\Events\ObjectUpdated .................. 33.54ms DONE
  2023-12-31 02:15:35 App\Events\ObjectUpdated ....................... RUNNING
  2023-12-31 02:15:35 App\Events\ObjectUpdated .................. 36.58ms DONE
  2023-12-31 02:24:44 App\Events\ObjectUpdated ....................... RUNNING
  2023-12-31 02:24:44 App\Events\ObjectUpdated .................. 62.27ms DONE
  2023-12-31 02:24:45 App\Events\ObjectUpdated ....................... RUNNING
  2023-12-31 02:24:45 App\Events\ObjectUpdated .................. 34.20ms DONE
  2023-12-31 02:24:45 App\Events\ObjectUpdated ....................... RUNNING
  2023-12-31 02:24:45 App\Events\ObjectUpdated .................. 12.34ms DONE
  2023-12-31 02:24:45 App\Events\ObjectUpdated ....................... RUNNING
  2023-12-31 02:24:45 App\Events\ObjectUpdated .................. 15.13ms DONE
  2023-12-31 02:35:12 App\Events\FieldUpdated ........................ RUNNING
  2023-12-31 02:35:12 App\Events\FieldUpdated ................... 68.79ms DONE
  2023-12-31 02:35:19 App\Events\FieldUpdated ........................ RUNNING
  2023-12-31 02:35:19 App\Events\FieldUpdated ................... 34.78ms DONE
  2023-12-31 02:35:24 App\Events\ObjectUpdated ....................... RUNNING
  2023-12-31 02:35:24 App\Events\ObjectUpdated .................. 36.08ms DONE
  2023-12-31 02:35:25 App\Events\ObjectUpdated ....................... RUNNING
  2023-12-31 02:35:25 App\Events\ObjectUpdated .................. 35.34ms DONE
  2023-12-31 02:35:44 App\Events\FieldUpdated ........................ RUNNING
  2023-12-31 02:35:44 App\Events\FieldUpdated ................... 12.25ms DONE
  2023-12-31 02:35:52 App\Events\FieldUpdated ........................ RUNNING
  2023-12-31 02:35:52 App\Events\FieldUpdated ................... 14.64ms DONE
  2024-01-01 18:03:12 App\Events\ObjectUpdated ....................... RUNNING
  2024-01-01 18:03:12 App\Events\ObjectUpdated .................. 70.27ms DONE
  2024-01-01 18:03:12 App\Events\ObjectUpdated ....................... RUNNING
  2024-01-01 18:03:12 App\Events\ObjectUpdated .................. 15.04ms DONE
  2024-01-09 07:31:34 App\Events\ObjectUpdated ....................... RUNNING
  2024-01-09 07:31:34 App\Events\ObjectUpdated .................. 32.43ms DONE
  2024-01-09 07:31:35 App\Events\ObjectUpdated ....................... RUNNING
  2024-01-09 07:31:35 App\Events\ObjectUpdated .................. 87.22ms DONE
  2024-01-09 07:32:09 App\Events\ObjectUpdated ....................... RUNNING
  2024-01-09 07:32:09 App\Events\ObjectUpdated .................. 68.66ms DONE
  2024-01-09 07:32:10 App\Events\ObjectUpdated ....................... RUNNING
  2024-01-09 07:32:10 App\Events\ObjectUpdated .................. 92.92ms DONE
  2024-01-09 08:09:37 App\Events\ObjectUpdated ....................... RUNNING
  2024-01-09 08:09:37 App\Events\ObjectUpdated .................. 36.87ms DONE
  2024-01-09 08:09:37 App\Events\ObjectUpdated ....................... RUNNING
  2024-01-09 08:09:37 App\Events\ObjectUpdated ................. 110.50ms DONE
  2024-01-09 09:12:46 App\Events\FieldUpdated ........................ RUNNING
  2024-01-09 09:12:46 App\Events\FieldUpdated ................... 76.92ms DONE
  2024-01-09 09:18:42 App\Events\ObjectUpdated ....................... RUNNING
  2024-01-09 09:18:43 App\Events\ObjectUpdated ....................... RUNNING
  2024-01-09 09:18:43 App\Events\ObjectUpdated  2024-01-09 09:18:43 App\Events\ObjectUpdated .................. 67.95ms DONE
 .................. 96.19ms DONE
  2024-01-09 09:24:21 App\Events\FieldUpdated ........................ RUNNING
  2024-01-09 09:24:21 App\Events\FieldUpdated ................... 35.22ms DONE
  2024-01-09 09:24:27 App\Events\FieldUpdated ........................ RUNNING
  2024-01-09 09:24:27 App\Events\FieldUpdated ................... 71.62ms DONE
  2024-01-09 09:24:36 App\Events\ObjectUpdated ....................... RUNNING
  2024-01-09 09:24:36 App\Events\ObjectUpdated .................. 35.90ms DONE
  2024-01-09 09:24:39 App\Events\ObjectUpdated ....................... RUNNING
  2024-01-09 09:24:39 App\Events\ObjectUpdated .................. 23.82ms DONE
  2024-01-09 09:28:01 App\Events\ObjectUpdated ....................... RUNNING
  2024-01-09 09:28:01 App\Events\ObjectUpdated .................. 33.37ms DONE
  2024-01-09 09:28:01 App\Events\ObjectUpdated ....................... RUNNING
  2024-01-09 09:28:01 App\Events\ObjectUpdated .................. 92.79ms DONE
  2024-01-09 09:30:24 App\Events\ObjectUpdated ....................... RUNNING
  2024-01-09 09:30:24 App\Events\ObjectUpdated .................. 37.10ms DONE
  2024-01-09 09:30:25 App\Events\ObjectUpdated ....................... RUNNING
  2024-01-09 09:30:25 App\Events\ObjectUpdated ................. 101.40ms DONE
  2024-01-09 09:33:03 App\Events\ObjectUpdated ....................... RUNNING
  2024-01-09 09:33:03 App\Events\ObjectUpdated .................. 35.61ms DONE
  2024-01-09 09:33:03 App\Events\ObjectUpdated ....................... RUNNING
  2024-01-09 09:33:04 App\Events\ObjectUpdated ................. 110.58ms DONE
  2024-01-09 09:33:15 App\Events\ObjectUpdated ....................... RUNNING
  2024-01-09 09:33:15 App\Events\ObjectUpdated .................. 30.82ms DONE
  2024-01-09 09:33:16 App\Events\ObjectUpdated ....................... RUNNING
  2024-01-09 09:33:16 App\Events\ObjectUpdated ................. 105.79ms DONE
  2024-01-09 09:42:43 App\Events\ObjectUpdated ....................... RUNNING
  2024-01-09 09:42:43 App\Events\ObjectUpdated .................. 31.32ms DONE
  2024-01-09 09:42:43 App\Events\ObjectUpdated ....................... RUNNING
  2024-01-09 09:42:43 App\Events\ObjectUpdated ................. 107.44ms DONE
  2024-01-09 09:44:14 App\Events\ObjectUpdated ....................... RUNNING
  2024-01-09 09:44:14 App\Events\ObjectUpdated .................. 79.46ms DONE
  2024-01-09 09:44:15 App\Events\ObjectUpdated ....................... RUNNING
  2024-01-09 09:44:15 App\Events\ObjectUpdated ................. 100.11ms DONE
  2024-01-09 09:45:10 App\Events\ObjectUpdated ....................... RUNNING
  2024-01-09 09:45:10 App\Events\ObjectUpdated .................. 77.44ms DONE
  2024-01-09 09:45:10 App\Events\ObjectUpdated ....................... RUNNING
  2024-01-09 09:45:10 App\Events\ObjectUpdated ................. 103.96ms DONE
  2024-01-09 09:45:34 App\Events\ObjectUpdated ....................... RUNNING
  2024-01-09 09:45:34 App\Events\ObjectUpdated .................. 13.82ms DONE
  2024-01-09 09:45:37 App\Events\ObjectUpdated ....................... RUNNING
  2024-01-09 09:45:37 App\Events\ObjectUpdated .................. 20.98ms DONE
  2024-01-09 09:45:47 App\Events\ObjectUpdated ....................... RUNNING
  2024-01-09 09:45:47 App\Events\ObjectUpdated ................. 155.83ms DONE
  2024-01-09 10:29:10 App\Events\ObjectUpdated ....................... RUNNING
  2024-01-09 10:29:10 App\Events\ObjectUpdated .................. 43.20ms DONE
  2024-01-09 10:29:13 App\Events\ObjectUpdated ....................... RUNNING
  2024-01-09 10:29:13 App\Events\ObjectUpdated .................. 15.67ms DONE
  2024-01-09 10:42:40 App\Events\ObjectUpdated ....................... RUNNING
  2024-01-09 10:42:40 App\Events\ObjectUpdated .................. 33.70ms DONE
  2024-01-09 10:42:43 App\Events\ObjectUpdated ....................... RUNNING
  2024-01-09 10:42:43 App\Events\ObjectUpdated .................. 17.92ms DONE
  2024-01-09 10:49:11 App\Events\ObjectUpdated ....................... RUNNING
  2024-01-09 10:49:11 App\Events\ObjectUpdated .................. 72.90ms DONE
  2024-01-09 10:50:09 App\Events\ObjectUpdated ....................... RUNNING
  2024-01-09 10:50:09 App\Events\ObjectUpdated .................. 38.14ms DONE
  2024-01-09 10:50:09 App\Events\ObjectUpdated ....................... RUNNING
  2024-01-09 10:50:09 App\Events\ObjectUpdated .................. 74.40ms DONE
  2024-01-09 11:12:49 App\Events\ObjectUpdated ....................... RUNNING
  2024-01-09 11:12:49 App\Events\ObjectUpdated .................. 72.58ms DONE
  2024-01-09 11:12:49 App\Events\ObjectUpdated ....................... RUNNING
  2024-01-09 11:12:49 App\Events\ObjectUpdated .................. 74.78ms DONE
  2024-01-09 11:12:58 App\Events\ObjectUpdated ....................... RUNNING
  2024-01-09 11:12:58 App\Events\ObjectUpdated .................. 45.81ms DONE
  2024-01-09 11:13:08 App\Events\ObjectUpdated ....................... RUNNING
  2024-01-09 11:13:08 App\Events\ObjectUpdated .................. 13.88ms DONE
  2024-01-09 11:13:10 App\Events\ObjectUpdated ....................... RUNNING
  2024-01-09 11:13:10 App\Events\ObjectUpdated .................. 31.91ms DONE
  2024-01-09 11:13:44 App\Events\ObjectUpdated ....................... RUNNING
  2024-01-09 11:13:44 App\Events\ObjectUpdated .................. 68.26ms DONE
  2024-01-09 11:13:47 App\Events\ObjectUpdated ....................... RUNNING
  2024-01-09 11:13:47 App\Events\ObjectUpdated .................. 16.97ms DONE
  2024-01-09 11:14:42 App\Events\ObjectUpdated ....................... RUNNING
  2024-01-09 11:14:42 App\Events\ObjectUpdated .................. 14.28ms DONE
  2024-01-09 11:14:45 App\Events\ObjectUpdated ....................... RUNNING
  2024-01-09 11:14:45 App\Events\ObjectUpdated .................. 16.04ms DONE
  2024-01-09 11:14:51 App\Events\ObjectUpdated ....................... RUNNING
  2024-01-09 11:14:51 App\Events\ObjectUpdated .................. 44.97ms DONE
  2024-01-09 11:15:37 App\Events\ObjectUpdated ....................... RUNNING
  2024-01-09 11:15:37 App\Events\ObjectUpdated .................. 15.73ms DONE
  2024-01-09 11:15:40 App\Events\ObjectUpdated ....................... RUNNING
  2024-01-09 11:15:40 App\Events\ObjectUpdated .................. 35.92ms DONE
  2024-01-09 11:15:49 App\Events\ObjectUpdated ....................... RUNNING
  2024-01-09 11:15:49 App\Events\ObjectUpdated .................. 34.87ms DONE
  2024-01-09 11:15:52 App\Events\ObjectUpdated ....................... RUNNING
  2024-01-09 11:15:52 App\Events\ObjectUpdated .................. 15.99ms DONE
  2024-01-09 12:09:43 App\Events\ObjectUpdated ....................... RUNNING
  2024-01-09 12:09:43 App\Events\ObjectUpdated ................. 120.85ms DONE
  2024-01-09 12:09:46 App\Events\ObjectUpdated ....................... RUNNING
  2024-01-09 12:09:46 App\Events\ObjectUpdated .................. 76.80ms DONE
  2024-01-09 12:11:52 App\Events\ObjectUpdated ....................... RUNNING
  2024-01-09 12:11:52 App\Events\ObjectUpdated .................. 77.36ms DONE
  2024-01-09 12:11:55 App\Events\ObjectUpdated ....................... RUNNING
  2024-01-09 12:11:55 App\Events\ObjectUpdated .................. 77.08ms DONE
  2024-01-09 12:17:03 App\Events\FieldUpdated ........................ RUNNING
  2024-01-09 12:17:03 App\Events\FieldUpdated ................... 36.68ms DONE
  2024-01-09 12:38:09 App\Events\ObjectUpdated ....................... RUNNING
  2024-01-09 12:38:09 App\Events\ObjectUpdated .................. 35.21ms DONE
  2024-01-09 13:48:52 App\Events\ObjectUpdated ....................... RUNNING
  2024-01-09 13:48:52 App\Events\ObjectUpdated ................. 328.41ms DONE
  2024-01-09 13:48:55 App\Events\ObjectUpdated ....................... RUNNING
  2024-01-09 13:48:55 App\Events\ObjectUpdated .................. 35.75ms DONE
  2024-01-09 14:31:00 App\Events\ObjectUpdated ....................... RUNNING
  2024-01-09 14:31:00 App\Events\ObjectUpdated .................. 33.38ms DONE
  2024-01-09 14:31:02 App\Events\ObjectUpdated ....................... RUNNING
  2024-01-09 14:31:02 App\Events\ObjectUpdated .................. 36.41ms DONE
  2024-01-09 14:39:54 App\Events\ObjectUpdated ....................... RUNNING
  2024-01-09 14:39:54 App\Events\ObjectUpdated .................. 78.23ms DONE
  2024-01-09 14:39:57 App\Events\ObjectUpdated ....................... RUNNING
  2024-01-09 14:39:57 App\Events\ObjectUpdated .................. 15.58ms DONE
  2024-01-09 14:56:57 App\Events\ObjectUpdated ....................... RUNNING
  2024-01-09 14:56:57 App\Events\ObjectUpdated .................. 35.23ms DONE
  2024-01-09 14:56:58 App\Events\ObjectUpdated ....................... RUNNING
  2024-01-09 14:56:58 App\Events\ObjectUpdated .................. 37.59ms DONE
  2024-01-09 15:02:54 App\Events\ObjectUpdated ....................... RUNNING
  2024-01-09 15:02:54 App\Events\ObjectUpdated .................. 31.56ms DONE
  2024-01-09 15:02:58 App\Events\ObjectUpdated ....................... RUNNING
  2024-01-09 15:02:58 App\Events\ObjectUpdated .................. 18.72ms DONE
  2024-01-09 15:03:11 App\Events\ObjectUpdated ....................... RUNNING
  2024-01-09 15:03:11 App\Events\ObjectUpdated .................. 35.06ms DONE
  2024-01-09 15:03:14 App\Events\ObjectUpdated ....................... RUNNING
  2024-01-09 15:03:14 App\Events\ObjectUpdated .................. 15.29ms DONE
  2024-01-09 15:03:34 App\Events\ObjectUpdated ....................... RUNNING
  2024-01-09 15:03:34 App\Events\ObjectUpdated .................. 58.60ms DONE
  2024-01-09 15:15:14 App\Events\ObjectUpdated ....................... RUNNING
  2024-01-09 15:15:14 App\Events\ObjectUpdated .................. 34.37ms DONE
  2024-01-09 15:15:15 App\Events\ObjectUpdated ....................... RUNNING
  2024-01-09 15:15:15 App\Events\ObjectUpdated .................. 36.93ms DONE
  2024-01-09 15:31:45 App\Events\ObjectUpdated ....................... RUNNING
  2024-01-09 15:31:45 App\Events\ObjectUpdated .................. 34.01ms DONE
  2024-01-09 15:31:47 App\Events\ObjectUpdated ....................... RUNNING
  2024-01-09 15:31:47 App\Events\ObjectUpdated .................. 79.64ms DONE
  2024-01-09 15:37:44 App\Events\ObjectUpdated ....................... RUNNING
  2024-01-09 15:37:44 App\Events\ObjectUpdated .................. 35.53ms DONE
  2024-01-09 15:37:44 App\Events\ObjectUpdated ....................... RUNNING
  2024-01-09 15:37:45 App\Events\ObjectUpdated .................. 70.27ms DONE
  2024-01-09 15:39:16 App\Events\ObjectUpdated ....................... RUNNING
  2024-01-09 15:39:16 App\Events\ObjectUpdated .................. 14.43ms DONE
  2024-01-09 15:39:19 App\Events\ObjectUpdated ....................... RUNNING
  2024-01-09 15:39:19 App\Events\ObjectUpdated .................. 14.25ms DONE
  2024-01-09 15:41:49 App\Events\ObjectUpdated ....................... RUNNING
  2024-01-09 15:41:49 App\Events\ObjectUpdated .................. 32.08ms DONE
  2024-01-09 15:41:50 App\Events\ObjectUpdated ....................... RUNNING
  2024-01-09 15:41:50 App\Events\ObjectUpdated .................. 36.97ms DONE
  2024-01-09 15:42:02 App\Events\ObjectUpdated ....................... RUNNING
  2024-01-09 15:42:02 App\Events\ObjectUpdated .................. 17.01ms DONE
  2024-01-09 15:42:05 App\Events\ObjectUpdated ....................... RUNNING
  2024-01-09 15:42:05 App\Events\ObjectUpdated .................. 14.50ms DONE
  2024-01-09 15:47:40 App\Events\ObjectUpdated ....................... RUNNING
  2024-01-09 15:47:40 App\Events\ObjectUpdated .................. 81.48ms DONE
  2024-01-09 15:47:42 App\Events\ObjectUpdated ....................... RUNNING
  2024-01-09 15:47:42 App\Events\ObjectUpdated .................. 38.24ms DONE
  2024-01-09 15:49:39 App\Events\ObjectUpdated ....................... RUNNING
  2024-01-09 15:49:39 App\Events\ObjectUpdated .................. 18.27ms DONE
  2024-01-09 15:49:42 App\Events\ObjectUpdated ....................... RUNNING
  2024-01-09 15:49:42 App\Events\ObjectUpdated .................. 72.10ms DONE
  2024-01-09 15:52:38 App\Events\ObjectUpdated ....................... RUNNING
  2024-01-09 15:52:38 App\Events\ObjectUpdated .................. 37.67ms DONE
  2024-01-09 15:52:40 App\Events\ObjectUpdated ....................... RUNNING
  2024-01-09 15:52:40 App\Events\ObjectUpdated .................. 71.88ms DONE
  2024-01-09 15:54:12 App\Events\FieldUpdated ........................ RUNNING
  2024-01-09 15:54:12 App\Events\FieldUpdated ................... 34.38ms DONE
  2024-01-09 15:54:19 App\Events\FieldUpdated ........................ RUNNING
  2024-01-09 15:54:19 App\Events\FieldUpdated ................... 15.43ms DONE
  2024-01-09 15:54:51 App\Events\FieldUpdated ........................ RUNNING
  2024-01-09 15:54:51 App\Events\FieldUpdated ................... 77.24ms DONE
  2024-01-09 15:54:58 App\Events\FieldUpdated ........................ RUNNING
  2024-01-09 15:54:58 App\Events\FieldUpdated ................... 15.65ms DONE
  2024-01-09 15:59:03 App\Events\ObjectUpdated ....................... RUNNING
  2024-01-09 15:59:03 App\Events\ObjectUpdated .................. 92.69ms DONE
  2024-01-09 15:59:06 App\Events\ObjectUpdated ....................... RUNNING
  2024-01-09 15:59:06 App\Events\ObjectUpdated .................. 20.67ms DONE
  2024-01-09 16:11:00 App\Events\ObjectUpdated ....................... RUNNING
  2024-01-09 16:11:00 App\Events\ObjectUpdated .................. 36.79ms DONE
  2024-01-09 16:11:02 App\Events\ObjectUpdated ....................... RUNNING
  2024-01-09 16:11:02 App\Events\ObjectUpdated .................. 39.68ms DONE
  2024-01-09 23:26:38 App\Events\FieldUpdated ........................ RUNNING
  2024-01-09 23:26:38 App\Events\FieldUpdated ................... 38.06ms DONE
  2024-01-09 23:26:45 App\Events\FieldUpdated ........................ RUNNING
  2024-01-09 23:26:46 App\Events\FieldUpdated ................... 83.03ms DONE
  2024-01-09 23:33:41 App\Events\FieldUpdated ........................ RUNNING
  2024-01-09 23:33:41 App\Events\FieldUpdated ................... 76.78ms DONE
  2024-01-09 23:33:49 App\Events\FieldUpdated ........................ RUNNING
  2024-01-09 23:33:49 App\Events\FieldUpdated ................... 78.01ms DONE
  2024-01-09 23:34:12 App\Events\FieldUpdated ........................ RUNNING
  2024-01-09 23:34:12 App\Events\FieldUpdated ................... 37.26ms DONE
  2024-01-09 23:35:40 App\Events\FieldUpdated ........................ RUNNING
  2024-01-09 23:35:40 App\Events\FieldUpdated ................... 39.68ms DONE
  2024-01-09 23:35:45 App\Events\ObjectUpdated ....................... RUNNING
  2024-01-09 23:35:45 App\Events\ObjectUpdated .................. 14.54ms DONE
  2024-01-09 23:35:46 App\Events\ObjectUpdated ....................... RUNNING
  2024-01-09 23:35:46 App\Events\ObjectUpdated .................. 16.67ms DONE
  2024-01-09 23:35:46 App\Events\ObjectUpdated ....................... RUNNING
  2024-01-09 23:35:46 App\Events\ObjectUpdated .................. 15.42ms DONE
  2024-01-09 23:35:46 App\Events\ObjectUpdated ....................... RUNNING
  2024-01-09 23:35:46 App\Events\ObjectUpdated .................. 16.87ms DONE
  2024-01-09 23:35:53 App\Events\FieldUpdated ........................ RUNNING
  2024-01-09 23:35:53 App\Events\FieldUpdated ................... 33.48ms DONE
  2024-01-09 23:36:17 App\Events\FieldUpdated ........................ RUNNING
  2024-01-09 23:36:17 App\Events\FieldUpdated ................... 34.74ms DONE
  2024-01-09 23:36:29 App\Events\FieldUpdated ........................ RUNNING
  2024-01-09 23:36:29 App\Events\FieldUpdated ................... 15.75ms DONE
  2024-01-09 23:36:39 App\Events\FieldUpdated ........................ RUNNING
  2024-01-09 23:36:39 App\Events\FieldUpdated ................... 15.62ms DONE
  2024-01-09 23:37:03 App\Events\ObjectUpdated ....................... RUNNING
  2024-01-09 23:37:03 App\Events\ObjectUpdated .................. 33.44ms DONE
  2024-01-09 23:37:06 App\Events\ObjectUpdated ....................... RUNNING
  2024-01-09 23:37:06 App\Events\ObjectUpdated .................. 14.13ms DONE
  2024-01-09 23:37:06 App\Events\ObjectUpdated  2024-01-09 23:37:06 App\Events\ObjectUpdated ....................... ....................... RUNNING
 RUNNING
  2024-01-09 23:37:06 App\Events\ObjectUpdated .................. 18.09ms DONE
  2024-01-09 23:37:06 App\Events\ObjectUpdated .................. 19.04ms DONE
  2024-01-09 23:38:47 App\Events\ObjectUpdated ....................... RUNNING
  2024-01-09 23:38:47 App\Events\ObjectUpdated .................. 35.58ms DONE
  2024-01-09 23:38:50 App\Events\ObjectUpdated ....................... RUNNING
  2024-01-09 23:38:50 App\Events\ObjectUpdated .................. 36.97ms DONE
  2024-01-09 23:38:56 App\Events\FieldUpdated ........................ RUNNING
  2024-01-09 23:38:56 App\Events\FieldUpdated ................... 16.51ms DONE
  2024-01-09 23:46:06 App\Events\ObjectUpdated ....................... RUNNING
  2024-01-09 23:46:06 App\Events\ObjectUpdated ................. 163.35ms DONE
  2024-01-09 23:46:22 App\Events\ObjectUpdated ....................... RUNNING
  2024-01-09 23:46:22 App\Events\ObjectUpdated .................. 15.38ms DONE
  2024-01-09 23:46:25 App\Events\ObjectUpdated ....................... RUNNING
  2024-01-09 23:46:25 App\Events\ObjectUpdated .................. 17.13ms DONE
  2024-01-09 23:46:59 App\Events\ObjectUpdated ....................... RUNNING
  2024-01-09 23:46:59 App\Events\ObjectUpdated ................. 128.03ms DONE
  2024-01-09 23:47:08 App\Events\ObjectUpdated ....................... RUNNING
  2024-01-09 23:47:08 App\Events\ObjectUpdated ....................... RUNNING
  2024-01-09 23:47:08 App\Events\ObjectUpdated .................. 22.23ms DONE
  2024-01-09 23:47:08 App\Events\ObjectUpdated .................. 71.64ms DONE
  2024-01-09 23:48:31 App\Events\ObjectUpdated ....................... RUNNING
  2024-01-09 23:48:31 App\Events\ObjectUpdated ................. 180.40ms DONE
  2024-01-09 23:48:36 App\Events\ObjectUpdated ....................... RUNNING
  2024-01-09 23:48:36 App\Events\ObjectUpdated .................. 18.09ms DONE
  2024-01-09 23:48:37 App\Events\ObjectUpdated ....................... RUNNING
  2024-01-09 23:48:37 App\Events\ObjectUpdated .................. 16.73ms DONE
  2024-01-09 23:59:05 App\Events\FieldUpdated ........................ RUNNING
  2024-01-09 23:59:05 App\Events\FieldUpdated ................... 32.86ms DONE
  2024-01-09 23:59:12 App\Events\FieldUpdated ........................ RUNNING
  2024-01-09 23:59:12 App\Events\FieldUpdated ................... 15.28ms DONE
  2024-01-09 23:59:21 App\Events\FieldUpdated ........................ RUNNING
  2024-01-09 23:59:21 App\Events\FieldUpdated ................... 35.75ms DONE
  2024-01-09 23:59:33 App\Events\FieldUpdated ........................ RUNNING
  2024-01-09 23:59:33 App\Events\FieldUpdated ................... 14.78ms DONE
  2024-01-10 00:02:45 App\Events\ObjectUpdated ....................... RUNNING
  2024-01-10 00:02:46 App\Events\ObjectUpdated .................. 73.45ms DONE
  2024-01-10 00:02:46 App\Events\ObjectUpdated ....................... RUNNING
  2024-01-10 00:02:46 App\Events\ObjectUpdated .................. 35.12ms DONE
  2024-01-10 00:06:56 App\Events\FieldUpdated ........................ RUNNING
  2024-01-10 00:06:56 App\Events\FieldUpdated ................... 71.94ms DONE
  2024-01-10 00:12:31 App\Events\ObjectUpdated ....................... RUNNING
  2024-01-10 00:12:31 App\Events\ObjectUpdated .................. 35.48ms DONE
  2024-01-10 00:12:32 App\Events\ObjectUpdated ....................... RUNNING
  2024-01-10 00:12:32 App\Events\ObjectUpdated .................. 32.90ms DONE
  2024-01-10 00:12:50 App\Events\ObjectUpdated ....................... RUNNING
  2024-01-10 00:12:50 App\Events\ObjectUpdated .................. 12.98ms DONE
  2024-01-10 00:12:50 App\Events\ObjectUpdated ....................... RUNNING
  2024-01-10 00:12:50 App\Events\ObjectUpdated .................. 71.19ms DONE
  2024-01-10 00:13:20 App\Events\ObjectUpdated ....................... RUNNING
  2024-01-10 00:13:20 App\Events\ObjectUpdated .................. 16.93ms DONE
  2024-01-10 00:13:20 App\Events\ObjectUpdated ....................... RUNNING
  2024-01-10 00:13:20 App\Events\ObjectUpdated .................. 14.82ms DONE
  2024-01-10 00:14:49 App\Events\ObjectUpdated ....................... RUNNING
  2024-01-10 00:14:49 App\Events\ObjectUpdated .................. 34.19ms DONE
  2024-01-10 00:14:52 App\Events\ObjectUpdated ....................... RUNNING
  2024-01-10 00:14:52 App\Events\ObjectUpdated .................. 17.91ms DONE
  2024-01-10 00:15:04 App\Events\ObjectUpdated ....................... RUNNING
  2024-01-10 00:15:04 App\Events\ObjectUpdated .................. 13.81ms DONE
  2024-01-10 00:15:04 App\Events\ObjectUpdated ....................... RUNNING
  2024-01-10 00:15:04 App\Events\ObjectUpdated .................. 33.06ms DONE
  2024-01-10 00:51:54 App\Events\FieldUpdated ........................ RUNNING
  2024-01-10 00:51:54 App\Events\FieldUpdated ................... 70.76ms DONE
  2024-01-10 00:55:37 App\Events\ObjectUpdated ....................... RUNNING
  2024-01-10 00:55:37 App\Events\ObjectUpdated .................. 70.33ms DONE
  2024-01-10 00:55:38 App\Events\ObjectUpdated ....................... RUNNING
  2024-01-10 00:55:38 App\Events\ObjectUpdated ................. 112.38ms DONE
  2024-01-10 00:55:44 App\Events\ObjectUpdated ....................... RUNNING
  2024-01-10 00:55:44 App\Events\ObjectUpdated ................. 121.27ms DONE
  2024-01-10 00:58:01 App\Events\ObjectUpdated ....................... RUNNING
  2024-01-10 00:58:02 App\Events\ObjectUpdated ................. 151.72ms DONE
  2024-01-10 01:02:24 App\Events\ObjectUpdated ....................... RUNNING
  2024-01-10 01:02:24 App\Events\ObjectUpdated .................. 82.86ms DONE
  2024-01-10 01:02:26 App\Events\ObjectUpdated ....................... RUNNING
  2024-01-10 01:02:26 App\Events\ObjectUpdated .................. 66.26ms DONE
  2024-01-10 01:02:26 App\Events\ObjectUpdated ....................... RUNNING
  2024-01-10 01:02:26 App\Events\ObjectUpdated .................. 14.30ms DONE
  2024-01-10 01:02:26 App\Events\ObjectUpdated ....................... RUNNING
  2024-01-10 01:02:26 App\Events\ObjectUpdated .................. 15.32ms DONE
  2024-01-10 01:02:26 App\Events\ObjectUpdated ....................... RUNNING
  2024-01-10 01:02:26 App\Events\ObjectUpdated .................. 14.96ms DONE
  2024-01-10 01:06:25 App\Events\ObjectUpdated ....................... RUNNING
  2024-01-10 01:06:25 App\Events\ObjectUpdated .................. 73.91ms DONE
  2024-01-10 01:06:38 App\Events\ObjectUpdated ....................... RUNNING
  2024-01-10 01:06:38 App\Events\ObjectUpdated .................. 53.33ms DONE
  2024-01-10 01:07:08 App\Events\ObjectUpdated ....................... RUNNING
  2024-01-10 01:07:09 App\Events\ObjectUpdated ................. 109.06ms DONE
  2024-01-10 01:07:15 App\Events\ObjectUpdated ....................... RUNNING
  2024-01-10 01:07:15 App\Events\ObjectUpdated ....................... RUNNING
  2024-01-10 01:07:15 App\Events\ObjectUpdated .................. 74.12ms DONE
  2024-01-10 01:07:15 App\Events\ObjectUpdated .................. 80.25ms DONE
  2024-01-10 01:16:21 App\Events\ObjectUpdated ....................... RUNNING
  2024-01-10 01:16:22 App\Events\ObjectUpdated ................. 144.29ms DONE
  2024-01-10 01:17:53 App\Events\ObjectUpdated ....................... RUNNING
  2024-01-10 01:17:53 App\Events\ObjectUpdated ................. 142.07ms DONE
  2024-01-10 07:42:21 App\Events\ObjectUpdated ....................... RUNNING
  2024-01-10 07:42:21 App\Events\ObjectUpdated .................. 35.09ms DONE
  2024-01-10 07:42:24 App\Events\ObjectUpdated ....................... RUNNING
  2024-01-10 07:42:24 App\Events\ObjectUpdated .................. 35.17ms DONE
  2024-01-10 07:42:59 App\Events\ObjectUpdated ....................... RUNNING
  2024-01-10 07:42:59 App\Events\ObjectUpdated .................. 36.31ms DONE
  2024-01-10 07:43:00 App\Events\ObjectUpdated ....................... RUNNING
  2024-01-10 07:43:00 App\Events\ObjectUpdated .................. 15.03ms DONE
  2024-01-10 07:47:03 App\Events\ObjectUpdated ....................... RUNNING
  2024-01-10 07:47:03 App\Events\ObjectUpdated .................. 33.80ms DONE
  2024-01-10 07:47:05 App\Events\ObjectUpdated ....................... RUNNING
  2024-01-10 07:47:05 App\Events\ObjectUpdated .................. 72.62ms DONE
  2024-01-10 07:47:38 App\Events\ObjectUpdated ....................... RUNNING
  2024-01-10 07:47:38 App\Events\ObjectUpdated .................. 14.80ms DONE
  2024-01-10 07:47:41 App\Events\ObjectUpdated ....................... RUNNING
  2024-01-10 07:47:41 App\Events\ObjectUpdated .................. 33.70ms DONE
  2024-01-10 07:51:30 App\Events\ObjectUpdated ....................... RUNNING
  2024-01-10 07:51:30 App\Events\ObjectUpdated .................. 34.66ms DONE
  2024-01-10 07:51:31 App\Events\ObjectUpdated ....................... RUNNING
  2024-01-10 07:51:31 App\Events\ObjectUpdated .................. 35.92ms DONE
  2024-01-10 07:59:54 App\Events\ObjectUpdated ....................... RUNNING
  2024-01-10 07:59:54 App\Events\ObjectUpdated .................. 68.39ms DONE
  2024-01-10 07:59:56 App\Events\ObjectUpdated ....................... RUNNING
  2024-01-10 07:59:56 App\Events\ObjectUpdated .................. 71.06ms DONE
  2024-01-10 08:01:04 App\Events\ObjectUpdated ....................... RUNNING
  2024-01-10 08:01:04 App\Events\ObjectUpdated .................. 14.34ms DONE
  2024-01-10 08:01:06 App\Events\ObjectUpdated ....................... RUNNING
  2024-01-10 08:01:06 App\Events\ObjectUpdated .................. 15.53ms DONE
  2024-01-10 08:03:40 App\Events\ObjectUpdated ....................... RUNNING
  2024-01-10 08:03:40 App\Events\ObjectUpdated .................. 38.16ms DONE
  2024-01-10 08:03:43 App\Events\ObjectUpdated ....................... RUNNING
  2024-01-10 08:03:43 App\Events\ObjectUpdated .................. 35.51ms DONE
  2024-01-10 08:05:41 App\Events\ObjectUpdated ....................... RUNNING
  2024-01-10 08:05:41 App\Events\ObjectUpdated .................. 35.44ms DONE
  2024-01-10 08:05:42 App\Events\ObjectUpdated ....................... RUNNING
  2024-01-10 08:05:42 App\Events\ObjectUpdated .................. 14.42ms DONE
  2024-01-10 08:06:04 App\Events\ObjectUpdated ....................... RUNNING
  2024-01-10 08:06:04 App\Events\ObjectUpdated .................. 36.78ms DONE
  2024-01-10 08:06:07 App\Events\ObjectUpdated ....................... RUNNING
  2024-01-10 08:06:07 App\Events\ObjectUpdated .................. 37.29ms DONE
  2024-01-10 08:08:23 App\Events\ObjectUpdated ....................... RUNNING
  2024-01-10 08:08:23 App\Events\ObjectUpdated .................. 80.28ms DONE
  2024-01-10 08:08:26 App\Events\ObjectUpdated ....................... RUNNING
  2024-01-10 08:08:26 App\Events\ObjectUpdated .................. 18.83ms DONE
  2024-01-10 08:09:25 App\Events\ObjectUpdated ....................... RUNNING
  2024-01-10 08:09:25 App\Events\ObjectUpdated .................. 69.77ms DONE
  2024-01-10 08:09:27 App\Events\ObjectUpdated ....................... RUNNING
  2024-01-10 08:09:27 App\Events\ObjectUpdated .................. 18.29ms DONE
  2024-01-10 08:31:37 App\Events\ObjectUpdated ....................... RUNNING
  2024-01-10 08:31:37 App\Events\ObjectUpdated .................. 86.47ms DONE
  2024-01-10 08:31:39 App\Events\ObjectUpdated ....................... RUNNING
  2024-01-10 08:31:39 App\Events\ObjectUpdated .................. 35.47ms DONE
  2024-01-10 08:37:39 App\Events\ObjectUpdated ....................... RUNNING
  2024-01-10 08:37:39 App\Events\ObjectUpdated .................. 65.82ms DONE
  2024-01-10 08:37:41 App\Events\ObjectUpdated ....................... RUNNING
  2024-01-10 08:37:41 App\Events\ObjectUpdated .................. 33.33ms DONE
  2024-01-10 08:38:42 App\Events\ObjectUpdated ....................... RUNNING
  2024-01-10 08:38:42 App\Events\ObjectUpdated .................. 19.91ms DONE
  2024-01-10 08:38:43 App\Events\ObjectUpdated ....................... RUNNING
  2024-01-10 08:38:43 App\Events\ObjectUpdated .................. 15.62ms DONE
  2024-01-10 08:39:00 App\Events\ObjectUpdated ....................... RUNNING
  2024-01-10 08:39:00 App\Events\ObjectUpdated .................. 15.82ms DONE
  2024-01-10 08:39:03 App\Events\ObjectUpdated ....................... RUNNING
  2024-01-10 08:39:03 App\Events\ObjectUpdated .................. 38.83ms DONE
  2024-01-10 08:41:26 App\Events\ObjectUpdated ....................... RUNNING
  2024-01-10 08:41:26 App\Events\ObjectUpdated .................. 68.38ms DONE
  2024-01-10 08:41:28 App\Events\ObjectUpdated ....................... RUNNING
  2024-01-10 08:41:28 App\Events\ObjectUpdated .................. 70.39ms DONE
  2024-01-10 09:16:27 App\Events\ObjectUpdated ....................... RUNNING
  2024-01-10 09:16:27 App\Events\ObjectUpdated ................. 149.45ms DONE
  2024-01-10 09:17:04 App\Events\ObjectUpdated ....................... RUNNING
  2024-01-10 09:17:05 App\Events\ObjectUpdated ................. 253.18ms DONE
  2024-01-10 09:17:05 App\Events\ObjectUpdated ....................... RUNNING
  2024-01-10 09:17:05 App\Events\ObjectUpdated ................. 277.56ms DONE
  2024-01-10 09:21:06 App\Events\ObjectUpdated ....................... RUNNING
  2024-01-10 09:21:07 App\Events\ObjectUpdated ................. 215.40ms DONE
  2024-01-10 09:21:25 App\Events\ObjectUpdated ....................... RUNNING
  2024-01-10 09:21:26 App\Events\ObjectUpdated ....................... RUNNING
  2024-01-10 09:21:26 App\Events\ObjectUpdated ................. 200.62ms DONE
  2024-01-10 09:21:26 App\Events\ObjectUpdated ................. 162.64ms DONE
  2024-01-10 09:22:39 App\Events\ObjectUpdated ....................... RUNNING
  2024-01-10 09:22:39 App\Events\ObjectUpdated ................. 160.10ms DONE
  2024-01-10 09:23:28 App\Events\ObjectUpdated ....................... RUNNING
  2024-01-10 09:23:28 App\Events\ObjectUpdated ................. 184.01ms DONE
  2024-01-10 09:23:28 App\Events\ObjectUpdated ....................... RUNNING
  2024-01-10 09:23:28 App\Events\ObjectUpdated ................. 155.92ms DONE
  2024-01-10 09:24:48 App\Events\ObjectUpdated ....................... RUNNING
  2024-01-10 09:24:48 App\Events\ObjectUpdated ................. 168.44ms DONE
  2024-01-10 09:25:12 App\Events\ObjectUpdated ....................... RUNNING
  2024-01-10 09:25:13 App\Events\ObjectUpdated ................. 191.44ms DONE
  2024-01-10 09:29:17 App\Events\ObjectUpdated ....................... RUNNING
  2024-01-10 09:29:17 App\Events\ObjectUpdated ................. 160.06ms DONE
  2024-01-10 09:29:38 App\Events\ObjectUpdated ....................... RUNNING
  2024-01-10 09:29:38 App\Events\ObjectUpdated ................. 185.70ms DONE
  2024-01-10 09:35:23 App\Events\ObjectUpdated ....................... RUNNING
  2024-01-10 09:35:24 App\Events\ObjectUpdated ................. 173.95ms DONE
  2024-01-10 09:36:09 App\Events\ObjectUpdated ....................... RUNNING
  2024-01-10 09:36:10 App\Events\ObjectUpdated ................. 170.87ms DONE
  2024-01-10 09:42:37 App\Events\ObjectUpdated ....................... RUNNING
  2024-01-10 09:42:37 App\Events\ObjectUpdated ................. 121.11ms DONE
  2024-01-10 09:43:48 App\Events\ObjectUpdated ....................... RUNNING
  2024-01-10 09:43:48 App\Events\ObjectUpdated ................. 143.00ms DONE
  2024-01-10 09:45:59 App\Events\ObjectUpdated ....................... RUNNING
  2024-01-10 09:45:59 App\Events\ObjectUpdated ................. 125.83ms DONE
  2024-01-10 09:46:36 App\Events\ObjectUpdated ....................... RUNNING
  2024-01-10 09:46:36 App\Events\ObjectUpdated ................. 126.46ms DONE
  2024-01-10 09:48:16 App\Events\ObjectUpdated ....................... RUNNING
  2024-01-10 09:48:17 App\Events\ObjectUpdated ................. 132.84ms DONE
  2024-01-10 09:48:54 App\Events\ObjectUpdated ....................... RUNNING
  2024-01-10 09:48:54 App\Events\ObjectUpdated ................. 126.46ms DONE
  2024-01-10 09:51:08 App\Events\ObjectUpdated ....................... RUNNING
  2024-01-10 09:51:08 App\Events\ObjectUpdated ................. 169.89ms DONE
  2024-01-10 09:51:51 App\Events\ObjectUpdated ....................... RUNNING
  2024-01-10 09:51:51 App\Events\ObjectUpdated ................. 116.71ms DONE
  2024-01-10 09:54:57 App\Events\ObjectUpdated ....................... RUNNING
  2024-01-10 09:54:57 App\Events\ObjectUpdated ................. 123.02ms DONE
  2024-01-10 09:55:15 App\Events\ObjectUpdated ....................... RUNNING
  2024-01-10 09:55:15 App\Events\ObjectUpdated ................. 162.31ms DONE
  2024-01-10 09:57:45 App\Events\ObjectUpdated ....................... RUNNING
  2024-01-10 09:57:45 App\Events\ObjectUpdated ................. 147.47ms DONE
  2024-01-10 09:59:32 App\Events\ObjectUpdated ....................... RUNNING
  2024-01-10 09:59:32 App\Events\ObjectUpdated ................. 163.43ms DONE
  2024-01-10 10:01:40 App\Events\ObjectUpdated ....................... RUNNING
  2024-01-10 10:01:41 App\Events\ObjectUpdated ................. 178.86ms DONE
  2024-01-10 10:02:39 App\Events\ObjectUpdated ....................... RUNNING
  2024-01-10 10:02:39 App\Events\ObjectUpdated ................. 127.49ms DONE
  2024-01-10 10:04:07 App\Events\ObjectUpdated ....................... RUNNING
  2024-01-10 10:04:08 App\Events\ObjectUpdated ................. 110.43ms DONE
  2024-01-10 10:04:56 App\Events\ObjectUpdated ....................... RUNNING
  2024-01-10 10:04:56 App\Events\ObjectUpdated ................. 124.15ms DONE
  2024-01-10 10:06:46 App\Events\ObjectUpdated ....................... RUNNING
  2024-01-10 10:06:46 App\Events\ObjectUpdated ................. 149.80ms DONE
  2024-01-10 10:07:11 App\Events\ObjectUpdated ....................... RUNNING
  2024-01-10 10:07:12 App\Events\ObjectUpdated ................. 146.41ms DONE
  2024-01-10 10:08:12 App\Events\ObjectUpdated ....................... RUNNING
  2024-01-10 10:08:12 App\Events\ObjectUpdated ................. 179.28ms DONE
  2024-01-10 10:10:20 App\Events\ObjectUpdated ....................... RUNNING
  2024-01-10 10:10:20 App\Events\ObjectUpdated ................. 124.71ms DONE
  2024-01-10 10:11:12 App\Events\ObjectUpdated ....................... RUNNING
  2024-01-10 10:11:12 App\Events\ObjectUpdated ................. 154.29ms DONE
  2024-01-10 10:12:17 App\Events\ObjectUpdated ....................... RUNNING
  2024-01-10 10:12:17 App\Events\ObjectUpdated ................. 108.95ms DONE
  2024-01-10 10:13:18 App\Events\ObjectUpdated ....................... RUNNING
  2024-01-10 10:13:18 App\Events\ObjectUpdated ................. 116.52ms DONE
  2024-01-10 10:14:01 App\Events\ObjectUpdated ....................... RUNNING
  2024-01-10 10:14:01 App\Events\ObjectUpdated ................. 163.48ms DONE
  2024-01-10 11:42:19 App\Events\FieldUpdated ........................ RUNNING
  2024-01-10 11:42:19 App\Events\FieldUpdated ................... 36.18ms DONE
  2024-01-10 11:42:49 App\Events\FieldUpdated ........................ RUNNING
  2024-01-10 11:42:49 App\Events\FieldUpdated ................... 35.74ms DONE
  2024-01-10 11:42:52 App\Events\FieldUpdated ........................ RUNNING
  2024-01-10 11:42:52 App\Events\FieldUpdated ................... 21.32ms DONE
  2024-01-10 11:44:28 App\Events\FieldUpdated ........................ RUNNING
  2024-01-10 11:44:28 App\Events\FieldUpdated ................... 33.29ms DONE
  2024-01-10 11:44:33 App\Events\FieldUpdated ........................ RUNNING
  2024-01-10 11:44:33 App\Events\FieldUpdated ................... 14.51ms DONE
  2024-01-10 11:46:35 App\Events\FieldUpdated ........................ RUNNING
  2024-01-10 11:46:35 App\Events\FieldUpdated ................... 33.01ms DONE
  2024-01-10 11:46:41 App\Events\FieldUpdated ........................ RUNNING
  2024-01-10 11:46:41 App\Events\FieldUpdated ................... 14.74ms DONE
  2024-01-10 11:46:47 App\Events\ObjectUpdated ....................... RUNNING
  2024-01-10 11:46:48 App\Events\ObjectUpdated .................. 16.86ms DONE
  2024-01-10 11:46:51 App\Events\ObjectUpdated ....................... RUNNING
  2024-01-10 11:46:51 App\Events\ObjectUpdated .................. 18.82ms DONE
  2024-01-10 11:46:54 App\Events\FieldUpdated ........................ RUNNING
  2024-01-10 11:46:54 App\Events\FieldUpdated ................... 16.54ms DONE
  2024-01-10 11:46:57 App\Events\ObjectUpdated ....................... RUNNING
  2024-01-10 11:46:57 App\Events\ObjectUpdated .................. 29.92ms DONE
  2024-01-10 11:47:00 App\Events\ObjectUpdated ....................... RUNNING
  2024-01-10 11:47:00 App\Events\ObjectUpdated .................. 17.78ms DONE
  2024-01-10 11:47:21 App\Events\ObjectUpdated ....................... RUNNING
  2024-01-10 11:47:21 App\Events\ObjectUpdated .................. 15.48ms DONE
  2024-01-10 11:47:21 App\Events\ObjectUpdated ....................... RUNNING
  2024-01-10 11:47:21 App\Events\ObjectUpdated .................. 15.88ms DONE
  2024-01-10 11:48:47 App\Events\FieldUpdated ........................ RUNNING
  2024-01-10 11:48:47 App\Events\FieldUpdated ................... 34.89ms DONE
  2024-01-10 12:08:57 App\Events\ObjectUpdated ....................... RUNNING
  2024-01-10 12:08:57 App\Events\ObjectUpdated .................. 78.11ms DONE
  2024-01-10 12:09:00 App\Events\ObjectUpdated ....................... RUNNING
  2024-01-10 12:09:00 App\Events\ObjectUpdated .................. 56.40ms DONE
  2024-01-10 12:09:21 App\Events\ObjectUpdated ....................... RUNNING
  2024-01-10 12:09:21 App\Events\ObjectUpdated .................. 35.91ms DONE
  2024-01-10 12:09:22 App\Events\ObjectUpdated ....................... RUNNING
  2024-01-10 12:09:22 App\Events\ObjectUpdated .................. 78.89ms DONE
  2024-01-10 12:09:36 App\Events\ObjectUpdated ....................... RUNNING
  2024-01-10 12:09:36 App\Events\ObjectUpdated .................. 21.54ms DONE
  2024-01-10 12:09:39 App\Events\ObjectUpdated ....................... RUNNING
  2024-01-10 12:09:39 App\Events\ObjectUpdated .................. 17.62ms DONE
  2024-01-10 12:09:56 App\Events\ObjectUpdated ....................... RUNNING
  2024-01-10 12:09:56 App\Events\ObjectUpdated .................. 19.32ms DONE
  2024-01-10 12:09:58 App\Events\ObjectUpdated ....................... RUNNING
  2024-01-10 12:09:58 App\Events\ObjectUpdated .................. 15.06ms DONE
  2024-01-10 12:54:08 App\Events\FieldUpdated ........................ RUNNING
  2024-01-10 12:54:08 App\Events\FieldUpdated ................... 32.50ms DONE
  2024-01-10 12:54:14 App\Events\FieldUpdated ........................ RUNNING
  2024-01-10 12:54:14 App\Events\FieldUpdated ................... 13.51ms DONE
  2024-01-10 12:58:22 App\Events\FieldUpdated ........................ RUNNING
  2024-01-10 12:58:22 App\Events\FieldUpdated ................... 77.18ms DONE
  2024-01-10 13:03:42 App\Events\FieldUpdated ........................ RUNNING
  2024-01-10 13:03:42 App\Events\FieldUpdated ................... 73.18ms DONE
  2024-01-10 13:04:53 App\Events\FieldUpdated ........................ RUNNING
  2024-01-10 13:04:53 App\Events\FieldUpdated ................... 72.49ms DONE
  2024-01-10 13:05:26 App\Events\FieldUpdated ........................ RUNNING
  2024-01-10 13:05:26 App\Events\FieldUpdated ................... 38.04ms DONE
  2024-01-10 13:05:29 App\Events\FieldUpdated ........................ RUNNING
  2024-01-10 13:05:29 App\Events\FieldUpdated ................... 15.27ms DONE
  2024-01-10 13:05:39 App\Events\FieldUpdated ........................ RUNNING
  2024-01-10 13:05:39 App\Events\FieldUpdated ................... 32.37ms DONE
  2024-01-10 13:29:59 App\Events\FieldUpdated ........................ RUNNING
  2024-01-10 13:29:59 App\Events\FieldUpdated ................... 72.88ms DONE
  2024-01-10 13:30:16 App\Events\FieldUpdated ........................ RUNNING
  2024-01-10 13:30:16 App\Events\FieldUpdated ................... 69.34ms DONE
  2024-01-10 13:30:19 App\Events\FieldUpdated ........................ RUNNING
  2024-01-10 13:30:19 App\Events\FieldUpdated ................... 80.72ms DONE
  2024-01-10 13:30:20 App\Events\FieldUpdated ........................ RUNNING
  2024-01-10 13:30:20 App\Events\FieldUpdated ................... 16.73ms DONE
  2024-01-10 13:30:26 App\Events\FieldUpdated ........................ RUNNING
  2024-01-10 13:30:26 App\Events\FieldUpdated ................... 16.66ms DONE
  2024-01-10 13:52:56 App\Events\ObjectUpdated ....................... RUNNING
  2024-01-10 13:52:57 App\Events\ObjectUpdated ................. 194.62ms DONE
  2024-01-10 13:55:14 Spatie\MediaLibrary\Conversions\Jobs\PerformConversionsJob  RUNNING
  2024-01-10 13:55:14 Spatie\MediaLibrary\Conversions\Jobs\PerformConversionsJob  100.00ms DONE
  2024-01-10 13:56:22 App\Events\ObjectUpdated ....................... RUNNING
  2024-01-10 13:56:22 App\Events\ObjectUpdated ................. 157.17ms DONE
  2024-01-10 13:57:57 App\Events\ObjectUpdated ....................... RUNNING
  2024-01-10 13:57:57 App\Events\ObjectUpdated ................. 135.50ms DONE
  2024-01-10 14:11:03 App\Events\ObjectUpdated ....................... RUNNING
  2024-01-10 14:11:03 App\Events\ObjectUpdated ................. 163.36ms DONE
  2024-01-10 14:14:12 App\Events\ObjectUpdated ....................... RUNNING
  2024-01-10 14:14:12 App\Events\ObjectUpdated ................. 197.67ms DONE
  2024-01-10 14:59:57 App\Events\ObjectUpdated ....................... RUNNING
  2024-01-10 14:59:57 App\Events\ObjectUpdated .................. 34.38ms DONE
  2024-01-10 14:59:59 App\Events\ObjectUpdated ....................... RUNNING
  2024-01-10 14:59:59 App\Events\ObjectUpdated .................. 37.15ms DONE
  2024-01-10 15:44:32 App\Events\ObjectUpdated ....................... RUNNING
  2024-01-10 15:44:32 App\Events\ObjectUpdated .................. 92.40ms DONE
  2024-01-10 15:44:32 App\Events\ObjectUpdated ....................... RUNNING
  2024-01-10 15:44:32 App\Events\ObjectUpdated ................. 175.61ms DONE
  2024-01-10 15:44:47 App\Events\ObjectUpdated ....................... RUNNING
  2024-01-10 15:44:47 App\Events\ObjectUpdated .................. 44.93ms DONE
  2024-01-10 15:44:48 App\Events\ObjectUpdated ....................... RUNNING
  2024-01-10 15:44:48 App\Events\ObjectUpdated .................. 37.14ms DONE
  2024-01-10 15:44:48 App\Events\ObjectUpdated ....................... RUNNING
  2024-01-10 15:44:48 App\Events\ObjectUpdated .................. 18.08ms DONE
  2024-01-10 15:46:07 App\Events\ObjectUpdated ....................... RUNNING
  2024-01-10 15:46:07 App\Events\ObjectUpdated .................. 18.60ms DONE
  2024-01-10 15:46:07 App\Events\ObjectUpdated ....................... RUNNING
  2024-01-10 15:46:07 App\Events\ObjectUpdated ................. 113.97ms DONE
  2024-01-10 15:46:16 App\Events\ObjectUpdated ....................... RUNNING
  2024-01-10 15:46:16 App\Events\ObjectUpdated .................. 15.09ms DONE
  2024-01-10 15:46:16 App\Events\ObjectUpdated ....................... RUNNING
  2024-01-10 15:46:16 App\Events\ObjectUpdated .................. 20.93ms DONE
  2024-01-10 15:46:16 App\Events\ObjectUpdated ....................... RUNNING
  2024-01-10 15:46:16 App\Events\ObjectUpdated .................. 16.82ms DONE
  2024-01-10 15:48:53 App\Events\ObjectUpdated ....................... RUNNING
  2024-01-10 15:48:53 App\Events\ObjectUpdated ................. 192.96ms DONE
  2024-01-10 15:48:54 App\Events\ObjectUpdated ....................... RUNNING
  2024-01-10 15:48:54 App\Events\ObjectUpdated .................. 17.51ms DONE
  2024-01-10 15:49:04 App\Events\ObjectUpdated ....................... RUNNING
  2024-01-10 15:49:04 App\Events\ObjectUpdated .................. 38.29ms DONE
  2024-01-10 15:49:06 App\Events\ObjectUpdated ....................... RUNNING
  2024-01-10 15:49:06 App\Events\ObjectUpdated .................. 36.19ms DONE
  2024-01-10 15:49:06 App\Events\ObjectUpdated ....................... RUNNING
  2024-01-10 15:49:06 App\Events\ObjectUpdated .................. 28.20ms DONE
  2024-01-10 15:49:34 App\Events\ObjectUpdated ....................... RUNNING
  2024-01-10 15:49:34 App\Events\ObjectUpdated ................. 121.22ms DONE
  2024-01-10 15:49:34 App\Events\ObjectUpdated ....................... RUNNING
  2024-01-10 15:49:34 App\Events\ObjectUpdated .................. 17.11ms DONE
  2024-01-10 15:50:11 App\Events\ObjectUpdated ....................... RUNNING
  2024-01-10 15:50:11 App\Events\ObjectUpdated .................. 15.65ms DONE
  2024-01-10 15:50:11 App\Events\ObjectUpdated ....................... RUNNING
  2024-01-10 15:50:11 App\Events\ObjectUpdated .................. 72.07ms DONE
  2024-01-10 15:50:11 App\Events\ObjectUpdated ....................... RUNNING
  2024-01-10 15:50:11 App\Events\ObjectUpdated .................. 17.92ms DONE
  2024-01-10 21:01:23 App\Events\FieldUpdated ........................ RUNNING
  2024-01-10 21:01:23 App\Events\FieldUpdated ................... 38.02ms DONE
  2024-01-10 21:01:26 App\Events\FieldUpdated ........................ RUNNING
  2024-01-10 21:01:26 App\Events\FieldUpdated ................... 15.78ms DONE
  2024-01-10 21:01:39 App\Events\FieldUpdated ........................ RUNNING
  2024-01-10 21:01:39 App\Events\FieldUpdated ................... 38.02ms DONE
  2024-01-10 21:02:33 App\Events\FieldUpdated ........................ RUNNING
  2024-01-10 21:02:33 App\Events\FieldUpdated ................... 14.13ms DONE
  2024-01-10 21:02:58 App\Events\FieldUpdated ........................ RUNNING
  2024-01-10 21:02:58 App\Events\FieldUpdated ................... 15.42ms DONE
  2024-01-10 21:03:35 App\Events\FieldUpdated ........................ RUNNING
  2024-01-10 21:03:35 App\Events\FieldUpdated ................... 14.30ms DONE
  2024-01-10 21:05:26 App\Events\FieldUpdated ........................ RUNNING
  2024-01-10 21:05:26 App\Events\FieldUpdated ................... 39.37ms DONE
  2024-01-10 21:05:31 App\Events\FieldUpdated ........................ RUNNING
  2024-01-10 21:05:31 App\Events\FieldUpdated ................... 78.44ms DONE
  2024-01-10 21:05:34 App\Events\FieldUpdated ........................ RUNNING
  2024-01-10 21:05:34 App\Events\FieldUpdated ................... 38.66ms DONE
  2024-01-10 21:05:40 App\Events\FieldUpdated ........................ RUNNING
  2024-01-10 21:05:40 App\Events\FieldUpdated .................. 111.35ms DONE
  2024-01-10 21:05:44 App\Events\FieldUpdated ........................ RUNNING
  2024-01-10 21:05:44 App\Events\FieldUpdated ................... 14.88ms DONE
  2024-01-10 21:05:46 App\Events\FieldUpdated ........................ RUNNING
  2024-01-10 21:05:46 App\Events\FieldUpdated ................... 16.90ms DONE
  2024-01-10 21:05:49 App\Events\FieldUpdated ........................ RUNNING
  2024-01-10 21:05:49 App\Events\FieldUpdated ................... 16.93ms DONE
  2024-01-10 23:49:58 App\Events\ObjectUpdated ....................... RUNNING
  2024-01-10 23:49:58 App\Events\ObjectUpdated .................. 78.43ms DONE
  2024-01-10 23:49:59 App\Events\ObjectUpdated ....................... RUNNING
  2024-01-10 23:49:59 App\Events\ObjectUpdated .................. 67.31ms DONE
  2024-01-10 23:52:24 App\Events\ObjectUpdated ....................... RUNNING
  2024-01-10 23:52:25 App\Events\ObjectUpdated ................. 200.21ms DONE
  2024-01-10 23:52:26 App\Events\ObjectUpdated ....................... RUNNING
  2024-01-10 23:52:26 App\Events\ObjectUpdated .................. 35.40ms DONE
  2024-01-10 23:53:47 App\Events\ObjectUpdated ....................... RUNNING
  2024-01-10 23:53:47 App\Events\ObjectUpdated .................. 14.30ms DONE
  2024-01-10 23:53:48 App\Events\ObjectUpdated  2024-01-10 23:53:48 App\Events\ObjectUpdated ....................... RUNNING
 ....................... RUNNING
  2024-01-10 23:53:48 App\Events\ObjectUpdated .................. 14.05ms DONE
  2024-01-10 23:53:48 App\Events\ObjectUpdated .................. 76.56ms DONE
  2024-01-10 23:53:55 App\Events\FieldUpdated ........................ RUNNING
  2024-01-10 23:53:55 App\Events\FieldUpdated ................... 14.16ms DONE
  2024-01-10 23:56:04 App\Events\ObjectUpdated ....................... RUNNING
  2024-01-10 23:56:04 App\Events\ObjectUpdated .................. 70.08ms DONE
  2024-01-10 23:56:06 App\Events\ObjectUpdated ....................... RUNNING
  2024-01-10 23:56:06 App\Events\ObjectUpdated .................. 36.08ms DONE
  2024-01-11 01:22:12 App\Events\FieldUpdated ........................ RUNNING
  2024-01-11 01:22:12 App\Events\FieldUpdated ................... 81.85ms DONE
  2024-01-11 01:22:22 App\Events\ObjectUpdated ....................... RUNNING
  2024-01-11 01:22:22 App\Events\ObjectUpdated .................. 18.28ms DONE
  2024-01-11 01:22:25 App\Events\ObjectUpdated ....................... RUNNING
  2024-01-11 01:22:25 App\Events\ObjectUpdated .................. 14.61ms DONE
  2024-01-11 01:22:29 App\Events\FieldUpdated ........................ RUNNING
  2024-01-11 01:22:29 App\Events\FieldUpdated ................... 81.34ms DONE
  2024-01-11 01:22:31 App\Events\FieldUpdated ........................ RUNNING
  2024-01-11 01:22:31 App\Events\FieldUpdated ................... 13.55ms DONE
  2024-01-11 07:08:05 App\Events\ObjectUpdated ....................... RUNNING
  2024-01-11 07:08:05 App\Events\ObjectUpdated ................. 141.96ms DONE
  2024-01-11 07:08:05 App\Events\ObjectUpdated ....................... RUNNING
  2024-01-11 07:08:05 App\Events\ObjectUpdated .................. 14.19ms DONE
  2024-01-11 07:09:24 App\Events\ObjectUpdated ....................... RUNNING
  2024-01-11 07:09:24 App\Events\ObjectUpdated ................. 166.65ms DONE
  2024-01-11 07:09:30 App\Events\ObjectUpdated ....................... RUNNING
  2024-01-11 07:09:30 App\Events\ObjectUpdated .................. 15.12ms DONE
  2024-01-11 07:09:31 App\Events\ObjectUpdated ....................... RUNNING
  2024-01-11 07:09:31 App\Events\ObjectUpdated .................. 16.01ms DONE
  2024-01-11 07:11:21 App\Events\ObjectUpdated ....................... RUNNING
  2024-01-11 07:11:21 App\Events\ObjectUpdated ................. 124.46ms DONE
  2024-01-11 07:11:34 App\Events\ObjectUpdated ....................... RUNNING
  2024-01-11 07:11:34 App\Events\ObjectUpdated .................. 41.72ms DONE
  2024-01-11 07:11:36 App\Events\ObjectUpdated ....................... RUNNING
  2024-01-11 07:11:36 App\Events\ObjectUpdated .................. 14.50ms DONE
  2024-01-11 07:16:02 App\Events\ObjectUpdated ....................... RUNNING
  2024-01-11 07:16:02 App\Events\ObjectUpdated ................. 173.35ms DONE
  2024-01-11 07:16:09 App\Events\ObjectUpdated ....................... RUNNING
  2024-01-11 07:16:10 App\Events\ObjectUpdated .................. 70.07ms DONE
  2024-01-11 07:16:11 App\Events\ObjectUpdated ....................... RUNNING
  2024-01-11 07:16:11 App\Events\ObjectUpdated .................. 74.14ms DONE
  2024-01-11 07:17:40 App\Events\ObjectUpdated ....................... RUNNING
  2024-01-11 07:17:40 App\Events\ObjectUpdated ................. 153.06ms DONE
  2024-01-11 07:17:47 App\Events\ObjectUpdated ....................... RUNNING
  2024-01-11 07:17:47 App\Events\ObjectUpdated .................. 14.02ms DONE
  2024-01-11 07:17:49 App\Events\ObjectUpdated ....................... RUNNING
  2024-01-11 07:17:49 App\Events\ObjectUpdated .................. 14.43ms DONE
  2024-01-11 07:18:19 App\Events\ObjectUpdated ....................... RUNNING
  2024-01-11 07:18:19 App\Events\ObjectUpdated .................. 67.21ms DONE
  2024-01-11 07:18:20 App\Events\ObjectUpdated ....................... RUNNING
  2024-01-11 07:18:20 App\Events\ObjectUpdated .................. 77.73ms DONE
  2024-01-11 07:19:02 App\Events\ObjectUpdated ....................... RUNNING
  2024-01-11 07:19:02 App\Events\ObjectUpdated .................. 16.03ms DONE
  2024-01-11 07:19:03 App\Events\ObjectUpdated ....................... RUNNING
  2024-01-11 07:19:04 App\Events\ObjectUpdated .................. 67.34ms DONE
  2024-01-11 07:20:26 App\Events\ObjectUpdated ....................... RUNNING
  2024-01-11 07:20:26 App\Events\ObjectUpdated .................. 16.98ms DONE
  2024-01-11 07:20:27 App\Events\ObjectUpdated ....................... RUNNING
  2024-01-11 07:20:28 App\Events\ObjectUpdated .................. 79.27ms DONE
  2024-01-11 07:22:24 App\Events\ObjectUpdated ....................... RUNNING
  2024-01-11 07:22:24 App\Events\ObjectUpdated .................. 34.63ms DONE
  2024-01-11 07:22:27 App\Events\ObjectUpdated ....................... RUNNING
  2024-01-11 07:22:27 App\Events\ObjectUpdated .................. 18.74ms DONE
  2024-01-11 08:31:31 App\Events\ObjectUpdated ....................... RUNNING
  2024-01-11 08:31:31 App\Events\ObjectUpdated .................. 75.17ms DONE
  2024-01-11 08:31:32 App\Events\ObjectUpdated ....................... RUNNING
  2024-01-11 08:31:32 App\Events\ObjectUpdated .................. 34.29ms DONE
  2024-01-11 09:27:13 App\Events\ObjectUpdated ....................... RUNNING
  2024-01-11 09:27:13 App\Events\ObjectUpdated .................. 38.45ms DONE
  2024-01-11 09:27:16 App\Events\ObjectUpdated ....................... RUNNING
  2024-01-11 09:27:16 App\Events\ObjectUpdated ................. 105.40ms DONE
  2024-01-11 12:06:22 App\Events\FieldUpdated ........................ RUNNING
  2024-01-11 12:06:22 App\Events\FieldUpdated ................... 68.89ms DONE
  2024-01-11 12:06:30 App\Events\FieldUpdated ........................ RUNNING
  2024-01-11 12:06:30 App\Events\FieldUpdated ................... 81.43ms DONE
  2024-01-11 13:29:20 App\Events\FieldUpdated ........................ RUNNING
  2024-01-11 13:29:20 App\Events\FieldUpdated ................... 67.12ms DONE
  2024-01-11 13:44:06 App\Events\FieldUpdated ........................ RUNNING
  2024-01-11 13:44:06 App\Events\FieldUpdated .................. 221.56ms DONE
  2024-01-11 13:44:52 App\Events\ObjectUpdated ....................... RUNNING
  2024-01-11 13:44:52 App\Events\ObjectUpdated .................. 67.18ms DONE
  2024-01-11 13:44:53 App\Events\ObjectUpdated ....................... RUNNING
  2024-01-11 13:44:53 App\Events\ObjectUpdated .................. 31.28ms DONE
  2024-01-11 13:48:11 App\Events\FieldUpdated ........................ RUNNING
  2024-01-11 13:48:11 App\Events\FieldUpdated ................... 34.65ms DONE
  2024-01-11 14:08:00 App\Events\ObjectUpdated ....................... RUNNING
  2024-01-11 14:08:00 App\Events\ObjectUpdated .................. 35.13ms DONE
  2024-01-11 14:09:32 App\Events\ObjectUpdated ....................... RUNNING
  2024-01-11 14:09:32 App\Events\ObjectUpdated .................. 76.71ms DONE
  2024-01-11 15:04:32 App\Events\ObjectUpdated ....................... RUNNING
  2024-01-11 15:04:32 App\Events\ObjectUpdated .................. 35.25ms DONE
  2024-01-11 15:04:40 App\Events\ObjectUpdated ....................... RUNNING
  2024-01-11 15:04:41 App\Events\ObjectUpdated ............... 1,280.29ms DONE
  2024-01-11 15:07:14 App\Events\ObjectUpdated ....................... RUNNING
  2024-01-11 15:07:14 App\Events\ObjectUpdated .................. 70.01ms DONE
  2024-01-11 15:07:24 App\Events\ObjectUpdated ....................... RUNNING
  2024-01-11 15:07:26 App\Events\ObjectUpdated ............... 1,313.25ms DONE
  2024-01-11 15:07:41 App\Events\ObjectUpdated ....................... RUNNING
  2024-01-11 15:07:41 App\Events\ObjectUpdated .................. 18.09ms DONE
  2024-01-11 15:07:48 App\Events\ObjectUpdated ....................... RUNNING
  2024-01-11 15:07:50 App\Events\ObjectUpdated ............... 1,418.64ms DONE
  2024-01-11 15:18:49 App\Events\ObjectUpdated ....................... RUNNING
  2024-01-11 15:18:49 App\Events\ObjectUpdated .................. 95.40ms DONE
  2024-01-11 15:21:41 App\Events\ObjectUpdated ....................... RUNNING
  2024-01-11 15:21:41 App\Events\ObjectUpdated .................. 31.27ms DONE
  2024-01-11 15:21:43 App\Events\ObjectUpdated ....................... RUNNING
  2024-01-11 15:21:43 App\Events\ObjectUpdated .................. 40.73ms DONE
  2024-01-11 15:22:26 App\Events\ObjectUpdated ....................... RUNNING
  2024-01-11 15:22:26 App\Events\ObjectUpdated .................. 13.60ms DONE
  2024-01-11 15:22:29 App\Events\ObjectUpdated ....................... RUNNING
  2024-01-11 15:22:29 App\Events\ObjectUpdated .................. 21.06ms DONE
  2024-01-11 15:27:26 App\Events\ObjectUpdated ....................... RUNNING
  2024-01-11 15:27:26 App\Events\ObjectUpdated .................. 33.97ms DONE
  2024-01-11 15:27:26 App\Events\ObjectUpdated ....................... RUNNING
  2024-01-11 15:27:26 App\Events\ObjectUpdated .................. 46.13ms DONE
  2024-01-11 15:33:03 App\Events\ObjectUpdated ....................... RUNNING
  2024-01-11 15:33:03 App\Events\ObjectUpdated ................. 127.71ms DONE
  2024-01-11 15:33:03 App\Events\ObjectUpdated ....................... RUNNING
  2024-01-11 15:33:03 App\Events\ObjectUpdated .................. 16.96ms DONE
  2024-01-11 15:49:26 App\Events\ObjectUpdated ....................... RUNNING
  2024-01-11 15:49:27 App\Events\ObjectUpdated .................. 85.52ms DONE
  2024-01-11 15:49:34 App\Events\ObjectUpdated ....................... RUNNING
  2024-01-11 15:49:36 App\Events\ObjectUpdated ............... 1,255.16ms DONE
  2024-01-11 15:51:07 App\Events\ObjectUpdated ....................... RUNNING
  2024-01-11 15:51:07 App\Events\ObjectUpdated .................. 16.36ms DONE
  2024-01-11 15:51:08 App\Events\ObjectUpdated ....................... RUNNING
  2024-01-11 15:51:08 App\Events\ObjectUpdated .................. 69.71ms DONE
  2024-01-11 15:51:32 Spatie\MediaLibrary\Conversions\Jobs\PerformConversionsJob  RUNNING
  2024-01-11 15:51:32 Spatie\MediaLibrary\Conversions\Jobs\PerformConversionsJob  90.18ms DONE
  2024-01-11 15:51:44 App\Events\ObjectUpdated ....................... RUNNING
  2024-01-11 15:51:44 App\Events\ObjectUpdated .................. 76.19ms DONE
  2024-01-11 15:51:44 App\Events\ObjectUpdated ....................... RUNNING
  2024-01-11 15:51:44 App\Events\ObjectUpdated .................. 16.26ms DONE
  2024-01-11 15:54:26 App\Events\ObjectUpdated ....................... RUNNING
  2024-01-11 15:54:26 App\Events\ObjectUpdated .................. 78.47ms DONE
  2024-01-11 15:54:36 App\Events\ObjectUpdated ....................... RUNNING
  2024-01-11 15:54:37 App\Events\ObjectUpdated ............... 1,336.11ms DONE
  2024-01-11 15:56:56 App\Events\ObjectUpdated ....................... RUNNING
  2024-01-11 15:56:56 App\Events\ObjectUpdated .................. 35.34ms DONE
  2024-01-11 16:00:16 App\Events\ObjectUpdated ....................... RUNNING
  2024-01-11 16:00:17 App\Events\ObjectUpdated .................. 80.21ms DONE
  2024-01-12 08:01:08 App\Events\ObjectUpdated ....................... RUNNING
  2024-01-12 08:01:08 App\Events\ObjectUpdated .................. 86.35ms DONE
  2024-01-12 08:32:42 App\Events\ObjectUpdated ....................... RUNNING
  2024-01-12 08:32:42 App\Events\ObjectUpdated .................. 71.20ms DONE
  2024-01-12 08:37:42 App\Events\ObjectUpdated ....................... RUNNING
  2024-01-12 08:37:42 App\Events\ObjectUpdated .................. 79.06ms DONE
  2024-01-12 09:32:27 App\Events\ObjectUpdated ....................... RUNNING
  2024-01-12 09:32:27 App\Events\ObjectUpdated .................. 34.54ms DONE
  2024-01-12 09:32:29 App\Events\ObjectUpdated ....................... RUNNING
  2024-01-12 09:32:29 App\Events\ObjectUpdated .................. 32.21ms DONE
  2024-01-12 09:32:40 App\Events\ObjectUpdated ....................... RUNNING
  2024-01-12 09:32:40 App\Events\ObjectUpdated .................. 36.76ms DONE
  2024-01-12 09:32:42 App\Events\ObjectUpdated ....................... RUNNING
  2024-01-12 09:32:42 App\Events\ObjectUpdated .................. 24.09ms DONE
  2024-01-12 09:32:51 App\Events\ObjectUpdated ....................... RUNNING
  2024-01-12 09:32:51 App\Events\ObjectUpdated .................. 15.15ms DONE
  2024-01-12 09:32:59 App\Events\ObjectUpdated ....................... RUNNING
  2024-01-12 09:33:01 App\Events\ObjectUpdated ............... 1,871.63ms DONE
  2024-01-12 09:34:23 App\Events\ObjectUpdated ....................... RUNNING
  2024-01-12 09:34:23 App\Events\ObjectUpdated .................. 43.74ms DONE
  2024-01-12 09:35:27 App\Events\ObjectUpdated ....................... RUNNING
  2024-01-12 09:35:27 App\Events\ObjectUpdated .................. 16.07ms DONE
  2024-01-12 09:35:35 App\Events\ObjectUpdated ....................... RUNNING
  2024-01-12 09:35:37 App\Events\ObjectUpdated ............... 1,976.73ms DONE
  2024-01-12 09:35:39 App\Events\ObjectUpdated ....................... RUNNING
  2024-01-12 09:35:39 App\Events\ObjectUpdated .................. 15.62ms DONE
  2024-01-12 09:35:41 App\Events\ObjectUpdated ....................... RUNNING
  2024-01-12 09:35:41 App\Events\ObjectUpdated .................. 49.45ms DONE
  2024-01-12 09:40:20 App\Events\ObjectUpdated ....................... RUNNING
  2024-01-12 09:40:20 App\Events\ObjectUpdated .................. 36.06ms DONE
  2024-01-12 09:40:29 App\Events\ObjectUpdated ....................... RUNNING
  2024-01-12 09:40:31 App\Events\ObjectUpdated ............... 1,904.76ms DONE
  2024-01-12 09:40:38 App\Events\ObjectUpdated ....................... RUNNING
  2024-01-12 09:40:38 App\Events\ObjectUpdated .................. 19.18ms DONE
  2024-01-12 09:40:46 App\Events\ObjectUpdated ....................... RUNNING
  2024-01-12 09:40:49 App\Events\ObjectUpdated ............... 2,111.98ms DONE
  2024-01-12 10:50:25 App\Events\ObjectUpdated ....................... RUNNING
  2024-01-12 10:50:25 App\Events\ObjectUpdated .................. 84.64ms DONE
  2024-01-12 10:50:34 App\Events\ObjectUpdated ....................... RUNNING
  2024-01-12 10:50:35 App\Events\ObjectUpdated ............... 1,618.48ms DONE
  2024-01-12 10:51:18 App\Events\ObjectUpdated ....................... RUNNING
  2024-01-12 10:51:18 App\Events\ObjectUpdated .................. 36.17ms DONE
  2024-01-12 10:51:27 App\Events\ObjectUpdated ....................... RUNNING
  2024-01-12 10:51:29 App\Events\ObjectUpdated ............... 1,572.96ms DONE
  2024-01-12 10:55:22 App\Events\ObjectUpdated ....................... RUNNING
  2024-01-12 10:55:22 App\Events\ObjectUpdated .................. 35.20ms DONE
  2024-01-12 10:55:31 App\Events\ObjectUpdated ....................... RUNNING
  2024-01-12 10:55:33 App\Events\ObjectUpdated ............... 1,555.11ms DONE
  2024-01-12 12:21:15 App\Events\ObjectUpdated ....................... RUNNING
  2024-01-12 12:21:15 App\Events\ObjectUpdated .................. 71.56ms DONE
  2024-01-12 12:21:24 App\Events\ObjectUpdated ....................... RUNNING
  2024-01-12 12:21:26 App\Events\ObjectUpdated ............... 1,868.11ms DONE
  2024-01-12 12:28:04 App\Events\ObjectUpdated ....................... RUNNING
  2024-01-12 12:28:04 App\Events\ObjectUpdated .................. 34.67ms DONE
  2024-01-12 12:28:04 App\Events\ObjectUpdated ....................... RUNNING
  2024-01-12 12:28:05 App\Events\ObjectUpdated ................. 224.66ms DONE
  2024-01-12 12:28:34 App\Events\ObjectUpdated ....................... RUNNING
  2024-01-12 12:28:34 App\Events\ObjectUpdated .................. 44.24ms DONE
  2024-01-12 12:28:43 App\Events\ObjectUpdated ....................... RUNNING
  2024-01-12 12:28:45 App\Events\ObjectUpdated ............... 1,946.45ms DONE
  2024-01-12 12:43:50 App\Events\ObjectUpdated ....................... RUNNING
  2024-01-12 12:43:50 App\Events\ObjectUpdated .................. 79.15ms DONE
  2024-01-12 12:47:45 App\Events\ObjectUpdated ....................... RUNNING
  2024-01-12 12:47:45 App\Events\ObjectUpdated .................. 35.15ms DONE
  2024-01-12 12:47:55 App\Events\ObjectUpdated ....................... RUNNING
  2024-01-12 12:47:57 App\Events\ObjectUpdated ............... 1,712.27ms DONE
  2024-01-12 13:24:40 App\Events\ObjectUpdated ....................... RUNNING
  2024-01-12 13:24:40 App\Events\ObjectUpdated .................. 74.67ms DONE
  2024-01-12 13:24:50 App\Events\ObjectUpdated ....................... RUNNING
  2024-01-12 13:24:52 App\Events\ObjectUpdated ............... 1,913.58ms DONE
  2024-01-12 13:27:04 App\Events\ObjectUpdated ....................... RUNNING
  2024-01-12 13:27:04 App\Events\ObjectUpdated .................. 83.44ms DONE
  2024-01-12 13:27:11 App\Events\ObjectUpdated ....................... RUNNING
  2024-01-12 13:27:13 App\Events\ObjectUpdated ............... 2,045.55ms DONE
  2024-01-12 13:31:45 App\Events\ObjectUpdated ....................... RUNNING
  2024-01-12 13:31:45 App\Events\ObjectUpdated .................. 38.38ms DONE
  2024-01-12 13:31:54 App\Events\ObjectUpdated ....................... RUNNING
  2024-01-12 13:31:56 App\Events\ObjectUpdated ............... 2,098.83ms DONE
  2024-01-12 13:42:11 App\Events\ObjectUpdated ....................... RUNNING
  2024-01-12 13:42:11 App\Events\ObjectUpdated ................. 200.47ms DONE
  2024-01-12 13:42:19 App\Events\ObjectUpdated ....................... RUNNING
  2024-01-12 13:42:21 App\Events\ObjectUpdated ............... 1,577.66ms DONE
  2024-01-12 13:46:53 App\Events\ObjectUpdated ....................... RUNNING
  2024-01-12 13:46:53 App\Events\ObjectUpdated .................. 90.78ms DONE
  2024-01-12 13:47:02 App\Events\ObjectUpdated ....................... RUNNING
  2024-01-12 13:47:03 App\Events\ObjectUpdated ............... 1,413.48ms DONE
  2024-01-12 13:52:26 App\Events\ObjectUpdated ....................... RUNNING
  2024-01-12 13:52:26 App\Events\ObjectUpdated .................. 36.66ms DONE
  2024-01-12 13:52:32 App\Events\FieldUpdated ........................ RUNNING
  2024-01-12 13:52:32 App\Events\FieldUpdated .................. 108.89ms DONE
  2024-01-12 13:52:36 App\Events\ObjectUpdated ....................... RUNNING
  2024-01-12 13:52:38 App\Events\ObjectUpdated ............... 1,477.44ms DONE
  2024-01-12 13:58:48 App\Events\ObjectUpdated ....................... RUNNING
  2024-01-12 13:58:49 App\Events\ObjectUpdated .................. 70.27ms DONE
  2024-01-12 13:58:57 App\Events\ObjectUpdated ....................... RUNNING
  2024-01-12 13:58:59 App\Events\ObjectUpdated ............... 1,473.73ms DONE
  2024-01-12 14:01:49 App\Events\ObjectUpdated ....................... RUNNING
  2024-01-12 14:01:49 App\Events\ObjectUpdated .................. 83.75ms DONE
  2024-01-12 14:01:59 App\Events\ObjectUpdated ....................... RUNNING
  2024-01-12 14:02:00 App\Events\ObjectUpdated ............... 1,514.53ms DONE
  2024-01-12 14:04:54 App\Events\ObjectUpdated ....................... RUNNING
  2024-01-12 14:04:54 App\Events\ObjectUpdated .................. 36.31ms DONE
  2024-01-12 14:05:03 App\Events\ObjectUpdated ....................... RUNNING
  2024-01-12 14:05:04 App\Events\ObjectUpdated ............... 1,602.34ms DONE
  2024-01-12 14:11:17 App\Events\ObjectUpdated ....................... RUNNING
  2024-01-12 14:11:17 App\Events\ObjectUpdated .................. 74.40ms DONE
  2024-01-12 14:11:26 App\Events\ObjectUpdated ....................... RUNNING
  2024-01-12 14:11:27 App\Events\ObjectUpdated ............... 1,600.75ms DONE
  2024-01-12 14:13:27 App\Events\ObjectUpdated ....................... RUNNING
  2024-01-12 14:13:27 App\Events\ObjectUpdated .................. 78.54ms DONE
  2024-01-12 14:13:36 App\Events\ObjectUpdated ....................... RUNNING
  2024-01-12 14:13:38 App\Events\ObjectUpdated ............... 1,708.28ms DONE
  2024-01-12 14:17:52 App\Events\ObjectUpdated ....................... RUNNING
  2024-01-12 14:17:53 App\Events\ObjectUpdated .................. 33.07ms DONE
  2024-01-12 14:18:02 App\Events\ObjectUpdated ....................... RUNNING
  2024-01-12 14:18:04 App\Events\ObjectUpdated ............... 1,551.38ms DONE
  2024-01-12 14:19:44 App\Events\ObjectUpdated ....................... RUNNING
  2024-01-12 14:19:44 App\Events\ObjectUpdated .................. 34.65ms DONE
  2024-01-12 14:19:47 App\Events\FieldUpdated ........................ RUNNING
  2024-01-12 14:19:47 App\Events\FieldUpdated ................... 73.94ms DONE
  2024-01-12 14:19:54 App\Events\ObjectUpdated ....................... RUNNING
  2024-01-12 14:19:56 App\Events\ObjectUpdated ............... 1,485.63ms DONE
  2024-01-12 14:22:26 App\Events\ObjectUpdated ....................... RUNNING
  2024-01-12 14:22:26 App\Events\ObjectUpdated .................. 37.75ms DONE
  2024-01-12 14:22:36 App\Events\ObjectUpdated ....................... RUNNING
  2024-01-12 14:22:37 App\Events\ObjectUpdated ............... 1,501.41ms DONE
  2024-01-12 14:25:14 App\Events\ObjectUpdated ....................... RUNNING
  2024-01-12 14:25:14 App\Events\ObjectUpdated .................. 36.50ms DONE
  2024-01-12 14:25:23 App\Events\ObjectUpdated ....................... RUNNING
  2024-01-12 14:25:24 App\Events\ObjectUpdated ............... 1,516.29ms DONE
  2024-01-12 14:30:11 App\Events\ObjectUpdated ....................... RUNNING
  2024-01-12 14:30:11 App\Events\ObjectUpdated .................. 36.38ms DONE
  2024-01-12 14:30:21 App\Events\ObjectUpdated ....................... RUNNING
  2024-01-12 14:30:23 App\Events\ObjectUpdated ............... 1,351.49ms DONE
  2024-01-12 14:36:37 App\Events\ObjectUpdated ....................... RUNNING
  2024-01-12 14:36:37 App\Events\ObjectUpdated .................. 38.76ms DONE
  2024-01-12 14:36:46 App\Events\ObjectUpdated ....................... RUNNING
  2024-01-12 14:36:47 App\Events\ObjectUpdated ............... 1,318.20ms DONE
  2024-01-12 14:37:47 App\Events\ObjectUpdated ....................... RUNNING
  2024-01-12 14:37:47 App\Events\ObjectUpdated .................. 21.71ms DONE
  2024-01-12 14:37:59 App\Events\ObjectUpdated ....................... RUNNING
  2024-01-12 14:38:00 App\Events\ObjectUpdated ............... 1,345.15ms DONE
  2024-01-12 14:39:37 App\Events\ObjectUpdated ....................... RUNNING
  2024-01-12 14:39:37 App\Events\ObjectUpdated .................. 37.32ms DONE
  2024-01-12 14:39:47 App\Events\ObjectUpdated ....................... RUNNING
  2024-01-12 14:39:49 App\Events\ObjectUpdated ............... 1,374.52ms DONE
  2024-01-12 14:40:45 App\Events\ObjectUpdated ....................... RUNNING
  2024-01-12 14:40:45 App\Events\ObjectUpdated .................. 35.06ms DONE
  2024-01-12 14:40:54 App\Events\ObjectUpdated ....................... RUNNING
  2024-01-12 14:40:56 App\Events\ObjectUpdated ............... 1,343.55ms DONE
  2024-01-12 14:41:53 App\Events\ObjectUpdated ....................... RUNNING
  2024-01-12 14:41:53 App\Events\ObjectUpdated .................. 16.88ms DONE
  2024-01-12 14:42:01 App\Events\ObjectUpdated ....................... RUNNING
  2024-01-12 14:42:02 App\Events\ObjectUpdated ............... 1,405.27ms DONE
  2024-01-12 14:44:04 App\Events\ObjectUpdated ....................... RUNNING
  2024-01-12 14:44:04 App\Events\ObjectUpdated .................. 35.05ms DONE
  2024-01-12 14:44:15 App\Events\ObjectUpdated ....................... RUNNING
  2024-01-12 14:44:16 App\Events\ObjectUpdated ............... 1,348.43ms DONE
  2024-01-12 15:14:51 App\Events\ObjectUpdated ....................... RUNNING
  2024-01-12 15:14:52 App\Events\ObjectUpdated .................. 36.43ms DONE
  2024-01-12 15:19:52 App\Events\ObjectUpdated ....................... RUNNING
  2024-01-12 15:19:52 App\Events\ObjectUpdated .................. 71.70ms DONE
  2024-01-12 15:20:02 App\Events\ObjectUpdated ....................... RUNNING
  2024-01-12 15:20:04 App\Events\ObjectUpdated ............... 1,971.53ms DONE
  2024-01-12 15:21:43 App\Events\ObjectUpdated ....................... RUNNING
  2024-01-12 15:21:43 App\Events\ObjectUpdated .................. 76.81ms DONE
  2024-01-12 15:21:55 App\Events\ObjectUpdated ....................... RUNNING
  2024-01-12 15:21:57 App\Events\ObjectUpdated ............... 1,982.49ms DONE
  2024-01-12 15:23:33 App\Events\ObjectUpdated ....................... RUNNING
  2024-01-12 15:23:33 App\Events\ObjectUpdated .................. 35.78ms DONE
  2024-01-12 15:23:42 App\Events\ObjectUpdated ....................... RUNNING
  2024-01-12 15:23:44 App\Events\ObjectUpdated ............... 2,055.14ms DONE
  2024-01-12 15:34:18 App\Events\ObjectUpdated ....................... RUNNING
  2024-01-12 15:34:18 App\Events\ObjectUpdated .................. 74.76ms DONE
  2024-01-12 15:34:18 App\Events\ObjectUpdated ....................... RUNNING
  2024-01-12 15:34:18 App\Events\ObjectUpdated ................. 148.86ms DONE
  2024-01-12 15:34:34 App\Events\ObjectUpdated ....................... RUNNING
  2024-01-12 15:34:34 App\Events\ObjectUpdated .................. 95.46ms DONE
  2024-01-12 16:38:05 App\Events\FieldUpdated ........................ RUNNING
  2024-01-12 16:38:05 App\Events\FieldUpdated ................... 35.44ms DONE
  2024-01-12 16:38:12 App\Events\FieldUpdated ........................ RUNNING
  2024-01-12 16:38:12 App\Events\FieldUpdated ................... 74.54ms DONE
  2024-01-12 16:45:37 Spatie\MediaLibrary\Conversions\Jobs\PerformConversionsJob  RUNNING
  2024-01-12 16:45:38 Spatie\MediaLibrary\Conversions\Jobs\PerformConversionsJob  85.60ms DONE
  2024-01-12 16:46:38 Spatie\MediaLibrary\Conversions\Jobs\PerformConversionsJob  RUNNING
  2024-01-12 16:46:38 Spatie\MediaLibrary\Conversions\Jobs\PerformConversionsJob  100.07ms DONE
  2024-01-12 16:47:36 App\Events\FieldUpdated ........................ RUNNING
  2024-01-12 16:47:36 App\Events\FieldUpdated ................... 73.61ms DONE
  2024-01-12 16:48:09 App\Events\ObjectUpdated ....................... RUNNING
  2024-01-12 16:48:09 App\Events\ObjectUpdated .................. 15.72ms DONE
  2024-01-12 16:48:13 App\Events\ObjectUpdated ....................... RUNNING
  2024-01-12 16:48:13 App\Events\ObjectUpdated .................. 16.40ms DONE
  2024-01-12 16:49:56 Spatie\MediaLibrary\Conversions\Jobs\PerformConversionsJob  RUNNING
  2024-01-12 16:49:56 Spatie\MediaLibrary\Conversions\Jobs\PerformConversionsJob  76.15ms DONE
  2024-01-12 16:50:00 App\Events\ObjectUpdated ....................... RUNNING
  2024-01-12 16:50:00 App\Events\ObjectUpdated .................. 35.87ms DONE
  2024-01-12 16:50:03 App\Events\ObjectUpdated ....................... RUNNING
  2024-01-12 16:50:03 App\Events\ObjectUpdated .................. 34.71ms DONE
  2024-01-12 16:50:36 App\Events\FieldUpdated ........................ RUNNING
  2024-01-12 16:50:36 App\Events\FieldUpdated ................... 37.25ms DONE
  2024-01-12 16:56:49 Spatie\MediaLibrary\Conversions\Jobs\PerformConversionsJob  RUNNING
  2024-01-12 16:56:49 Spatie\MediaLibrary\Conversions\Jobs\PerformConversionsJob  71.80ms DONE
  2024-01-12 16:56:52 App\Events\ObjectUpdated ....................... RUNNING
  2024-01-12 16:56:52 App\Events\ObjectUpdated .................. 33.72ms DONE
  2024-01-12 16:56:55 App\Events\ObjectUpdated ....................... RUNNING
  2024-01-12 16:56:55 App\Events\ObjectUpdated .................. 16.12ms DONE
  2024-01-12 16:59:55 Spatie\MediaLibrary\Conversions\Jobs\PerformConversionsJob  RUNNING
  2024-01-12 16:59:55 Spatie\MediaLibrary\Conversions\Jobs\PerformConversionsJob  87.42ms DONE
  2024-01-12 16:59:58 App\Events\ObjectUpdated ....................... RUNNING
  2024-01-12 16:59:58 App\Events\ObjectUpdated .................. 36.01ms DONE
  2024-01-12 17:00:01 App\Events\ObjectUpdated ....................... RUNNING
  2024-01-12 17:00:01 App\Events\ObjectUpdated .................. 39.57ms DONE
  2024-01-12 18:31:26 App\Events\FieldUpdated ........................ RUNNING
  2024-01-12 18:31:27 App\Events\FieldUpdated ................... 92.44ms DONE
  2024-01-12 18:32:09 App\Events\FieldUpdated ........................ RUNNING
  2024-01-12 18:32:09 App\Events\FieldUpdated ................... 73.08ms DONE
  2024-01-12 18:33:10 App\Events\FieldUpdated ........................ RUNNING
  2024-01-12 18:33:10 App\Events\FieldUpdated ................... 17.58ms DONE
  2024-01-12 18:33:20 App\Events\FieldUpdated ........................ RUNNING
  2024-01-12 18:33:20 App\Events\FieldUpdated ................... 16.86ms DONE
  2024-01-12 18:41:22 App\Events\FieldUpdated ........................ RUNNING
  2024-01-12 18:41:22 App\Events\FieldUpdated ................... 75.41ms DONE
  2024-01-12 18:41:25 App\Events\FieldUpdated ........................ RUNNING
  2024-01-12 18:41:25 App\Events\FieldUpdated ................... 68.50ms DONE
  2024-01-12 18:43:15 App\Events\ObjectUpdated ....................... RUNNING
  2024-01-12 18:43:15 App\Events\ObjectUpdated .................. 39.00ms DONE
  2024-01-12 18:43:25 App\Events\ObjectUpdated ....................... RUNNING
  2024-01-12 18:43:27 App\Events\ObjectUpdated ............... 2,299.28ms DONE
  2024-01-12 18:43:36 App\Events\FieldUpdated ........................ RUNNING
  2024-01-12 18:43:36 App\Events\FieldUpdated ................... 14.95ms DONE
  2024-01-12 18:43:39 App\Events\FieldUpdated ........................ RUNNING
  2024-01-12 18:43:39 App\Events\FieldUpdated ................... 36.00ms DONE
  2024-01-12 18:44:04 App\Events\ObjectUpdated ....................... RUNNING
  2024-01-12 18:44:04 App\Events\ObjectUpdated .................. 17.26ms DONE
  2024-01-12 18:44:04 App\Events\ObjectUpdated ....................... RUNNING
  2024-01-12 18:44:04 App\Events\ObjectUpdated .................. 21.40ms DONE
  2024-01-12 18:46:03 App\Events\ObjectUpdated ....................... RUNNING
  2024-01-12 18:46:03 App\Events\ObjectUpdated .................. 33.43ms DONE
  2024-01-12 18:46:03 App\Events\ObjectUpdated ....................... RUNNING
  2024-01-12 18:46:03 App\Events\ObjectUpdated .................. 35.54ms DONE
  2024-01-12 18:46:15 App\Events\FieldUpdated ........................ RUNNING
  2024-01-12 18:46:15 App\Events\FieldUpdated ................... 15.85ms DONE
  2024-01-12 18:46:15 App\Events\FieldUpdated ........................ RUNNING
  2024-01-12 18:46:16 App\Events\FieldUpdated ................... 35.97ms DONE
  2024-01-12 18:46:21 App\Events\FieldUpdated ........................ RUNNING
  2024-01-12 18:46:21 App\Events\FieldUpdated ................... 39.04ms DONE
  2024-01-12 18:46:34 App\Events\FieldUpdated ........................ RUNNING
  2024-01-12 18:46:34 App\Events\FieldUpdated ........................ RUNNING
  2024-01-12 18:46:34 App\Events\FieldUpdated ................... 16.91ms DONE
  2024-01-12 18:46:34 App\Events\FieldUpdated ................... 22.85ms DONE
  2024-01-12 18:46:37 App\Events\FieldUpdated ........................ RUNNING
  2024-01-12 18:46:37 App\Events\FieldUpdated ................... 16.56ms DONE
  2024-01-12 18:50:50 App\Events\ObjectUpdated ....................... RUNNING
  2024-01-12 18:50:50 App\Events\ObjectUpdated .................. 71.36ms DONE
  2024-01-12 18:50:53 App\Events\ObjectUpdated ....................... RUNNING
  2024-01-12 18:50:54 App\Events\ObjectUpdated .................. 46.81ms DONE
  2024-01-12 18:50:54 App\Events\ObjectUpdated ....................... RUNNING
  2024-01-12 18:50:54 App\Events\ObjectUpdated .................. 62.56ms DONE
  2024-01-12 18:50:56 App\Events\ObjectUpdated ....................... RUNNING
  2024-01-12 18:50:56 App\Events\ObjectUpdated .................. 71.32ms DONE
  2024-01-12 18:50:57 App\Events\ObjectUpdated ....................... RUNNING
  2024-01-12 18:50:57 App\Events\ObjectUpdated ................. 105.65ms DONE
  2024-01-12 18:51:18 App\Events\ObjectUpdated ....................... RUNNING
  2024-01-12 18:51:18 App\Events\ObjectUpdated ....................... RUNNING
  2024-01-12 18:51:18 App\Events\ObjectUpdated .................. 73.97ms DONE
  2024-01-12 18:51:18 App\Events\ObjectUpdated .................. 69.65ms DONE
  2024-01-12 18:51:24 App\Events\ObjectUpdated ....................... RUNNING
  2024-01-12 18:51:24 App\Events\ObjectUpdated .................. 50.24ms DONE
  2024-01-12 18:51:25 App\Events\ObjectUpdated ....................... RUNNING
  2024-01-12 18:51:25 App\Events\ObjectUpdated .................. 61.99ms DONE
  2024-01-12 18:54:25 App\Events\ObjectUpdated ....................... RUNNING
  2024-01-12 18:54:25 App\Events\ObjectUpdated ................. 118.39ms DONE
  2024-01-12 18:54:40 App\Events\ObjectUpdated ....................... RUNNING
  2024-01-12 18:54:40 App\Events\ObjectUpdated .................. 79.89ms DONE
  2024-01-12 19:21:17 App\Events\ObjectUpdated ....................... RUNNING
  2024-01-12 19:21:18 App\Events\ObjectUpdated ................. 128.29ms DONE
  2024-01-12 19:21:18 App\Events\ObjectUpdated ....................... RUNNING
  2024-01-12 19:21:18 App\Events\ObjectUpdated .................. 18.29ms DONE
  2024-01-12 19:24:28 App\Events\FieldUpdated ........................ RUNNING
  2024-01-12 19:24:28 App\Events\FieldUpdated ................... 74.47ms DONE
  2024-01-12 19:24:30 App\Events\FieldUpdated ........................ RUNNING
  2024-01-12 19:24:30 App\Events\FieldUpdated ................... 35.78ms DONE
  2024-01-12 19:24:37 App\Events\FieldUpdated ........................ RUNNING
  2024-01-12 19:24:37 App\Events\FieldUpdated ................... 36.18ms DONE
  2024-01-12 19:24:39 App\Events\FieldUpdated ........................ RUNNING
  2024-01-12 19:24:39 App\Events\FieldUpdated ................... 19.52ms DONE
  2024-01-12 19:27:16 Spatie\MediaLibrary\Conversions\Jobs\PerformConversionsJob  RUNNING
  2024-01-12 19:27:16 Spatie\MediaLibrary\Conversions\Jobs\PerformConversionsJob  54.95ms DONE
  2024-01-12 19:34:14 App\Events\FieldUpdated ........................ RUNNING
  2024-01-12 19:34:14 App\Events\FieldUpdated ................... 34.20ms DONE
  2024-01-12 19:35:58 App\Events\FieldUpdated ........................ RUNNING
  2024-01-12 19:35:58 App\Events\FieldUpdated ................... 65.51ms DONE
  2024-01-12 19:38:12 App\Events\FieldUpdated ........................ RUNNING
  2024-01-12 19:38:12 App\Events\FieldUpdated ................... 37.48ms DONE
  2024-01-12 19:38:27 App\Events\FieldUpdated ........................ RUNNING
  2024-01-12 19:38:27 App\Events\FieldUpdated ................... 17.69ms DONE
  2024-01-12 19:39:55 App\Events\FieldUpdated ........................ RUNNING
  2024-01-12 19:39:55 App\Events\FieldUpdated ................... 16.52ms DONE
  2024-01-12 19:43:42 App\Events\FieldUpdated ........................ RUNNING
  2024-01-12 19:43:42 App\Events\FieldUpdated ................... 36.08ms DONE
  2024-01-12 19:56:06 App\Events\FieldUpdated ........................ RUNNING
  2024-01-12 19:56:06 App\Events\FieldUpdated ........................ RUNNING
  2024-01-12 19:56:06 App\Events\FieldUpdated ................... 63.03ms DONE
  2024-01-12 19:56:06 App\Events\FieldUpdated ................... 75.22ms DONE
  2024-01-12 20:02:22 App\Events\FieldUpdated ........................ RUNNING
  2024-01-12 20:02:22 App\Events\FieldUpdated ........................ RUNNING
  2024-01-12 20:02:22 App\Events\FieldUpdated ................... 38.87ms DONE
  2024-01-12 20:02:22 App\Events\FieldUpdated ................... 29.86ms DONE
  2024-01-12 20:03:11 App\Events\FieldUpdated ........................ RUNNING
  2024-01-12 20:03:11 App\Events\FieldUpdated ................... 19.45ms DONE
  2024-01-12 20:03:11 App\Events\FieldUpdated ........................ RUNNING
  2024-01-12 20:03:11 App\Events\FieldUpdated ................... 68.29ms DONE
  2024-01-12 20:05:59 App\Events\FieldUpdated ........................ RUNNING
  2024-01-12 20:05:59 App\Events\FieldUpdated ................... 77.14ms DONE
  2024-01-12 20:05:59 App\Events\FieldUpdated ........................ RUNNING
  2024-01-12 20:05:59 App\Events\FieldUpdated ................... 77.50ms DONE
  2024-01-12 20:06:11 App\Events\FieldUpdated ........................ RUNNING
  2024-01-12 20:06:11 App\Events\FieldUpdated ................... 16.66ms DONE
  2024-01-12 20:06:36 App\Events\FieldUpdated ........................ RUNNING
  2024-01-12 20:06:36 App\Events\FieldUpdated ................... 82.80ms DONE
  2024-01-12 20:09:51 App\Events\FieldUpdated ........................ RUNNING
  2024-01-12 20:09:51 App\Events\FieldUpdated ................... 34.84ms DONE
  2024-01-12 20:09:51 App\Events\FieldUpdated ........................ RUNNING
  2024-01-12 20:09:51 App\Events\FieldUpdated ................... 35.45ms DONE
  2024-01-12 20:10:31 App\Events\FieldUpdated ........................ RUNNING
  2024-01-12 20:10:31 App\Events\FieldUpdated ................... 15.86ms DONE
  2024-01-12 20:12:14 App\Events\FieldUpdated ........................ RUNNING
  2024-01-12 20:12:15 App\Events\FieldUpdated ................... 91.81ms DONE
  2024-01-12 20:18:39 App\Events\FieldUpdated ........................  2024-01-12 20:18:39 App\Events\FieldUpdated ........................ RUNNING
 RUNNING
  2024-01-12 20:18:39 App\Events\FieldUpdated ................... 34.09ms DONE
  2024-01-12 20:18:39 App\Events\FieldUpdated ................... 36.08ms DONE
  2024-01-12 20:20:01 App\Events\FieldUpdated ........................ RUNNING
  2024-01-12 20:20:02 App\Events\FieldUpdated ................... 21.04ms DONE
  2024-01-12 20:23:15 App\Events\FieldUpdated ........................ RUNNING
  2024-01-12 20:23:15 App\Events\FieldUpdated ................... 41.42ms DONE
  2024-01-12 20:23:20 App\Events\FieldUpdated ........................ RUNNING
  2024-01-12 20:23:20 App\Events\FieldUpdated ........................ RUNNING
  2024-01-12 20:23:20 App\Events\FieldUpdated ................... 80.45ms DONE
  2024-01-12 20:23:20 App\Events\FieldUpdated ................... 88.69ms DONE
  2024-01-12 20:25:37 App\Events\FieldUpdated ........................ RUNNING
  2024-01-12 20:25:37 App\Events\FieldUpdated .................. 197.92ms DONE
  2024-01-12 20:25:40 App\Events\FieldUpdated ........................ RUNNING
  2024-01-12 20:25:40 App\Events\FieldUpdated ................... 35.14ms DONE
  2024-01-12 20:26:20 App\Events\FieldUpdated ........................ RUNNING
  2024-01-12 20:26:20 App\Events\FieldUpdated ................... 35.42ms DONE
  2024-01-12 20:26:20 App\Events\FieldUpdated ........................ RUNNING
  2024-01-12 20:26:20 App\Events\FieldUpdated ................... 18.33ms DONE
  2024-01-12 20:40:06 App\Events\ObjectUpdated ....................... RUNNING
  2024-01-12 20:40:06 App\Events\ObjectUpdated .................. 70.74ms DONE
  2024-01-12 20:40:07 App\Events\ObjectUpdated ....................... RUNNING
  2024-01-12 20:40:07 App\Events\ObjectUpdated .................. 70.40ms DONE
  2024-01-12 20:43:05 App\Events\ObjectUpdated ....................... RUNNING
  2024-01-12 20:43:05 App\Events\ObjectUpdated .................. 33.15ms DONE
  2024-01-12 20:45:49 App\Events\ObjectUpdated ....................... RUNNING
  2024-01-12 20:45:49 App\Events\ObjectUpdated .................. 31.07ms DONE
  2024-01-12 20:45:53 App\Events\ObjectUpdated ....................... RUNNING
  2024-01-12 20:45:53 App\Events\ObjectUpdated ................. 109.66ms DONE
  2024-01-12 20:48:56 App\Events\ObjectUpdated ....................... RUNNING
  2024-01-12 20:48:56 App\Events\ObjectUpdated .................. 73.79ms DONE
  2024-01-12 20:48:57 App\Events\ObjectUpdated ....................... RUNNING
  2024-01-12 20:48:57 App\Events\ObjectUpdated .................. 45.29ms DONE
  2024-01-12 20:49:54 App\Events\ObjectUpdated ....................... RUNNING
  2024-01-12 20:49:54 App\Events\ObjectUpdated .................. 33.67ms DONE
  2024-01-12 20:52:11 App\Events\ObjectUpdated ....................... RUNNING
  2024-01-12 20:52:11 App\Events\ObjectUpdated .................. 71.18ms DONE
  2024-01-12 20:52:13 App\Events\ObjectUpdated ....................... RUNNING
  2024-01-12 20:52:13 App\Events\ObjectUpdated .................. 80.21ms DONE
  2024-01-13 18:21:13 App\Events\ObjectUpdated ....................... RUNNING
  2024-01-13 18:21:13 App\Events\ObjectUpdated .................. 72.93ms DONE
  2024-01-13 18:21:13 App\Events\ObjectUpdated ....................... RUNNING
  2024-01-13 18:21:14 App\Events\ObjectUpdated .................. 79.22ms DONE
  2024-01-13 18:22:17 App\Events\ObjectUpdated ....................... RUNNING
  2024-01-13 18:22:17 App\Events\ObjectUpdated .................. 16.18ms DONE
  2024-01-13 18:22:18 App\Events\ObjectUpdated ....................... RUNNING
  2024-01-13 18:22:18 App\Events\ObjectUpdated .................. 80.97ms DONE
  2024-01-13 18:25:05 App\Events\ObjectUpdated ....................... RUNNING
  2024-01-13 18:25:05 App\Events\ObjectUpdated .................. 32.39ms DONE
  2024-01-13 18:25:08 App\Events\ObjectUpdated ....................... RUNNING
  2024-01-13 18:25:08 App\Events\ObjectUpdated .................. 17.16ms DONE
  2024-01-13 18:25:08 App\Events\ObjectUpdated ....................... RUNNING
  2024-01-13 18:25:08 App\Events\ObjectUpdated .................. 15.60ms DONE
  2024-01-13 18:59:23 App\Events\FieldUpdated ........................ RUNNING
  2024-01-13 18:59:23 App\Events\FieldUpdated .................. 111.28ms DONE
  2024-01-13 19:01:24 App\Events\FieldUpdated ........................ RUNNING
  2024-01-13 19:01:24 App\Events\FieldUpdated ................... 70.45ms DONE
  2024-01-13 19:09:41 App\Events\FieldUpdated ........................ RUNNING
  2024-01-13 19:09:41 App\Events\FieldUpdated ................... 72.87ms DONE
  2024-01-13 19:13:58 App\Events\FieldUpdated ........................ RUNNING
  2024-01-13 19:13:58 App\Events\FieldUpdated ................... 85.29ms DONE
  2024-01-13 19:26:19 App\Events\FieldUpdated ........................ RUNNING
  2024-01-13 19:26:19 App\Events\FieldUpdated ................... 72.78ms DONE
  2024-01-13 19:26:27 App\Events\FieldUpdated ........................ RUNNING
  2024-01-13 19:26:27 App\Events\FieldUpdated ................... 82.09ms DONE
  2024-01-13 19:26:30 App\Events\FieldUpdated ........................ RUNNING
  2024-01-13 19:26:30 App\Events\FieldUpdated ................... 13.77ms DONE
  2024-01-13 19:26:33 App\Events\FieldUpdated ........................ RUNNING
  2024-01-13 19:26:33 App\Events\FieldUpdated ................... 15.52ms DONE
  2024-01-13 20:43:22 App\Events\FieldUpdated ........................ RUNNING
  2024-01-13 20:43:22 App\Events\FieldUpdated ................... 88.32ms DONE
  2024-01-13 21:17:36 Spatie\MediaLibrary\Conversions\Jobs\PerformConversionsJob  RUNNING
  2024-01-13 21:17:37 Spatie\MediaLibrary\Conversions\Jobs\PerformConversionsJob  74.65ms DONE
  2024-01-13 21:17:43 App\Events\ObjectUpdated ....................... RUNNING
  2024-01-13 21:17:43 App\Events\ObjectUpdated .................. 33.75ms DONE
  2024-01-13 21:17:44 App\Events\ObjectUpdated ....................... RUNNING
  2024-01-13 21:17:44 App\Events\ObjectUpdated .................. 34.60ms DONE
  2024-01-13 21:27:17 Spatie\MediaLibrary\Conversions\Jobs\PerformConversionsJob  RUNNING
  2024-01-13 21:27:17 Spatie\MediaLibrary\Conversions\Jobs\PerformConversionsJob  73.39ms DONE
  2024-01-13 21:27:51 Spatie\MediaLibrary\Conversions\Jobs\PerformConversionsJob  RUNNING
  2024-01-13 21:27:51 Spatie\MediaLibrary\Conversions\Jobs\PerformConversionsJob  77.10ms DONE
  2024-01-13 21:28:14 Spatie\MediaLibrary\Conversions\Jobs\PerformConversionsJob  RUNNING
  2024-01-13 21:28:14 Spatie\MediaLibrary\Conversions\Jobs\PerformConversionsJob  58.43ms DONE
  2024-01-13 21:28:39 Spatie\MediaLibrary\Conversions\Jobs\PerformConversionsJob  RUNNING
  2024-01-13 21:28:39 Spatie\MediaLibrary\Conversions\Jobs\PerformConversionsJob  72.31ms DONE
  2024-01-13 21:29:09 Spatie\MediaLibrary\Conversions\Jobs\PerformConversionsJob  RUNNING
  2024-01-13 21:29:09 Spatie\MediaLibrary\Conversions\Jobs\PerformConversionsJob  71.86ms DONE
  2024-01-13 21:30:01 Spatie\MediaLibrary\Conversions\Jobs\PerformConversionsJob  RUNNING
  2024-01-13 21:30:01 Spatie\MediaLibrary\Conversions\Jobs\PerformConversionsJob  71.87ms DONE
  2024-01-13 21:30:08 App\Events\ObjectUpdated ....................... RUNNING
  2024-01-13 21:30:08 App\Events\ObjectUpdated .................. 34.92ms DONE
  2024-01-13 21:30:11 App\Events\ObjectUpdated ....................... RUNNING
  2024-01-13 21:30:11 App\Events\ObjectUpdated .................. 36.14ms DONE
  2024-01-13 21:34:52 Spatie\MediaLibrary\Conversions\Jobs\PerformConversionsJob  RUNNING
  2024-01-13 21:34:52 Spatie\MediaLibrary\Conversions\Jobs\PerformConversionsJob  70.05ms DONE
  2024-01-13 21:38:04 Spatie\MediaLibrary\Conversions\Jobs\PerformConversionsJob  RUNNING
  2024-01-13 21:38:04 Spatie\MediaLibrary\Conversions\Jobs\PerformConversionsJob  66.52ms DONE
  2024-01-13 21:41:35 Spatie\MediaLibrary\Conversions\Jobs\PerformConversionsJob  RUNNING
  2024-01-13 21:41:35 Spatie\MediaLibrary\Conversions\Jobs\PerformConversionsJob  84.35ms DONE
  2024-01-13 21:45:48 Spatie\MediaLibrary\Conversions\Jobs\PerformConversionsJob  RUNNING
  2024-01-13 21:45:48 Spatie\MediaLibrary\Conversions\Jobs\PerformConversionsJob  68.58ms DONE
  2024-01-13 21:47:11 Spatie\MediaLibrary\Conversions\Jobs\PerformConversionsJob  RUNNING
  2024-01-13 21:47:11 Spatie\MediaLibrary\Conversions\Jobs\PerformConversionsJob  72.13ms DONE
  2024-01-13 21:53:08 Spatie\MediaLibrary\Conversions\Jobs\PerformConversionsJob  RUNNING
  2024-01-13 21:53:08 Spatie\MediaLibrary\Conversions\Jobs\PerformConversionsJob  75.95ms DONE
  2024-01-13 21:54:28 Spatie\MediaLibrary\Conversions\Jobs\PerformConversionsJob  RUNNING
  2024-01-13 21:54:28 Spatie\MediaLibrary\Conversions\Jobs\PerformConversionsJob  79.77ms DONE
  2024-01-13 21:54:31 App\Events\ObjectUpdated ....................... RUNNING
  2024-01-13 21:54:31 App\Events\ObjectUpdated .................. 74.81ms DONE
  2024-01-13 21:54:34 App\Events\ObjectUpdated ....................... RUNNING
  2024-01-13 21:54:34 App\Events\ObjectUpdated .................. 36.11ms DONE
  2024-01-13 21:56:49 Spatie\MediaLibrary\Conversions\Jobs\PerformConversionsJob  RUNNING
  2024-01-13 21:56:49 Spatie\MediaLibrary\Conversions\Jobs\PerformConversionsJob  96.71ms DONE
  2024-01-13 21:56:52 App\Events\ObjectUpdated ....................... RUNNING
  2024-01-13 21:56:52 App\Events\ObjectUpdated .................. 35.53ms DONE
  2024-01-13 21:56:55 App\Events\ObjectUpdated ....................... RUNNING
  2024-01-13 21:56:55 App\Events\ObjectUpdated .................. 36.90ms DONE
  2024-01-13 21:57:01 App\Events\ObjectUpdated ....................... RUNNING
  2024-01-13 21:57:01 App\Events\ObjectUpdated .................. 31.92ms DONE
  2024-01-13 21:57:04 App\Events\ObjectUpdated ....................... RUNNING
  2024-01-13 21:57:04 App\Events\ObjectUpdated .................. 17.73ms DONE
  2024-01-13 21:58:39 App\Events\ObjectUpdated ....................... RUNNING
  2024-01-13 21:58:39 App\Events\ObjectUpdated .................. 15.83ms DONE
  2024-01-13 21:58:41 App\Events\ObjectUpdated ....................... RUNNING
  2024-01-13 21:58:43 App\Events\ObjectUpdated ............... 1,731.42ms DONE
  2024-01-13 21:58:54 App\Events\ObjectUpdated ....................... RUNNING
  2024-01-13 21:58:56 App\Events\ObjectUpdated ............... 1,808.21ms DONE
  2024-01-13 21:59:09 App\Events\ObjectUpdated ....................... RUNNING
  2024-01-13 21:59:11 App\Events\ObjectUpdated ............... 1,884.91ms DONE
  2024-01-13 21:59:12 App\Events\ObjectUpdated ....................... RUNNING
  2024-01-13 21:59:14 App\Events\ObjectUpdated ............... 1,871.47ms DONE
  2024-01-13 22:21:04 App\Events\ObjectUpdated ....................... RUNNING
  2024-01-13 22:21:04 App\Events\ObjectUpdated .................. 37.91ms DONE
  2024-01-13 22:21:06 App\Events\ObjectUpdated ....................... RUNNING
  2024-01-13 22:21:06 App\Events\ObjectUpdated .................. 35.76ms DONE
  2024-01-13 22:21:06 App\Events\ObjectUpdated ....................... RUNNING
  2024-01-13 22:21:06 App\Events\ObjectUpdated .................. 17.81ms DONE
  2024-01-13 22:21:12 App\Events\ObjectUpdated ....................... RUNNING
  2024-01-13 22:21:12 App\Events\ObjectUpdated .................. 18.00ms DONE
  2024-01-13 22:21:14 App\Events\ObjectUpdated ....................... RUNNING
  2024-01-13 22:21:14 App\Events\ObjectUpdated .................. 77.94ms DONE
  2024-01-13 22:21:14 App\Events\ObjectUpdated ....................... RUNNING
  2024-01-13 22:21:14 App\Events\ObjectUpdated .................. 16.10ms DONE
  2024-01-14 23:58:49 App\Events\ObjectUpdated ....................... RUNNING
  2024-01-14 23:58:49 App\Events\ObjectUpdated .................. 72.31ms DONE
  2024-01-14 23:58:49 App\Events\ObjectUpdated ....................... RUNNING
  2024-01-14 23:58:49 App\Events\ObjectUpdated .................. 86.02ms DONE
  2024-01-15 00:02:04 App\Events\ObjectUpdated ....................... RUNNING
  2024-01-15 00:02:05 App\Events\ObjectUpdated .................. 74.14ms DONE
  2024-01-15 00:02:07 App\Events\ObjectUpdated ....................... RUNNING
  2024-01-15 00:02:09 App\Events\ObjectUpdated ............... 1,501.08ms DONE
  2024-01-15 00:04:51 App\Events\ObjectUpdated ....................... RUNNING
  2024-01-15 00:04:51 App\Events\ObjectUpdated .................. 41.48ms DONE
  2024-01-15 00:04:53 App\Events\ObjectUpdated ....................... RUNNING
  2024-01-15 00:04:53 App\Events\ObjectUpdated .................. 34.39ms DONE
  2024-01-15 00:05:47 App\Events\ObjectUpdated ....................... RUNNING
  2024-01-15 00:05:47 App\Events\ObjectUpdated .................. 36.67ms DONE
  2024-01-15 00:05:50 App\Events\ObjectUpdated ....................... RUNNING
  2024-01-15 00:05:51 App\Events\ObjectUpdated ............... 1,449.15ms DONE
  2024-01-15 00:06:49 App\Events\ObjectUpdated ....................... RUNNING
  2024-01-15 00:06:49 App\Events\ObjectUpdated .................. 21.36ms DONE
  2024-01-15 00:06:51 App\Events\ObjectUpdated ....................... RUNNING
  2024-01-15 00:06:51 App\Events\ObjectUpdated .................. 17.80ms DONE
  2024-01-15 08:50:30 App\Events\FieldUpdated ........................ RUNNING
  2024-01-15 08:50:30 App\Events\FieldUpdated ................... 72.06ms DONE
  2024-01-15 08:50:35 App\Events\FieldUpdated ........................ RUNNING
  2024-01-15 08:50:35 App\Events\FieldUpdated ................... 33.08ms DONE
  2024-01-15 08:50:50 App\Events\FieldUpdated ........................ RUNNING
  2024-01-15 08:50:50 App\Events\FieldUpdated ................... 14.55ms DONE
  2024-01-15 08:50:50 App\Events\FieldUpdated ........................ RUNNING
  2024-01-15 08:50:51 App\Events\FieldUpdated ................... 15.40ms DONE
  2024-01-15 10:01:25 App\Events\ObjectUpdated ....................... RUNNING
  2024-01-15 10:01:25 App\Events\ObjectUpdated .................. 81.50ms DONE
  2024-01-15 10:01:35 App\Events\ObjectUpdated ....................... RUNNING
  2024-01-15 10:01:37 App\Events\ObjectUpdated ............... 1,674.60ms DONE
  2024-01-15 10:07:43 App\Events\ObjectUpdated ....................... RUNNING
  2024-01-15 10:07:43 App\Events\ObjectUpdated .................. 38.36ms DONE
  2024-01-15 10:07:52 App\Events\ObjectUpdated ....................... RUNNING
  2024-01-15 10:07:54 App\Events\ObjectUpdated ............... 1,702.72ms DONE
  2024-01-15 10:31:21 App\Events\ObjectUpdated ....................... RUNNING
  2024-01-15 10:31:21 App\Events\ObjectUpdated .................. 85.38ms DONE
  2024-01-15 10:31:33 App\Events\ObjectUpdated ....................... RUNNING
  2024-01-15 10:31:34 App\Events\ObjectUpdated ............... 1,558.20ms DONE
  2024-01-15 13:08:46 App\Events\FieldUpdated ........................ RUNNING
  2024-01-15 13:08:47 App\Events\FieldUpdated ................... 70.01ms DONE
  2024-01-15 13:13:46 App\Events\FieldUpdated ........................ RUNNING
  2024-01-15 13:13:46 App\Events\FieldUpdated ................... 37.68ms DONE
  2024-01-15 13:17:53 App\Events\FieldUpdated ........................ RUNNING
  2024-01-15 13:17:53 App\Events\FieldUpdated ................... 33.87ms DONE
  2024-01-15 13:20:32 App\Events\ObjectUpdated ....................... RUNNING
  2024-01-15 13:20:32 App\Events\ObjectUpdated .................. 81.41ms DONE
  2024-01-15 20:11:53 App\Events\ObjectUpdated ....................... RUNNING
  2024-01-15 20:11:53 App\Events\ObjectUpdated .................. 39.43ms DONE
  2024-01-15 20:11:55 App\Events\ObjectUpdated ....................... RUNNING
  2024-01-15 20:11:55 App\Events\ObjectUpdated .................. 38.69ms DONE
  2024-01-15 22:43:36 App\Events\ObjectUpdated ....................... RUNNING
  2024-01-15 22:43:38 App\Events\ObjectUpdated ............... 1,843.48ms DONE
  2024-01-15 22:44:04 App\Events\ObjectUpdated ....................... RUNNING
  2024-01-15 22:44:04 App\Events\ObjectUpdated .................. 69.06ms DONE
  2024-01-15 22:44:07 App\Events\ObjectUpdated ....................... RUNNING
  2024-01-15 22:44:07 App\Events\ObjectUpdated ................. 214.60ms DONE
  2024-01-15 22:44:07 App\Events\ObjectUpdated ....................... RUNNING
  2024-01-15 22:44:07 App\Events\ObjectUpdated .................. 17.63ms DONE
  2024-01-15 22:44:07 App\Events\ObjectUpdated ....................... RUNNING
  2024-01-15 22:44:07 App\Events\ObjectUpdated .................. 17.78ms DONE
  2024-01-15 22:44:07 App\Events\ObjectUpdated ....................... RUNNING
  2024-01-15 22:44:08 App\Events\ObjectUpdated .................. 20.73ms DONE
  2024-01-15 22:44:08 App\Events\ObjectUpdated ....................... RUNNING
  2024-01-15 22:44:08 App\Events\ObjectUpdated .................. 15.73ms DONE
  2024-01-15 22:44:08 App\Events\ObjectUpdated ....................... RUNNING
  2024-01-15 22:44:08 App\Events\ObjectUpdated .................. 17.47ms DONE
  2024-01-15 22:54:17 App\Events\ObjectUpdated ....................... RUNNING
  2024-01-15 22:54:19 App\Events\ObjectUpdated ............... 1,952.39ms DONE
  2024-01-15 23:03:41 App\Events\FieldUpdated ........................ RUNNING
  2024-01-15 23:03:41 App\Events\FieldUpdated ................... 38.47ms DONE
  2024-01-15 23:04:16 App\Events\ObjectUpdated ....................... RUNNING
  2024-01-15 23:04:16 App\Events\ObjectUpdated .................. 36.31ms DONE
  2024-01-15 23:04:19 App\Events\ObjectUpdated ....................... RUNNING
  2024-01-15 23:04:19 App\Events\ObjectUpdated .................. 15.97ms DONE
  2024-01-15 23:04:31 App\Events\FieldUpdated ........................ RUNNING
  2024-01-15 23:04:31 App\Events\FieldUpdated ................... 16.09ms DONE
  2024-01-15 23:08:18 App\Events\ObjectUpdated ....................... RUNNING
  2024-01-15 23:08:19 App\Events\ObjectUpdated .................. 35.21ms DONE
  2024-01-15 23:08:19 App\Events\ObjectUpdated ....................... RUNNING
  2024-01-15 23:08:21 App\Events\ObjectUpdated ............... 1,689.72ms DONE
  2024-01-15 23:08:32 App\Events\ObjectUpdated ....................... RUNNING
  2024-01-15 23:08:32 App\Events\ObjectUpdated .................. 75.14ms DONE
  2024-01-15 23:08:33 App\Events\ObjectUpdated ....................... RUNNING
  2024-01-15 23:08:33 App\Events\ObjectUpdated .................. 17.95ms DONE
  2024-01-15 23:08:34 App\Events\ObjectUpdated ....................... RUNNING
  2024-01-15 23:08:34 App\Events\ObjectUpdated .................. 16.33ms DONE
  2024-01-15 23:08:34 App\Events\ObjectUpdated ....................... RUNNING
  2024-01-15 23:08:34 App\Events\ObjectUpdated .................. 16.98ms DONE
  2024-01-15 23:08:34 App\Events\ObjectUpdated ....................... RUNNING
  2024-01-15 23:08:34 App\Events\ObjectUpdated .................. 20.03ms DONE
  2024-01-15 23:08:34 App\Events\ObjectUpdated ....................... RUNNING
  2024-01-15 23:08:34 App\Events\ObjectUpdated .................. 14.50ms DONE
  2024-01-15 23:10:13 App\Events\ObjectUpdated ....................... RUNNING
  2024-01-15 23:10:13 App\Events\ObjectUpdated .................. 16.50ms DONE
  2024-01-15 23:10:16 App\Events\ObjectUpdated ....................... RUNNING
  2024-01-15 23:10:16 App\Events\ObjectUpdated .................. 14.57ms DONE
  2024-01-15 23:12:50 App\Events\FieldUpdated ........................ RUNNING
  2024-01-15 23:12:50 App\Events\FieldUpdated ................... 32.98ms DONE
  2024-01-15 23:15:04 App\Events\ObjectUpdated ....................... RUNNING
  2024-01-15 23:15:04 App\Events\ObjectUpdated .................. 37.99ms DONE
  2024-01-15 23:15:06 App\Events\ObjectUpdated ....................... RUNNING
  2024-01-15 23:15:06 App\Events\ObjectUpdated .................. 37.26ms DONE
  2024-01-15 23:17:11 Spatie\MediaLibrary\Conversions\Jobs\PerformConversionsJob  RUNNING
  2024-01-15 23:17:12 Spatie\MediaLibrary\Conversions\Jobs\PerformConversionsJob  1,180.43ms DONE
  2024-01-15 23:17:15 App\Events\ObjectUpdated ....................... RUNNING
  2024-01-15 23:17:15 App\Events\ObjectUpdated .................. 35.25ms DONE
  2024-01-15 23:17:17 App\Events\ObjectUpdated ....................... RUNNING
  2024-01-15 23:17:17 App\Events\ObjectUpdated .................. 38.32ms DONE
  2024-01-15 23:17:57 Spatie\MediaLibrary\Conversions\Jobs\PerformConversionsJob  RUNNING
  2024-01-15 23:17:58 Spatie\MediaLibrary\Conversions\Jobs\PerformConversionsJob  1,159.17ms DONE
  2024-01-15 23:18:04 App\Events\ObjectUpdated ....................... RUNNING
  2024-01-15 23:18:04 App\Events\ObjectUpdated .................. 14.53ms DONE
  2024-01-15 23:18:04 App\Events\ObjectUpdated ....................... RUNNING
  2024-01-15 23:18:04 App\Events\ObjectUpdated .................. 18.32ms DONE
  2024-01-15 23:23:03 App\Events\FieldUpdated ........................ RUNNING
  2024-01-15 23:23:03 App\Events\FieldUpdated ................... 70.45ms DONE
  2024-01-15 23:27:29 App\Events\ObjectUpdated ....................... RUNNING
  2024-01-15 23:27:29 App\Events\ObjectUpdated .................. 77.95ms DONE
  2024-01-15 23:27:31 App\Events\ObjectUpdated ....................... RUNNING
  2024-01-15 23:27:33 App\Events\ObjectUpdated ............... 1,776.64ms DONE
  2024-01-15 23:27:44 App\Events\ObjectUpdated ....................... RUNNING
  2024-01-15 23:27:45 App\Events\ObjectUpdated ............... 1,820.32ms DONE
  2024-01-15 23:56:59 App\Events\ObjectUpdated ....................... RUNNING
  2024-01-15 23:57:01 App\Events\ObjectUpdated ............... 1,992.75ms DONE
  2024-01-15 23:57:29 App\Events\ObjectUpdated ....................... RUNNING
  2024-01-15 23:57:29 App\Events\ObjectUpdated .................. 17.70ms DONE
  2024-01-15 23:57:31 App\Events\ObjectUpdated ....................... RUNNING
  2024-01-15 23:57:32 App\Events\ObjectUpdated ............... 1,288.11ms DONE
  2024-01-15 23:57:39 App\Events\ObjectUpdated ....................... RUNNING
  2024-01-15 23:57:40 App\Events\ObjectUpdated ............... 1,304.67ms DONE
  2024-01-15 23:59:01 App\Events\ObjectUpdated ....................... RUNNING
  2024-01-15 23:59:01 App\Events\ObjectUpdated .................. 23.38ms DONE
  2024-01-15 23:59:03 App\Events\ObjectUpdated ....................... RUNNING
  2024-01-15 23:59:03 App\Events\ObjectUpdated .................. 74.19ms DONE
  2024-01-15 23:59:03 App\Events\ObjectUpdated ....................... RUNNING
  2024-01-15 23:59:03 App\Events\ObjectUpdated .................. 15.17ms DONE
  2024-01-15 23:59:07 App\Events\ObjectUpdated ....................... RUNNING
  2024-01-15 23:59:07 App\Events\ObjectUpdated .................. 14.62ms DONE
  2024-01-15 23:59:09 App\Events\ObjectUpdated ....................... RUNNING
  2024-01-15 23:59:09 App\Events\ObjectUpdated .................. 14.02ms DONE
  2024-01-15 23:59:26 App\Events\ObjectUpdated ....................... RUNNING
  2024-01-15 23:59:26 App\Events\ObjectUpdated .................. 83.77ms DONE
  2024-01-15 23:59:28 App\Events\ObjectUpdated ....................... RUNNING
  2024-01-15 23:59:28 App\Events\ObjectUpdated .................. 16.09ms DONE
  2024-01-16 00:02:46 App\Events\ObjectUpdated ....................... RUNNING
  2024-01-16 00:02:46 App\Events\ObjectUpdated ................. 174.98ms DONE
  2024-01-16 00:05:38 App\Events\ObjectUpdated ....................... RUNNING
  2024-01-16 00:05:38 App\Events\ObjectUpdated .................. 73.81ms DONE
  2024-01-16 00:05:44 App\Events\ObjectUpdated ....................... RUNNING
  2024-01-16 00:05:44 App\Events\ObjectUpdated .................. 96.42ms DONE
  2024-01-16 00:05:59 App\Events\ObjectUpdated ....................... RUNNING
  2024-01-16 00:05:59 App\Events\ObjectUpdated ................. 118.80ms DONE
  2024-01-16 00:07:12 App\Events\ObjectUpdated ....................... RUNNING
  2024-01-16 00:07:12 App\Events\ObjectUpdated .................. 14.18ms DONE
  2024-01-16 00:07:20 App\Events\ObjectUpdated ....................... RUNNING
  2024-01-16 00:07:21 App\Events\ObjectUpdated ............... 1,283.26ms DONE
  2024-01-16 00:29:03 App\Events\ObjectUpdated ....................... RUNNING
  2024-01-16 00:29:03 App\Events\ObjectUpdated .................. 77.27ms DONE
  2024-01-16 00:29:05 App\Events\ObjectUpdated ....................... RUNNING
  2024-01-16 00:29:05 App\Events\ObjectUpdated .................. 36.08ms DONE
  2024-01-16 00:29:22 App\Events\ObjectUpdated ....................... RUNNING
  2024-01-16 00:29:22 App\Events\ObjectUpdated .................. 15.49ms DONE
  2024-01-16 00:29:23 App\Events\ObjectUpdated ....................... RUNNING
  2024-01-16 00:29:23 App\Events\ObjectUpdated .................. 15.89ms DONE
  2024-01-16 00:30:02 App\Events\FieldUpdated ........................ RUNNING
  2024-01-16 00:30:02 App\Events\FieldUpdated ................... 95.93ms DONE
  2024-01-16 00:30:11 App\Events\FieldUpdated ........................ RUNNING
  2024-01-16 00:30:11 App\Events\FieldUpdated ................... 14.83ms DONE
  2024-01-16 00:41:33 App\Events\ObjectUpdated ....................... RUNNING
  2024-01-16 00:41:33 App\Events\ObjectUpdated .................. 79.98ms DONE
  2024-01-16 00:41:35 App\Events\ObjectUpdated ....................... RUNNING
  2024-01-16 00:41:35 App\Events\ObjectUpdated .................. 74.29ms DONE
  2024-01-16 08:08:57 App\Events\ObjectUpdated ....................... RUNNING
  2024-01-16 08:08:57 App\Events\ObjectUpdated ................. 157.32ms DONE
  2024-01-16 10:49:02 App\Events\ObjectUpdated ....................... RUNNING
  2024-01-16 10:49:03 App\Events\ObjectUpdated .................. 78.43ms DONE
  2024-01-16 10:49:03 App\Events\ObjectUpdated ....................... RUNNING
  2024-01-16 10:49:03 App\Events\ObjectUpdated ................. 214.18ms DONE
  2024-01-16 15:34:59 App\Events\FieldUpdated ........................ RUNNING
  2024-01-16 15:34:59 App\Events\FieldUpdated ................... 78.46ms DONE
  2024-01-17 13:31:16 App\Events\ObjectUpdated ....................... RUNNING
  2024-01-17 13:31:16 App\Events\ObjectUpdated .................. 38.23ms DONE
  2024-01-17 13:31:19 App\Events\ObjectUpdated ....................... RUNNING
  2024-01-17 13:31:19 App\Events\ObjectUpdated .................. 40.22ms DONE
  2024-01-17 14:44:01 App\Events\ObjectUpdated ....................... RUNNING
  2024-01-17 14:44:01 App\Events\ObjectUpdated .................. 38.66ms DONE
  2024-01-17 14:44:03 App\Events\ObjectUpdated ....................... RUNNING
  2024-01-17 14:44:03 App\Events\ObjectUpdated .................. 33.26ms DONE
  2024-01-17 14:45:53 App\Events\ObjectUpdated ....................... RUNNING
  2024-01-17 14:45:53 App\Events\ObjectUpdated .................. 76.15ms DONE
  2024-01-17 14:45:54 App\Events\ObjectUpdated ....................... RUNNING
  2024-01-17 14:45:54 App\Events\ObjectUpdated .................. 19.36ms DONE
  2024-01-17 14:45:59 App\Events\ObjectUpdated ....................... RUNNING
  2024-01-17 14:45:59 App\Events\ObjectUpdated .................. 16.78ms DONE
  2024-01-17 14:46:02 App\Events\ObjectUpdated ....................... RUNNING
  2024-01-17 14:46:02 App\Events\ObjectUpdated .................. 17.04ms DONE
  2024-01-17 14:47:05 App\Events\ObjectUpdated ....................... RUNNING
  2024-01-17 14:47:05 App\Events\ObjectUpdated .................. 40.43ms DONE
  2024-01-17 14:47:08 App\Events\ObjectUpdated ....................... RUNNING
  2024-01-17 14:47:08 App\Events\ObjectUpdated .................. 15.93ms DONE
  2024-01-17 14:47:15 App\Events\ObjectUpdated ....................... RUNNING
  2024-01-17 14:47:15 App\Events\ObjectUpdated .................. 37.48ms DONE
  2024-01-17 14:47:17 App\Events\ObjectUpdated ....................... RUNNING
  2024-01-17 14:47:17 App\Events\ObjectUpdated .................. 16.77ms DONE
  2024-01-17 14:47:26 App\Events\ObjectUpdated ....................... RUNNING
  2024-01-17 14:47:26 App\Events\ObjectUpdated .................. 18.16ms DONE
  2024-01-17 14:47:28 App\Events\ObjectUpdated ....................... RUNNING
  2024-01-17 14:47:28 App\Events\ObjectUpdated .................. 83.63ms DONE
  2024-01-17 14:47:38 App\Events\ObjectUpdated ....................... RUNNING
  2024-01-17 14:47:39 App\Events\ObjectUpdated .................. 19.62ms DONE
  2024-01-17 14:47:42 App\Events\ObjectUpdated ....................... RUNNING
  2024-01-17 14:47:42 App\Events\ObjectUpdated .................. 24.65ms DONE
  2024-01-17 14:55:04 App\Events\ObjectUpdated ....................... RUNNING
  2024-01-17 14:55:04 App\Events\ObjectUpdated .................. 55.42ms DONE
  2024-01-17 14:55:04 App\Events\ObjectUpdated ....................... RUNNING
  2024-01-17 14:55:05 App\Events\ObjectUpdated .................. 18.61ms DONE
  2024-01-17 14:55:20 App\Events\ObjectUpdated ....................... RUNNING
  2024-01-17 14:55:20 App\Events\ObjectUpdated .................. 17.76ms DONE
  2024-01-17 14:55:23 App\Events\ObjectUpdated ....................... RUNNING
  2024-01-17 14:55:23 App\Events\ObjectUpdated .................. 16.55ms DONE
  2024-01-17 14:55:23 App\Events\ObjectUpdated ....................... RUNNING
  2024-01-17 14:55:23 App\Events\ObjectUpdated .................. 16.11ms DONE
  2024-01-17 14:56:18 App\Events\ObjectUpdated ....................... RUNNING
  2024-01-17 14:56:18 App\Events\ObjectUpdated .................. 17.12ms DONE
  2024-01-17 14:56:18 App\Events\ObjectUpdated ....................... RUNNING
  2024-01-17 14:56:19 App\Events\ObjectUpdated .................. 56.53ms DONE
  2024-01-17 14:57:28 App\Events\ObjectUpdated ....................... RUNNING
  2024-01-17 14:57:28 App\Events\ObjectUpdated .................. 83.26ms DONE
  2024-01-17 14:57:29 App\Events\ObjectUpdated ....................... RUNNING
  2024-01-17 14:57:29 App\Events\ObjectUpdated .................. 70.19ms DONE
  2024-01-17 15:00:22 App\Events\ObjectUpdated ....................... RUNNING
  2024-01-17 15:00:23 App\Events\ObjectUpdated .................. 66.90ms DONE
  2024-01-17 15:00:23 App\Events\ObjectUpdated ....................... RUNNING
  2024-01-17 15:00:23 App\Events\ObjectUpdated .................. 38.21ms DONE
  2024-01-17 15:02:15 App\Events\ObjectUpdated ....................... RUNNING
  2024-01-17 15:02:16 App\Events\ObjectUpdated .................. 18.61ms DONE
  2024-01-17 15:02:16 App\Events\ObjectUpdated ....................... RUNNING
  2024-01-17 15:02:16 App\Events\ObjectUpdated .................. 99.03ms DONE
  2024-01-17 15:04:00 App\Events\ObjectUpdated ....................... RUNNING
  2024-01-17 15:04:00 App\Events\ObjectUpdated .................. 17.54ms DONE
  2024-01-17 15:04:02 App\Events\ObjectUpdated ....................... RUNNING
  2024-01-17 15:04:02 App\Events\ObjectUpdated .................. 33.67ms DONE
  2024-01-17 15:04:03 App\Events\ObjectUpdated ....................... RUNNING
  2024-01-17 15:04:03 App\Events\ObjectUpdated .................. 68.24ms DONE
  2024-01-17 15:05:25 App\Events\ObjectUpdated ....................... RUNNING
  2024-01-17 15:05:25 App\Events\ObjectUpdated .................. 72.52ms DONE
  2024-01-17 15:05:25 App\Events\ObjectUpdated ....................... RUNNING
  2024-01-17 15:05:25 App\Events\ObjectUpdated .................. 18.83ms DONE
  2024-01-17 15:05:25 App\Events\ObjectUpdated ....................... RUNNING
  2024-01-17 15:05:25 App\Events\ObjectUpdated .................. 53.00ms DONE
  2024-01-17 15:07:54 App\Events\ObjectUpdated ....................... RUNNING
  2024-01-17 15:07:55 App\Events\ObjectUpdated .................. 52.23ms DONE
  2024-01-17 15:07:55 App\Events\ObjectUpdated ....................... RUNNING
  2024-01-17 15:07:55 App\Events\ObjectUpdated .................. 92.41ms DONE
  2024-01-17 15:07:55 App\Events\ObjectUpdated ....................... RUNNING
  2024-01-17 15:07:55 App\Events\ObjectUpdated .................. 29.27ms DONE
  2024-01-17 15:07:55 App\Events\ObjectUpdated ....................... RUNNING
  2024-01-17 15:07:55 App\Events\ObjectUpdated .................. 36.03ms DONE
  2024-01-17 15:07:55 App\Events\ObjectUpdated ....................... RUNNING
  2024-01-17 15:07:55 App\Events\ObjectUpdated .................. 36.57ms DONE
  2024-01-17 15:07:58 App\Events\ObjectUpdated ....................... RUNNING
  2024-01-17 15:07:58 App\Events\ObjectUpdated ....................... RUNNING
  2024-01-17 15:07:58 App\Events\ObjectUpdated .................. 68.05ms DONE
  2024-01-17 15:07:58 App\Events\ObjectUpdated .................. 43.50ms DONE
  2024-01-17 15:07:58 App\Events\ObjectUpdated ....................... RUNNING
  2024-01-17 15:07:58 App\Events\ObjectUpdated .................. 61.27ms DONE
  2024-01-17 15:07:58 App\Events\ObjectUpdated ....................... RUNNING
  2024-01-17 15:07:58 App\Events\ObjectUpdated .................. 39.91ms DONE
  2024-01-17 15:07:58 App\Events\ObjectUpdated ....................... RUNNING
  2024-01-17 15:07:58 App\Events\ObjectUpdated .................. 46.61ms DONE
  2024-01-17 15:07:58 App\Events\ObjectUpdated ....................... RUNNING
  2024-01-17 15:07:58 App\Events\ObjectUpdated ....................... RUNNING
  2024-01-17 15:07:58 App\Events\ObjectUpdated .................. 71.56ms DONE
  2024-01-17 15:07:58 App\Events\ObjectUpdated .................. 75.90ms DONE
  2024-01-17 15:07:58 App\Events\ObjectUpdated ....................... RUNNING
  2024-01-17 15:07:58 App\Events\ObjectUpdated .................. 49.08ms DONE
  2024-01-17 15:07:58 App\Events\ObjectUpdated ....................... RUNNING
  2024-01-17 15:07:58 App\Events\ObjectUpdated .................. 43.18ms DONE
  2024-01-17 15:08:01 App\Events\ObjectUpdated ....................... RUNNING
  2024-01-17 15:08:01 App\Events\ObjectUpdated ....................... RUNNING
  2024-01-17 15:08:01 App\Events\ObjectUpdated .................. 32.89ms DONE
  2024-01-17 15:08:02 App\Events\ObjectUpdated .................. 34.36ms DONE
  2024-01-17 15:08:02 App\Events\ObjectUpdated ....................... RUNNING
  2024-01-17 15:08:02 App\Events\ObjectUpdated .................. 37.21ms DONE
  2024-01-17 15:08:02 App\Events\ObjectUpdated ....................... RUNNING
  2024-01-17 15:08:02 App\Events\ObjectUpdated ....................... RUNNING
  2024-01-17 15:08:02 App\Events\ObjectUpdated ....................... RUNNING
  2024-01-17 15:08:02 App\Events\ObjectUpdated .................. 34.93ms DONE
  2024-01-17 15:08:02 App\Events\ObjectUpdated .................. 47.41ms DONE
  2024-01-17 15:08:02 App\Events\ObjectUpdated .................. 55.59ms DONE
  2024-01-17 15:08:02 App\Events\ObjectUpdated ....................... RUNNING
  2024-01-17 15:08:02 App\Events\ObjectUpdated .................. 33.88ms DONE
  2024-01-17 15:08:02 App\Events\ObjectUpdated ....................... RUNNING
  2024-01-17 15:08:02 App\Events\ObjectUpdated ....................... RUNNING
  2024-01-17 15:08:02 App\Events\ObjectUpdated .................. 36.83ms DONE
  2024-01-17 15:08:02 App\Events\ObjectUpdated .................. 43.29ms DONE
  2024-01-17 15:08:02 App\Events\ObjectUpdated ....................... RUNNING
  2024-01-17 15:08:02 App\Events\ObjectUpdated .................. 34.76ms DONE
  2024-01-17 15:08:05 App\Events\ObjectUpdated ....................... RUNNING
  2024-01-17 15:08:05 App\Events\ObjectUpdated .................. 33.12ms DONE
  2024-01-17 15:08:05 App\Events\ObjectUpdated ....................... RUNNING
  2024-01-17 15:08:05 App\Events\ObjectUpdated ....................... RUNNING
  2024-01-17 15:08:05 App\Events\ObjectUpdated .................. 35.44ms DONE
  2024-01-17 15:08:05 App\Events\ObjectUpdated .................. 34.21ms DONE
  2024-01-17 15:08:05 App\Events\ObjectUpdated ....................... RUNNING
  2024-01-17 15:08:05 App\Events\ObjectUpdated ....................... RUNNING
  2024-01-17 15:08:05 App\Events\ObjectUpdated .................. 31.84ms DONE
  2024-01-17 15:08:05 App\Events\ObjectUpdated .................. 35.79ms DONE
  2024-01-17 15:08:05 App\Events\ObjectUpdated ....................... RUNNING
  2024-01-17 15:08:05 App\Events\ObjectUpdated ....................... RUNNING
  2024-01-17 15:08:05 App\Events\ObjectUpdated ....................... RUNNING
  2024-01-17 15:08:05 App\Events\ObjectUpdated .................. 44.87ms DONE
  2024-01-17 15:08:05 App\Events\ObjectUpdated ....................... RUNNING
  2024-01-17 15:08:05 App\Events\ObjectUpdated .................. 48.86ms DONE
  2024-01-17 15:08:05 App\Events\ObjectUpdated .................. 58.75ms DONE
  2024-01-17 15:08:06 App\Events\ObjectUpdated .................. 40.98ms DONE
  2024-01-17 15:08:06 App\Events\ObjectUpdated ....................... RUNNING
  2024-01-17 15:08:06 App\Events\ObjectUpdated ....................... RUNNING
  2024-01-17 15:08:06 App\Events\ObjectUpdated .................. 30.56ms DONE
  2024-01-17 15:08:06 App\Events\ObjectUpdated .................. 30.26ms DONE
  2024-01-17 15:08:09 App\Events\ObjectUpdated ....................... RUNNING
  2024-01-17 15:08:09 App\Events\ObjectUpdated ....................... RUNNING
  2024-01-17 15:08:09 App\Events\ObjectUpdated .................. 34.98ms DONE
  2024-01-17 15:08:09 App\Events\ObjectUpdated .................. 28.53ms DONE
  2024-01-17 15:08:09 App\Events\ObjectUpdated ....................... RUNNING
  2024-01-17 15:08:09 App\Events\ObjectUpdated ....................... RUNNING
  2024-01-17 15:08:09 App\Events\ObjectUpdated ....................... RUNNING
  2024-01-17 15:08:09 App\Events\ObjectUpdated  2024-01-17 15:08:09 App\Events\ObjectUpdated ....................... RUNNING
 .................. 31.34ms DONE
  2024-01-17 15:08:09 App\Events\ObjectUpdated .................. 54.38ms DONE
  2024-01-17 15:08:09 App\Events\ObjectUpdated .................. 52.57ms DONE
  2024-01-17 15:08:09 App\Events\ObjectUpdated .................. 46.83ms DONE
  2024-01-17 15:08:09 App\Events\ObjectUpdated ....................... RUNNING
  2024-01-17 15:08:09 App\Events\ObjectUpdated .................. 30.83ms DONE
  2024-01-17 15:08:09 App\Events\ObjectUpdated ....................... RUNNING
  2024-01-17 15:08:09 App\Events\ObjectUpdated ....................... RUNNING
  2024-01-17 15:08:09 App\Events\ObjectUpdated ....................... RUNNING
  2024-01-17 15:08:09 App\Events\ObjectUpdated .................. 38.75ms DONE
  2024-01-17 15:08:09 App\Events\ObjectUpdated .................. 54.64ms DONE
  2024-01-17 15:08:09 App\Events\ObjectUpdated .................. 57.86ms DONE
  2024-01-17 15:08:09 App\Events\ObjectUpdated ....................... RUNNING
  2024-01-17 15:08:09 App\Events\ObjectUpdated .................. 29.81ms DONE
  2024-01-17 15:08:12 App\Events\ObjectUpdated ....................... RUNNING
  2024-01-17 15:08:12 App\Events\ObjectUpdated .................. 32.29ms DONE
  2024-01-17 15:08:12 App\Events\ObjectUpdated ....................... RUNNING
  2024-01-17 15:08:12 App\Events\ObjectUpdated .................. 32.19ms DONE
  2024-01-17 15:08:12 App\Events\ObjectUpdated ....................... RUNNING
  2024-01-17 15:08:12 App\Events\ObjectUpdated .................. 30.56ms DONE
  2024-01-17 16:02:36 App\Events\ObjectUpdated ....................... RUNNING
  2024-01-17 16:02:36 App\Events\ObjectUpdated .................. 78.98ms DONE
  2024-01-17 16:02:39 App\Events\ObjectUpdated ....................... RUNNING
  2024-01-17 16:02:39 App\Events\ObjectUpdated .................. 78.55ms DONE
  2024-01-17 16:03:07 App\Events\ObjectUpdated ....................... RUNNING
  2024-01-17 16:03:07 App\Events\ObjectUpdated .................. 15.72ms DONE
  2024-01-17 16:03:10 App\Events\ObjectUpdated ....................... RUNNING
  2024-01-17 16:03:10 App\Events\ObjectUpdated .................. 26.19ms DONE
  2024-01-17 16:04:08 App\Events\ObjectUpdated ....................... RUNNING
  2024-01-17 16:04:08 App\Events\ObjectUpdated .................. 32.50ms DONE
  2024-01-17 16:04:08 App\Events\ObjectUpdated ....................... RUNNING
  2024-01-17 16:04:08 App\Events\ObjectUpdated .................. 34.34ms DONE
  2024-01-17 16:04:08 App\Events\ObjectUpdated ....................... RUNNING
  2024-01-17 16:04:08 App\Events\ObjectUpdated .................. 33.49ms DONE
  2024-01-17 16:04:11 App\Events\ObjectUpdated ....................... RUNNING
  2024-01-17 16:04:11 App\Events\ObjectUpdated .................. 34.80ms DONE
  2024-01-17 16:04:11 App\Events\ObjectUpdated ....................... RUNNING
  2024-01-17 16:04:11 App\Events\ObjectUpdated ....................... RUNNING
  2024-01-17 16:04:11 App\Events\ObjectUpdated .................. 98.36ms DONE
  2024-01-17 16:04:11 App\Events\ObjectUpdated .................. 36.72ms DONE
  2024-01-17 16:04:11 App\Events\ObjectUpdated ....................... RUNNING
  2024-01-17 16:04:12 App\Events\ObjectUpdated .................. 35.58ms DONE
  2024-01-17 16:04:12 App\Events\ObjectUpdated ....................... RUNNING
  2024-01-17 16:04:12 App\Events\ObjectUpdated ....................... RUNNING
  2024-01-17 16:04:12 App\Events\ObjectUpdated ....................... RUNNING
  2024-01-17 16:04:12 App\Events\ObjectUpdated .................. 39.02ms DONE
  2024-01-17 16:04:12 App\Events\ObjectUpdated  2024-01-17 16:04:12 App\Events\ObjectUpdated .................. 36.10ms DONE
 ....................... RUNNING
  2024-01-17 16:04:12 App\Events\ObjectUpdated ................. 100.50ms DONE
  2024-01-17 16:04:12 App\Events\ObjectUpdated .................. 51.73ms DONE
  2024-01-17 16:04:12 App\Events\ObjectUpdated ....................... RUNNING
  2024-01-17 16:04:12 App\Events\ObjectUpdated .................. 35.71ms DONE
  2024-01-17 16:04:12 App\Events\ObjectUpdated ....................... RUNNING
  2024-01-17 16:04:12 App\Events\ObjectUpdated .................. 34.15ms DONE
  2024-01-17 16:04:12 App\Events\ObjectUpdated ....................... RUNNING
  2024-01-17 16:04:12 App\Events\ObjectUpdated .................. 40.12ms DONE
  2024-01-17 16:04:15 App\Events\ObjectUpdated ....................... RUNNING
  2024-01-17 16:04:15 App\Events\ObjectUpdated .................. 43.89ms DONE
  2024-01-17 16:04:15 App\Events\ObjectUpdated ....................... RUNNING
  2024-01-17 16:04:15 App\Events\ObjectUpdated .................. 37.86ms DONE
  2024-01-17 16:04:15 App\Events\ObjectUpdated ....................... RUNNING
  2024-01-17 16:04:15 App\Events\ObjectUpdated .................. 36.67ms DONE
  2024-01-17 16:04:15 App\Events\ObjectUpdated ....................... RUNNING
  2024-01-17 16:04:15 App\Events\ObjectUpdated ....................... RUNNING
  2024-01-17 16:04:15 App\Events\ObjectUpdated ....................... RUNNING
  2024-01-17 16:04:15 App\Events\ObjectUpdated .................. 38.59ms DONE
  2024-01-17 16:04:15 App\Events\ObjectUpdated .................. 54.54ms DONE
  2024-01-17 16:04:15 App\Events\ObjectUpdated .................. 64.44ms DONE
  2024-01-17 16:04:15 App\Events\ObjectUpdated ....................... RUNNING
  2024-01-17 16:04:15 App\Events\ObjectUpdated .................. 40.98ms DONE
  2024-01-17 16:04:15 App\Events\ObjectUpdated ....................... RUNNING
  2024-01-17 16:04:15 App\Events\ObjectUpdated ....................... RUNNING
  2024-01-17 16:04:15 App\Events\ObjectUpdated ....................... RUNNING
  2024-01-17 16:04:15 App\Events\ObjectUpdated .................. 42.46ms DONE
  2024-01-17 16:04:15 App\Events\ObjectUpdated .................. 60.81ms DONE
  2024-01-17 16:04:15 App\Events\ObjectUpdated .................. 66.94ms DONE
  2024-01-17 16:04:15 App\Events\ObjectUpdated ....................... RUNNING
  2024-01-17 16:04:16 App\Events\ObjectUpdated .................. 57.90ms DONE
  2024-01-17 16:04:19 App\Events\ObjectUpdated ....................... RUNNING
  2024-01-17 16:04:19 App\Events\ObjectUpdated ....................... RUNNING
  2024-01-17 16:04:19 App\Events\ObjectUpdated .................. 37.99ms DONE
  2024-01-17 16:04:19 App\Events\ObjectUpdated ....................... RUNNING
  2024-01-17 16:04:19 App\Events\ObjectUpdated .................. 34.97ms DONE
  2024-01-17 16:04:19 App\Events\ObjectUpdated .................. 34.91ms DONE
  2024-01-17 16:04:19 App\Events\ObjectUpdated ....................... RUNNING
  2024-01-17 16:04:19 App\Events\ObjectUpdated .................. 34.14ms DONE
  2024-01-17 16:04:19 App\Events\ObjectUpdated ....................... RUNNING
  2024-01-17 16:04:19 App\Events\ObjectUpdated ....................... RUNNING
  2024-01-17 16:04:19 App\Events\ObjectUpdated .................. 34.83ms DONE
  2024-01-17 16:04:19 App\Events\ObjectUpdated ....................... RUNNING
  2024-01-17 16:04:19 App\Events\ObjectUpdated .................. 32.56ms DONE
  2024-01-17 16:04:19 App\Events\ObjectUpdated .................. 31.15ms DONE
  2024-01-17 16:04:19 App\Events\ObjectUpdated ....................... RUNNING
  2024-01-17 16:04:19 App\Events\ObjectUpdated ....................... RUNNING
  2024-01-17 16:04:19 App\Events\ObjectUpdated .................. 38.28ms DONE
  2024-01-17 16:04:19 App\Events\ObjectUpdated .................. 52.22ms DONE
  2024-01-17 16:04:19 App\Events\ObjectUpdated ....................... RUNNING
  2024-01-17 16:04:19 App\Events\ObjectUpdated .................. 34.13ms DONE
  2024-01-17 16:04:19 App\Events\ObjectUpdated ....................... RUNNING
  2024-01-17 16:04:19 App\Events\ObjectUpdated .................. 30.68ms DONE
  2024-01-17 16:14:53 App\Events\ObjectUpdated ....................... RUNNING
  2024-01-17 16:14:53 App\Events\ObjectUpdated .................. 97.85ms DONE
  2024-01-17 16:14:53 App\Events\ObjectUpdated ....................... RUNNING
  2024-01-17 16:14:53 App\Events\ObjectUpdated .................. 37.26ms DONE
  2024-01-17 16:16:16 App\Events\ObjectUpdated ....................... RUNNING
  2024-01-17 16:16:16 App\Events\ObjectUpdated .................. 15.35ms DONE
  2024-01-17 16:16:16 App\Events\ObjectUpdated ....................... RUNNING
  2024-01-17 16:16:16 App\Events\ObjectUpdated .................. 41.93ms DONE
  2024-01-17 16:21:24 App\Events\ObjectUpdated ....................... RUNNING
  2024-01-17 16:21:24 App\Events\ObjectUpdated .................. 52.39ms DONE
  2024-01-17 16:22:10 App\Events\ObjectUpdated ....................... RUNNING
  2024-01-17 16:22:10 App\Events\ObjectUpdated .................. 58.87ms DONE
  2024-01-17 16:23:23 App\Events\ObjectUpdated ....................... RUNNING
  2024-01-17 16:23:23 App\Events\ObjectUpdated .................. 17.67ms DONE
  2024-01-17 16:23:23 App\Events\ObjectUpdated ....................... RUNNING
  2024-01-17 16:23:23 App\Events\ObjectUpdated .................. 34.38ms DONE
  2024-01-17 16:24:27 App\Events\ObjectUpdated ....................... RUNNING
  2024-01-17 16:24:27 App\Events\ObjectUpdated .................. 39.23ms DONE
  2024-01-17 16:24:27 App\Events\ObjectUpdated ....................... RUNNING
  2024-01-17 16:24:27 App\Events\ObjectUpdated .................. 54.89ms DONE
  2024-01-17 16:25:28 App\Events\ObjectUpdated ....................... RUNNING
  2024-01-17 16:25:28 App\Events\ObjectUpdated .................. 16.38ms DONE
  2024-01-17 16:25:28 App\Events\ObjectUpdated ....................... RUNNING
  2024-01-17 16:25:28 App\Events\ObjectUpdated .................. 35.03ms DONE
  2024-01-17 16:25:50 App\Events\ObjectUpdated ....................... RUNNING
  2024-01-17 16:25:50 App\Events\ObjectUpdated  2024-01-17 16:25:50 App\Events\ObjectUpdated .................. 33.61ms DONE
 ....................... RUNNING
  2024-01-17 16:25:50 App\Events\ObjectUpdated ....................... RUNNING
  2024-01-17 16:25:50 App\Events\ObjectUpdated ....................... RUNNING
  2024-01-17 16:25:50 App\Events\ObjectUpdated .................. 32.73ms DONE
  2024-01-17 16:25:50 App\Events\ObjectUpdated .................. 93.60ms DONE
  2024-01-17 16:25:50 App\Events\ObjectUpdated ....................... RUNNING
  2024-01-17 16:25:50 App\Events\ObjectUpdated .................. 96.75ms DONE
  2024-01-17 16:25:50 App\Events\ObjectUpdated ....................... RUNNING
  2024-01-17 16:25:50 App\Events\ObjectUpdated .................. 31.78ms DONE
  2024-01-17 16:25:50 App\Events\ObjectUpdated .................. 35.39ms DONE
  2024-01-17 16:25:50 App\Events\ObjectUpdated ....................... RUNNING
  2024-01-17 16:25:50 App\Events\ObjectUpdated .................. 37.20ms DONE
  2024-01-17 16:25:50 App\Events\ObjectUpdated ....................... RUNNING
  2024-01-17 16:25:50 App\Events\ObjectUpdated ....................... RUNNING
  2024-01-17 16:25:50 App\Events\ObjectUpdated ....................... RUNNING
  2024-01-17 16:25:50 App\Events\ObjectUpdated .................. 42.67ms DONE
  2024-01-17 16:25:50 App\Events\ObjectUpdated .................. 50.14ms DONE
  2024-01-17 16:25:50 App\Events\ObjectUpdated .................. 55.36ms DONE
  2024-01-17 16:25:50 App\Events\ObjectUpdated ....................... RUNNING
  2024-01-17 16:25:50 App\Events\ObjectUpdated .................. 32.87ms DONE
  2024-01-17 16:25:53 App\Events\ObjectUpdated ....................... RUNNING
  2024-01-17 16:25:53 App\Events\ObjectUpdated .................. 35.40ms DONE
  2024-01-17 16:25:53 App\Events\ObjectUpdated ....................... RUNNING
  2024-01-17 16:25:53 App\Events\ObjectUpdated ....................... RUNNING
  2024-01-17 16:25:53 App\Events\ObjectUpdated .................. 37.23ms DONE
  2024-01-17 16:25:53 App\Events\ObjectUpdated .................. 48.72ms DONE
  2024-01-17 16:25:53 App\Events\ObjectUpdated ....................... RUNNING
  2024-01-17 16:25:53 App\Events\ObjectUpdated .................. 41.46ms DONE
  2024-01-17 16:25:53 App\Events\ObjectUpdated ....................... RUNNING
  2024-01-17 16:25:53 App\Events\ObjectUpdated ....................... RUNNING
  2024-01-17 16:25:53 App\Events\ObjectUpdated .................. 37.34ms DONE
  2024-01-17 16:25:53 App\Events\ObjectUpdated .................. 47.52ms DONE
  2024-01-17 16:25:53 App\Events\ObjectUpdated ....................... RUNNING
  2024-01-17 16:25:53 App\Events\ObjectUpdated .................. 37.36ms DONE
  2024-01-17 16:25:53 App\Events\ObjectUpdated ....................... RUNNING
  2024-01-17 16:25:53 App\Events\ObjectUpdated ....................... RUNNING
  2024-01-17 16:25:54 App\Events\ObjectUpdated .................. 44.87ms DONE
  2024-01-17 16:25:54 App\Events\ObjectUpdated ....................... RUNNING
  2024-01-17 16:25:54 App\Events\ObjectUpdated .................. 61.95ms DONE
  2024-01-17 16:25:54 App\Events\ObjectUpdated .................. 35.44ms DONE
  2024-01-17 16:25:57 App\Events\ObjectUpdated ....................... RUNNING
  2024-01-17 16:25:57 App\Events\ObjectUpdated .................. 38.44ms DONE
  2024-01-17 16:25:57 App\Events\ObjectUpdated ....................... RUNNING
  2024-01-17 16:25:57 App\Events\ObjectUpdated ....................... RUNNING
  2024-01-17 16:25:57 App\Events\ObjectUpdated ....................... RUNNING
  2024-01-17 16:25:57 App\Events\ObjectUpdated .................. 52.80ms DONE
  2024-01-17 16:25:57 App\Events\ObjectUpdated .................. 61.02ms DONE
  2024-01-17 16:25:57 App\Events\ObjectUpdated ....................... RUNNING
  2024-01-17 16:25:57 App\Events\ObjectUpdated .................. 58.81ms DONE
  2024-01-17 16:25:57 App\Events\ObjectUpdated .................. 41.11ms DONE
  2024-01-17 16:25:57 App\Events\ObjectUpdated ....................... RUNNING
  2024-01-17 16:25:57 App\Events\ObjectUpdated .................. 39.46ms DONE
  2024-01-17 16:25:57 App\Events\ObjectUpdated ....................... RUNNING
  2024-01-17 16:25:57 App\Events\ObjectUpdated ....................... RUNNING
  2024-01-17 16:25:57 App\Events\ObjectUpdated .................. 34.03ms DONE
  2024-01-17 16:25:57 App\Events\ObjectUpdated ....................... RUNNING
  2024-01-17 16:25:57 App\Events\ObjectUpdated .................. 33.57ms DONE
  2024-01-17 16:25:57 App\Events\ObjectUpdated ....................... RUNNING
  2024-01-17 16:25:57 App\Events\ObjectUpdated .................. 41.26ms DONE
  2024-01-17 16:25:57 App\Events\ObjectUpdated .................. 45.32ms DONE
  2024-01-17 16:25:57 App\Events\ObjectUpdated ....................... RUNNING
  2024-01-17 16:25:57 App\Events\ObjectUpdated .................. 31.60ms DONE
  2024-01-17 16:25:57 App\Events\ObjectUpdated ....................... RUNNING
  2024-01-17 16:25:57 App\Events\ObjectUpdated .................. 36.55ms DONE
  2024-01-17 16:26:00 App\Events\ObjectUpdated ....................... RUNNING
  2024-01-17 16:26:00 App\Events\ObjectUpdated .................. 32.88ms DONE
  2024-01-17 16:26:00 App\Events\ObjectUpdated ....................... RUNNING
  2024-01-17 16:26:00 App\Events\ObjectUpdated ....................... RUNNING
  2024-01-17 16:26:00 App\Events\ObjectUpdated .................. 31.62ms DONE
  2024-01-17 16:26:00 App\Events\ObjectUpdated .................. 32.01ms DONE
  2024-01-17 16:26:37 App\Events\ObjectUpdated ....................... RUNNING
  2024-01-17 16:26:37 App\Events\ObjectUpdated .................. 30.88ms DONE
  2024-01-17 16:26:38 App\Events\ObjectUpdated ....................... RUNNING
  2024-01-17 16:26:40 App\Events\ObjectUpdated ............... 1,523.60ms DONE
  2024-01-17 16:32:25 App\Events\ObjectUpdated ....................... RUNNING
  2024-01-17 16:32:25 App\Events\ObjectUpdated .................. 75.31ms DONE
  2024-01-17 16:32:26 App\Events\ObjectUpdated ....................... RUNNING
  2024-01-17 16:32:27 App\Events\ObjectUpdated ............... 1,638.08ms DONE
  2024-01-17 16:36:29 App\Events\ObjectUpdated ....................... RUNNING
  2024-01-17 16:36:29 App\Events\ObjectUpdated .................. 32.55ms DONE
  2024-01-17 16:36:29 App\Events\ObjectUpdated ....................... RUNNING
  2024-01-17 16:36:31 App\Events\ObjectUpdated ............... 1,571.08ms DONE
  2024-01-17 16:37:05 App\Events\ObjectUpdated ....................... RUNNING
  2024-01-17 16:37:07 App\Events\ObjectUpdated ............... 1,657.31ms DONE
  2024-01-17 16:38:39 App\Events\FieldUpdated ........................ RUNNING
  2024-01-17 16:38:39 App\Events\FieldUpdated ................... 41.19ms DONE
  2024-01-17 16:51:59 App\Events\ObjectUpdated ....................... RUNNING
  2024-01-17 16:51:59 App\Events\ObjectUpdated .................. 36.81ms DONE
  2024-01-17 16:51:59 App\Events\ObjectUpdated ....................... RUNNING
  2024-01-17 16:52:01 App\Events\ObjectUpdated ............... 1,715.79ms DONE
  2024-01-17 16:52:30 App\Events\ObjectUpdated ....................... RUNNING
  2024-01-17 16:52:32 App\Events\ObjectUpdated ............... 1,893.13ms DONE
  2024-01-17 21:34:55 App\Events\ObjectUpdated ....................... RUNNING
  2024-01-17 21:34:55 App\Events\ObjectUpdated .................. 79.59ms DONE
  2024-01-17 21:34:57 App\Events\ObjectUpdated ....................... RUNNING
  2024-01-17 21:34:57 App\Events\ObjectUpdated .................. 49.64ms DONE
  2024-01-17 21:35:32 App\Events\ObjectUpdated ....................... RUNNING
  2024-01-17 21:35:32 App\Events\ObjectUpdated .................. 37.97ms DONE
  2024-01-17 21:35:35 App\Events\ObjectUpdated ....................... RUNNING
  2024-01-17 21:35:35 App\Events\ObjectUpdated .................. 29.37ms DONE
  2024-01-17 21:35:38 App\Events\ObjectUpdated ....................... RUNNING
  2024-01-17 21:35:38 App\Events\ObjectUpdated .................. 17.82ms DONE
  2024-01-17 21:35:41 App\Events\ObjectUpdated ....................... RUNNING
  2024-01-17 21:35:41 App\Events\ObjectUpdated .................. 25.49ms DONE
  2024-01-17 21:35:53 App\Events\ObjectUpdated ....................... RUNNING
  2024-01-17 21:35:53 App\Events\ObjectUpdated .................. 23.21ms DONE
  2024-01-17 21:35:56 App\Events\ObjectUpdated ....................... RUNNING
  2024-01-17 21:35:56 App\Events\ObjectUpdated .................. 23.92ms DONE
  2024-01-17 21:37:20 App\Events\ObjectUpdated ....................... RUNNING
  2024-01-17 21:37:20 App\Events\ObjectUpdated ................. 103.52ms DONE
  2024-01-17 21:37:20 App\Events\ObjectUpdated ....................... RUNNING
  2024-01-17 21:37:20 App\Events\ObjectUpdated .................. 17.92ms DONE
  2024-01-17 21:37:30 App\Events\ObjectUpdated ....................... RUNNING
  2024-01-17 21:37:30 App\Events\ObjectUpdated .................. 19.81ms DONE
  2024-01-17 21:37:31 App\Events\ObjectUpdated ....................... RUNNING
  2024-01-17 21:37:31 App\Events\ObjectUpdated .................. 74.11ms DONE
  2024-01-17 21:37:31 App\Events\ObjectUpdated ....................... RUNNING
  2024-01-17 21:37:31 App\Events\ObjectUpdated .................. 22.26ms DONE
  2024-01-17 21:37:31 App\Events\ObjectUpdated ....................... RUNNING
  2024-01-17 21:37:31 App\Events\ObjectUpdated .................. 17.83ms DONE
  2024-01-18 01:26:40 App\Events\ObjectUpdated ....................... RUNNING
  2024-01-18 01:26:40 App\Events\ObjectUpdated ................. 118.33ms DONE
  2024-01-18 01:26:46 App\Events\ObjectUpdated ....................... RUNNING
  2024-01-18 01:26:46 App\Events\ObjectUpdated ................. 114.97ms DONE
  2024-01-18 12:47:06 App\Events\ObjectUpdated ....................... RUNNING
  2024-01-18 12:47:08 App\Events\ObjectUpdated ............... 2,203.45ms DONE
  2024-01-18 12:47:19 App\Events\ObjectUpdated ....................... RUNNING
  2024-01-18 12:47:22 App\Events\ObjectUpdated ............... 2,275.93ms DONE
  2024-01-18 12:47:38 App\Events\ObjectUpdated ....................... RUNNING
  2024-01-18 12:47:38 App\Events\ObjectUpdated .................. 39.32ms DONE
  2024-01-18 12:47:40 App\Events\ObjectUpdated ....................... RUNNING
  2024-01-18 12:47:40 App\Events\ObjectUpdated .................. 33.87ms DONE
  2024-01-18 12:47:40 App\Events\ObjectUpdated ....................... RUNNING
  2024-01-18 12:47:40 App\Events\ObjectUpdated .................. 28.16ms DONE
  2024-01-18 12:51:05 App\Events\ObjectUpdated ....................... RUNNING
  2024-01-18 12:51:05 App\Events\ObjectUpdated .................. 36.42ms DONE
  2024-01-18 12:51:08 App\Events\ObjectUpdated ....................... RUNNING
  2024-01-18 12:51:08 App\Events\ObjectUpdated .................. 16.24ms DONE
  2024-01-18 14:40:29 App\Events\ObjectUpdated ....................... RUNNING
  2024-01-18 14:40:29 App\Events\ObjectUpdated .................. 39.43ms DONE
  2024-01-18 14:40:32 App\Events\ObjectUpdated ....................... RUNNING
  2024-01-18 14:40:32 App\Events\ObjectUpdated .................. 31.47ms DONE
  2024-01-18 14:41:03 App\Events\ObjectUpdated ....................... RUNNING
  2024-01-18 14:41:03 App\Events\ObjectUpdated .................. 15.93ms DONE
  2024-01-18 14:41:04 App\Events\ObjectUpdated ....................... RUNNING
  2024-01-18 14:41:04 App\Events\ObjectUpdated .................. 51.97ms DONE
  2024-01-18 14:46:35 App\Events\FieldUpdated ........................ RUNNING
  2024-01-18 14:46:35 App\Events\FieldUpdated ................... 33.00ms DONE
  2024-01-18 14:46:52 App\Events\FieldUpdated ........................ RUNNING
  2024-01-18 14:46:52 App\Events\FieldUpdated ................... 36.94ms DONE
  2024-01-20 17:44:56 App\Events\FieldUpdated ........................ RUNNING
  2024-01-20 17:44:56 App\Events\FieldUpdated ................... 34.66ms DONE
  2024-01-20 18:24:26 App\Events\ObjectUpdated ....................... RUNNING
  2024-01-20 18:24:26 App\Events\ObjectUpdated .................. 34.42ms DONE
  2024-01-20 18:24:36 App\Events\ObjectUpdated ....................... RUNNING
  2024-01-20 18:24:37 App\Events\ObjectUpdated ............... 1,239.78ms DONE
  2024-01-20 18:26:48 App\Events\FieldUpdated ........................ RUNNING
  2024-01-20 18:26:49 App\Events\FieldUpdated ................... 33.58ms DONE
  2024-01-20 18:27:31 App\Events\FieldUpdated ........................ RUNNING
  2024-01-20 18:27:31 App\Events\FieldUpdated ................... 15.20ms DONE
  2024-01-20 18:27:44 App\Events\FieldUpdated ........................ RUNNING
  2024-01-20 18:27:44 App\Events\FieldUpdated ................... 34.36ms DONE
  2024-01-20 18:29:25 App\Events\ObjectUpdated ....................... RUNNING
  2024-01-20 18:29:25 App\Events\ObjectUpdated .................. 34.93ms DONE
  2024-01-20 18:29:27 App\Events\ObjectUpdated ....................... RUNNING
  2024-01-20 18:29:27 App\Events\ObjectUpdated .................. 33.23ms DONE
  2024-01-20 18:41:09 App\Events\ObjectUpdated ....................... RUNNING
  2024-01-20 18:41:09 App\Events\ObjectUpdated .................. 70.79ms DONE
  2024-01-20 18:41:10 App\Events\ObjectUpdated ....................... RUNNING
  2024-01-20 18:41:10 App\Events\ObjectUpdated .................. 66.57ms DONE
  2024-01-20 18:58:48 App\Events\ObjectUpdated ....................... RUNNING
  2024-01-20 18:58:48 App\Events\ObjectUpdated .................. 30.19ms DONE
  2024-01-20 18:58:50 App\Events\ObjectUpdated ....................... RUNNING
  2024-01-20 18:58:50 App\Events\ObjectUpdated .................. 32.31ms DONE
  2024-01-20 19:11:30 App\Events\ObjectUpdated ....................... RUNNING
  2024-01-20 19:11:30 App\Events\ObjectUpdated .................. 32.42ms DONE
  2024-01-20 19:11:33 App\Events\ObjectUpdated ....................... RUNNING
  2024-01-20 19:11:33 App\Events\ObjectUpdated .................. 32.76ms DONE
  2024-01-20 19:11:49 App\Events\ObjectUpdated ....................... RUNNING
  2024-01-20 19:11:49 App\Events\ObjectUpdated .................. 32.19ms DONE
  2024-01-20 19:11:51 App\Events\ObjectUpdated ....................... RUNNING
  2024-01-20 19:11:51 App\Events\ObjectUpdated .................. 18.33ms DONE
  2024-01-20 19:12:53 App\Events\ObjectUpdated ....................... RUNNING
  2024-01-20 19:12:53 App\Events\ObjectUpdated .................. 13.68ms DONE
  2024-01-20 19:12:55 App\Events\ObjectUpdated ....................... RUNNING
  2024-01-20 19:12:55 App\Events\ObjectUpdated .................. 19.06ms DONE
  2024-01-20 19:32:51 App\Events\ObjectUpdated ....................... RUNNING
  2024-01-20 19:32:51 App\Events\ObjectUpdated .................. 35.30ms DONE
  2024-01-20 19:32:52 App\Events\ObjectUpdated ....................... RUNNING
  2024-01-20 19:32:52 App\Events\ObjectUpdated .................. 33.94ms DONE
  2024-01-20 19:33:28 App\Events\ObjectUpdated ....................... RUNNING
  2024-01-20 19:33:28 App\Events\ObjectUpdated .................. 16.46ms DONE
  2024-01-20 19:33:28 App\Events\ObjectUpdated ....................... RUNNING
  2024-01-20 19:33:28 App\Events\ObjectUpdated .................. 31.48ms DONE
  2024-01-20 19:38:52 App\Events\ObjectUpdated ....................... RUNNING
  2024-01-20 19:38:52 App\Events\ObjectUpdated .................. 32.35ms DONE
  2024-01-20 19:38:54 App\Events\ObjectUpdated ....................... RUNNING
  2024-01-20 19:38:54 App\Events\ObjectUpdated .................. 37.62ms DONE
  2024-01-20 19:40:26 App\Events\ObjectUpdated ....................... RUNNING
  2024-01-20 19:40:26 App\Events\ObjectUpdated .................. 17.75ms DONE
  2024-01-20 19:40:29 App\Events\ObjectUpdated ....................... RUNNING
  2024-01-20 19:40:29 App\Events\ObjectUpdated .................. 15.04ms DONE
  2024-01-20 19:40:53 App\Events\ObjectUpdated ....................... RUNNING
  2024-01-20 19:40:53 App\Events\ObjectUpdated .................. 14.23ms DONE
  2024-01-20 19:40:56 App\Events\ObjectUpdated ....................... RUNNING
  2024-01-20 19:40:56 App\Events\ObjectUpdated .................. 34.20ms DONE
  2024-01-20 19:41:36 App\Events\ObjectUpdated ....................... RUNNING
  2024-01-20 19:41:36 App\Events\ObjectUpdated .................. 14.90ms DONE
  2024-01-20 19:41:36 App\Events\ObjectUpdated ....................... RUNNING
  2024-01-20 19:41:36 App\Events\ObjectUpdated .................. 69.55ms DONE
  2024-01-20 19:42:10 App\Events\ObjectUpdated ....................... RUNNING
  2024-01-20 19:42:10 App\Events\ObjectUpdated .................. 36.27ms DONE
  2024-01-20 19:42:21 App\Events\ObjectUpdated ....................... RUNNING
  2024-01-20 19:42:22 App\Events\ObjectUpdated ............... 1,292.32ms DONE
  2024-01-20 19:42:28 App\Events\ObjectUpdated ....................... RUNNING
  2024-01-20 19:42:28 App\Events\ObjectUpdated .................. 20.93ms DONE
  2024-01-20 19:42:33 App\Events\ObjectUpdated ....................... RUNNING
  2024-01-20 19:42:33 App\Events\ObjectUpdated .................. 63.49ms DONE
  2024-01-20 19:43:29 App\Events\ObjectUpdated ....................... RUNNING
  2024-01-20 19:43:29 App\Events\ObjectUpdated .................. 31.89ms DONE
  2024-01-20 19:43:40 App\Events\ObjectUpdated ....................... RUNNING
  2024-01-20 19:43:41 App\Events\ObjectUpdated ............... 1,254.52ms DONE
  2024-01-20 19:43:59 App\Events\ObjectUpdated ....................... RUNNING
  2024-01-20 19:43:59 App\Events\ObjectUpdated .................. 17.62ms DONE
  2024-01-20 19:44:03 App\Events\ObjectUpdated ....................... RUNNING
  2024-01-20 19:44:03 App\Events\ObjectUpdated .................. 67.09ms DONE
  2024-01-20 19:44:15 App\Events\ObjectUpdated ....................... RUNNING
  2024-01-20 19:44:15 App\Events\ObjectUpdated .................. 13.59ms DONE
  2024-01-20 19:44:20 App\Events\ObjectUpdated ....................... RUNNING
  2024-01-20 19:44:20 App\Events\ObjectUpdated ................. 110.45ms DONE
  2024-01-20 19:52:31 App\Events\ObjectUpdated ....................... RUNNING
  2024-01-20 19:52:31 App\Events\ObjectUpdated .................. 49.22ms DONE
  2024-01-20 19:52:38 App\Events\ObjectUpdated ....................... RUNNING
  2024-01-20 19:52:38 App\Events\ObjectUpdated .................. 39.11ms DONE
  2024-01-20 19:52:40 App\Events\ObjectUpdated ....................... RUNNING
  2024-01-20 19:52:40 App\Events\ObjectUpdated .................. 14.44ms DONE
  2024-01-20 19:53:08 App\Events\ObjectUpdated ....................... RUNNING
  2024-01-20 19:53:08 App\Events\ObjectUpdated .................. 14.44ms DONE
  2024-01-20 19:53:08 App\Events\ObjectUpdated ....................... RUNNING
  2024-01-20 19:53:08 App\Events\ObjectUpdated .................. 13.45ms DONE
  2024-01-20 20:02:32 App\Events\ObjectUpdated ....................... RUNNING
  2024-01-20 20:02:32 App\Events\ObjectUpdated .................. 52.33ms DONE
  2024-01-20 20:02:42 App\Events\ObjectUpdated ....................... RUNNING
  2024-01-20 20:02:42 App\Events\ObjectUpdated .................. 33.44ms DONE
  2024-01-20 20:03:10 App\Events\ObjectUpdated ....................... RUNNING
  2024-01-20 20:03:10 App\Events\ObjectUpdated .................. 35.47ms DONE
  2024-01-20 20:06:31 App\Events\ObjectUpdated ....................... RUNNING
  2024-01-20 20:06:31 App\Events\ObjectUpdated .................. 50.33ms DONE
  2024-01-20 20:07:05 App\Events\ObjectUpdated ....................... RUNNING
  2024-01-20 20:07:05 App\Events\ObjectUpdated .................. 57.62ms DONE
  2024-01-20 20:18:38 App\Events\ObjectUpdated ....................... RUNNING
  2024-01-20 20:18:38 App\Events\ObjectUpdated .................. 90.81ms DONE
  2024-01-20 20:18:59 App\Events\ObjectUpdated ....................... RUNNING
  2024-01-20 20:18:59 App\Events\ObjectUpdated .................. 54.81ms DONE
  2024-01-20 20:20:55 App\Events\ObjectUpdated ....................... RUNNING
  2024-01-20 20:20:55 App\Events\ObjectUpdated .................. 84.11ms DONE
  2024-01-20 20:21:02 App\Events\ObjectUpdated ....................... RUNNING
  2024-01-20 20:21:02 App\Events\ObjectUpdated .................. 51.70ms DONE
  2024-01-20 20:23:45 App\Events\ObjectUpdated ....................... RUNNING
  2024-01-20 20:23:46 App\Events\ObjectUpdated ................. 105.71ms DONE
  2024-01-20 20:23:52 App\Events\ObjectUpdated ....................... RUNNING
  2024-01-20 20:23:52 App\Events\ObjectUpdated .................. 87.72ms DONE
  2024-01-20 20:24:28 App\Events\ObjectUpdated ....................... RUNNING
  2024-01-20 20:24:28 App\Events\ObjectUpdated .................. 49.36ms DONE
  2024-01-20 20:25:06 App\Events\ObjectUpdated ....................... RUNNING
  2024-01-20 20:25:06 App\Events\ObjectUpdated .................. 50.31ms DONE
  2024-01-20 20:27:30 App\Events\ObjectUpdated ....................... RUNNING
  2024-01-20 20:27:30 App\Events\ObjectUpdated .................. 52.08ms DONE
  2024-01-20 20:31:17 App\Events\ObjectUpdated ....................... RUNNING
  2024-01-20 20:31:17 App\Events\ObjectUpdated .................. 52.14ms DONE
  2024-01-20 20:31:28 App\Events\ObjectUpdated ....................... RUNNING
  2024-01-20 20:31:28 App\Events\ObjectUpdated .................. 95.35ms DONE
  2024-01-20 20:31:53 App\Events\ObjectUpdated ....................... RUNNING
  2024-01-20 20:31:53 App\Events\ObjectUpdated .................. 38.86ms DONE
  2024-01-20 20:33:34 App\Events\ObjectUpdated ....................... RUNNING
  2024-01-20 20:33:34 App\Events\ObjectUpdated .................. 56.90ms DONE
  2024-01-20 22:00:05 Spatie\MediaLibrary\Conversions\Jobs\PerformConversionsJob  RUNNING
  2024-01-20 22:00:07 Spatie\MediaLibrary\Conversions\Jobs\PerformConversionsJob  1,669.67ms DONE
  2024-01-20 22:02:53 Spatie\MediaLibrary\Conversions\Jobs\PerformConversionsJob  RUNNING
  2024-01-20 22:02:55 Spatie\MediaLibrary\Conversions\Jobs\PerformConversionsJob  1,457.42ms DONE
  2024-01-20 22:04:17 Spatie\MediaLibrary\Conversions\Jobs\PerformConversionsJob  RUNNING
  2024-01-20 22:04:18 Spatie\MediaLibrary\Conversions\Jobs\PerformConversionsJob  1,436.59ms DONE
  2024-01-20 22:04:26 App\Events\ObjectUpdated ....................... RUNNING
  2024-01-20 22:04:26 App\Events\ObjectUpdated .................. 34.25ms DONE
  2024-01-20 22:04:28 App\Events\ObjectUpdated ....................... RUNNING
  2024-01-20 22:04:28 App\Events\ObjectUpdated .................. 67.10ms DONE
  2024-01-20 22:04:38 Spatie\MediaLibrary\Conversions\Jobs\PerformConversionsJob  RUNNING
  2024-01-20 22:04:40 Spatie\MediaLibrary\Conversions\Jobs\PerformConversionsJob  1,464.94ms DONE
  2024-01-20 22:06:57 Spatie\MediaLibrary\Conversions\Jobs\PerformConversionsJob  RUNNING
  2024-01-20 22:06:59 Spatie\MediaLibrary\Conversions\Jobs\PerformConversionsJob  1,422.68ms DONE
  2024-01-21 16:47:18 Spatie\MediaLibrary\Conversions\Jobs\PerformConversionsJob  RUNNING
  2024-01-21 16:47:20 Spatie\MediaLibrary\Conversions\Jobs\PerformConversionsJob  1,636.54ms DONE
  2024-01-21 17:01:31 Spatie\MediaLibrary\Conversions\Jobs\PerformConversionsJob  RUNNING
  2024-01-21 17:01:42 Spatie\MediaLibrary\Conversions\Jobs\PerformConversionsJob  10,991.10ms FAIL
  2024-01-21 17:01:42 Spatie\MediaLibrary\Conversions\Jobs\PerformConversionsJob  RUNNING
  2024-01-21 17:01:53 Spatie\MediaLibrary\Conversions\Jobs\PerformConversionsJob  11,367.63ms FAIL
  2024-01-21 17:01:53 Spatie\MediaLibrary\Conversions\Jobs\PerformConversionsJob  RUNNING
  2024-01-21 17:02:05 Spatie\MediaLibrary\Conversions\Jobs\PerformConversionsJob  11,276.33ms FAIL
  2024-01-21 17:06:04 Spatie\MediaLibrary\Conversions\Jobs\PerformConversionsJob  RUNNING
  2024-01-21 17:06:57 Spatie\MediaLibrary\Conversions\Jobs\PerformConversionsJob  52,880.93ms DONE
Cannot load Zend OPcache - it was already loaded
  2024-01-23 15:59:53 App\Events\ObjectUpdated ....................... RUNNING
  2024-01-23 15:59:53 App\Events\ObjectUpdated ................. 188.49ms DONE
  2024-01-23 16:01:40 App\Events\ObjectUpdated ....................... RUNNING
  2024-01-23 16:01:40 App\Events\ObjectUpdated ................. 104.55ms DONE
  2024-01-23 16:01:50 App\Events\ObjectUpdated ....................... RUNNING
  2024-01-23 16:01:50 App\Events\ObjectUpdated ................. 133.76ms DONE
  2024-01-23 16:02:03 App\Events\ObjectUpdated ....................... RUNNING
  2024-01-23 16:02:03 App\Events\ObjectUpdated .................. 99.83ms DONE
  2024-01-23 16:02:13 App\Events\ObjectUpdated ....................... RUNNING
  2024-01-23 16:02:13 App\Events\ObjectUpdated .................. 37.49ms DONE
  2024-01-23 16:02:15 App\Events\ObjectUpdated ....................... RUNNING
  2024-01-23 16:02:15 App\Events\ObjectUpdated .................. 19.51ms DONE
  2024-01-23 16:11:12 App\Events\FieldUpdated ........................ RUNNING
  2024-01-23 16:11:12 App\Events\FieldUpdated ................... 83.47ms DONE
  2024-01-23 16:11:16 App\Events\ObjectUpdated ....................... RUNNING
  2024-01-23 16:11:16 App\Events\ObjectUpdated .................. 75.52ms DONE
  2024-01-23 16:31:13 App\Events\ObjectUpdated ....................... RUNNING
  2024-01-23 16:31:13 App\Events\ObjectUpdated .................. 34.93ms DONE
  2024-01-23 16:32:36 App\Events\FieldUpdated ........................ RUNNING
  2024-01-23 16:32:36 App\Events\FieldUpdated ................... 79.57ms DONE
  2024-01-23 16:33:15 App\Events\FieldUpdated ........................ RUNNING
  2024-01-23 16:33:15 App\Events\FieldUpdated ................... 71.12ms DONE
  2024-01-24 10:24:35 App\Events\FieldUpdated ........................ RUNNING
  2024-01-24 10:24:35 App\Events\FieldUpdated ................... 35.55ms DONE
  2024-01-24 12:05:09 Spatie\MediaLibrary\Conversions\Jobs\PerformConversionsJob  RUNNING
  2024-01-24 12:05:09 Spatie\MediaLibrary\Conversions\Jobs\PerformConversionsJob  76.25ms DONE
  2024-01-24 12:08:39 Spatie\MediaLibrary\Conversions\Jobs\PerformConversionsJob  RUNNING
  2024-01-24 12:08:39 Spatie\MediaLibrary\Conversions\Jobs\PerformConversionsJob  36.23ms DONE
  2024-01-24 12:16:14 Spatie\MediaLibrary\Conversions\Jobs\PerformConversionsJob  RUNNING
  2024-01-24 12:16:14 Spatie\MediaLibrary\Conversions\Jobs\PerformConversionsJob  83.79ms DONE
  2024-01-24 14:34:14 Spatie\MediaLibrary\Conversions\Jobs\PerformConversionsJob  RUNNING
  2024-01-24 14:34:14 Spatie\MediaLibrary\Conversions\Jobs\PerformConversionsJob  59.56ms DONE
  2024-01-24 15:06:44 Spatie\MediaLibrary\Conversions\Jobs\PerformConversionsJob  RUNNING
  2024-01-24 15:06:44 Spatie\MediaLibrary\Conversions\Jobs\PerformConversionsJob  RUNNING
  2024-01-24 15:06:44 Spatie\MediaLibrary\Conversions\Jobs\PerformConversionsJob  71.65ms DONE
  2024-01-24 15:06:44 Spatie\MediaLibrary\Conversions\Jobs\PerformConversionsJob  72.98ms DONE
  2024-01-24 15:06:44 Spatie\MediaLibrary\Conversions\Jobs\PerformConversionsJob  RUNNING
  2024-01-24 15:06:44 Spatie\MediaLibrary\Conversions\Jobs\PerformConversionsJob  66.52ms DONE
  2024-01-24 15:27:45 App\Events\ObjectUpdated ....................... RUNNING
  2024-01-24 15:27:45 App\Events\ObjectUpdated .................. 31.27ms DONE
  2024-01-24 15:27:48 App\Events\ObjectUpdated ....................... RUNNING
  2024-01-24 15:27:48 App\Events\ObjectUpdated .................. 19.29ms DONE
  2024-01-24 16:59:52 Spatie\MediaLibrary\Conversions\Jobs\PerformConversionsJob  RUNNING
  2024-01-24 16:59:52 Spatie\MediaLibrary\Conversions\Jobs\PerformConversionsJob  73.72ms DONE
  2024-01-24 17:00:36 Spatie\MediaLibrary\Conversions\Jobs\PerformConversionsJob  RUNNING
  2024-01-24 17:00:36 Spatie\MediaLibrary\Conversions\Jobs\PerformConversionsJob  68.07ms DONE
  2024-01-24 17:01:22 Spatie\MediaLibrary\Conversions\Jobs\PerformConversionsJob  RUNNING
  2024-01-24 17:01:22 Spatie\MediaLibrary\Conversions\Jobs\PerformConversionsJob  81.98ms DONE
  2024-01-24 17:22:36 Spatie\MediaLibrary\Conversions\Jobs\PerformConversionsJob  RUNNING
  2024-01-24 17:22:36 Spatie\MediaLibrary\Conversions\Jobs\PerformConversionsJob  77.42ms DONE
  2024-01-24 17:23:58 Spatie\MediaLibrary\Conversions\Jobs\PerformConversionsJob  RUNNING
  2024-01-24 17:23:58 Spatie\MediaLibrary\Conversions\Jobs\PerformConversionsJob  74.25ms DONE
  2024-01-24 19:17:07 App\Events\ObjectUpdated ....................... RUNNING
  2024-01-24 19:17:08 App\Events\ObjectUpdated ................. 275.50ms DONE
  2024-01-24 19:17:16 App\Events\ObjectUpdated ....................... RUNNING
  2024-01-24 19:17:16 App\Events\ObjectUpdated .................. 81.16ms DONE
  2024-01-24 19:17:17 App\Events\ObjectUpdated ....................... RUNNING
  2024-01-24 19:17:17 App\Events\ObjectUpdated .................. 15.94ms DONE
  2024-01-24 19:43:42 App\Events\FieldUpdated ........................ RUNNING
  2024-01-24 19:43:42 App\Events\FieldUpdated ................... 28.83ms DONE
  2024-01-24 19:44:05 App\Events\FieldUpdated ........................ RUNNING
  2024-01-24 19:44:05 App\Events\FieldUpdated ................... 69.53ms DONE
  2024-01-24 19:44:39 App\Events\FieldUpdated ........................ RUNNING
  2024-01-24 19:44:39 App\Events\FieldUpdated ................... 66.53ms DONE
  2024-01-24 19:45:07 App\Events\ObjectUpdated ....................... RUNNING
  2024-01-24 19:45:07 App\Events\ObjectUpdated .................. 14.06ms DONE
  2024-01-24 19:45:09 App\Events\ObjectUpdated ....................... RUNNING
  2024-01-24 19:45:09 App\Events\ObjectUpdated .................. 14.77ms DONE
  2024-01-24 19:45:50 App\Events\FieldUpdated ........................ RUNNING
  2024-01-24 19:45:50 App\Events\FieldUpdated ................... 32.69ms DONE
  2024-01-24 19:46:04 App\Events\FieldUpdated ........................ RUNNING
  2024-01-24 19:46:04 App\Events\FieldUpdated ................... 19.79ms DONE
  2024-01-24 19:47:14 App\Events\FieldUpdated ........................ RUNNING
  2024-01-24 19:47:14 App\Events\FieldUpdated ................... 65.82ms DONE
  2024-01-24 19:47:15 App\Events\ObjectUpdated ....................... RUNNING
  2024-01-24 19:47:15 App\Events\ObjectUpdated .................. 15.15ms DONE
  2024-01-24 19:47:17 App\Events\ObjectUpdated ....................... RUNNING
  2024-01-24 19:47:17 App\Events\ObjectUpdated .................. 70.28ms DONE
  2024-01-24 19:47:24 App\Events\FieldUpdated ........................ RUNNING
  2024-01-24 19:47:24 App\Events\FieldUpdated ................... 16.58ms DONE
  2024-01-24 19:47:52 App\Events\FieldUpdated ........................ RUNNING
  2024-01-24 19:47:52 App\Events\FieldUpdated ................... 36.01ms DONE
  2024-01-24 19:47:58 App\Events\FieldUpdated ........................ RUNNING
  2024-01-24 19:47:58 App\Events\FieldUpdated ................... 17.31ms DONE
  2024-01-24 19:47:58 App\Events\FieldUpdated ........................ RUNNING
  2024-01-24 19:47:58 App\Events\FieldUpdated ................... 20.09ms DONE
  2024-01-24 19:48:00 App\Events\FieldUpdated ........................ RUNNING
  2024-01-24 19:48:00 App\Events\FieldUpdated ................... 14.12ms DONE
  2024-01-24 20:55:37 App\Events\FieldUpdated ........................ RUNNING
  2024-01-24 20:55:37 App\Events\FieldUpdated ................... 69.19ms DONE
  2024-01-24 20:56:21 App\Events\FieldUpdated ........................ RUNNING
  2024-01-24 20:56:21 App\Events\FieldUpdated ................... 33.63ms DONE
  2024-01-24 20:56:35 App\Events\FieldUpdated ........................ RUNNING
  2024-01-24 20:56:35 App\Events\FieldUpdated ................... 17.84ms DONE
  2024-01-24 21:12:28 Spatie\MediaLibrary\Conversions\Jobs\PerformConversionsJob  RUNNING
  2024-01-24 21:12:28 Spatie\MediaLibrary\Conversions\Jobs\PerformConversionsJob  RUNNING
  2024-01-24 21:12:40 Spatie\MediaLibrary\Conversions\Jobs\PerformConversionsJob  11,487.32ms FAIL
  2024-01-24 21:12:40 Spatie\MediaLibrary\Conversions\Jobs\PerformConversionsJob  RUNNING
  2024-01-24 21:12:40 Spatie\MediaLibrary\Conversions\Jobs\PerformConversionsJob  11,919.62ms FAIL
  2024-01-24 21:12:40 Spatie\MediaLibrary\Conversions\Jobs\PerformConversionsJob  RUNNING
  2024-01-24 21:12:52 Spatie\MediaLibrary\Conversions\Jobs\PerformConversionsJob  11,517.65ms FAIL
  2024-01-24 21:12:52 Spatie\MediaLibrary\Conversions\Jobs\PerformConversionsJob  RUNNING
  2024-01-24 21:12:52 Spatie\MediaLibrary\Conversions\Jobs\PerformConversionsJob  12,368.26ms FAIL
  2024-01-24 21:12:52 Spatie\MediaLibrary\Conversions\Jobs\PerformConversionsJob  RUNNING
  2024-01-24 21:13:03 Spatie\MediaLibrary\Conversions\Jobs\PerformConversionsJob  11,370.55ms FAIL
  2024-01-24 21:13:03 Spatie\MediaLibrary\Conversions\Jobs\PerformConversionsJob  11,454.04ms FAIL
  2024-01-24 21:23:36 App\Events\ObjectUpdated ....................... RUNNING
  2024-01-24 21:23:37 App\Events\ObjectUpdated .................. 79.33ms DONE
  2024-01-24 21:23:45 App\Events\ObjectUpdated ....................... RUNNING
  2024-01-24 21:23:47 App\Events\ObjectUpdated ............... 1,548.31ms DONE
  2024-01-24 21:37:58 App\Events\ObjectUpdated ....................... RUNNING
  2024-01-24 21:37:58 App\Events\ObjectUpdated ................. 100.82ms DONE
  2024-01-25 10:02:34 Spatie\MediaLibrary\Conversions\Jobs\PerformConversionsJob  RUNNING
  2024-01-25 10:02:34 Spatie\MediaLibrary\Conversions\Jobs\PerformConversionsJob  76.48ms DONE
  2024-01-25 11:50:33 Spatie\MediaLibrary\Conversions\Jobs\PerformConversionsJob  RUNNING
  2024-01-25 11:50:33 Spatie\MediaLibrary\Conversions\Jobs\PerformConversionsJob  81.90ms DONE
  2024-01-25 12:17:15 Spatie\MediaLibrary\Conversions\Jobs\PerformConversionsJob  RUNNING
  2024-01-25 12:17:16 Spatie\MediaLibrary\Conversions\Jobs\PerformConversionsJob  66.30ms DONE
  2024-01-25 12:25:11 Spatie\MediaLibrary\Conversions\Jobs\PerformConversionsJob  RUNNING
  2024-01-25 12:25:11 Spatie\MediaLibrary\Conversions\Jobs\PerformConversionsJob  63.23ms DONE
  2024-01-25 12:27:57 Spatie\MediaLibrary\Conversions\Jobs\PerformConversionsJob  RUNNING
  2024-01-25 12:27:57 Spatie\MediaLibrary\Conversions\Jobs\PerformConversionsJob  96.95ms DONE
  2024-01-25 12:31:25 Spatie\MediaLibrary\Conversions\Jobs\PerformConversionsJob  RUNNING
  2024-01-25 12:31:25 Spatie\MediaLibrary\Conversions\Jobs\PerformConversionsJob  65.86ms DONE
  2024-01-25 12:32:25 Spatie\MediaLibrary\Conversions\Jobs\PerformConversionsJob  RUNNING
  2024-01-25 12:32:25 Spatie\MediaLibrary\Conversions\Jobs\PerformConversionsJob  60.58ms DONE
  2024-01-25 12:33:51 App\Events\ObjectUpdated ....................... RUNNING
  2024-01-25 12:33:51 App\Events\ObjectUpdated .................. 47.08ms DONE
  2024-01-25 12:33:52 App\Events\ObjectUpdated ....................... RUNNING
  2024-01-25 12:33:54 App\Events\ObjectUpdated ............... 2,021.03ms DONE
  2024-01-25 12:42:05 App\Events\ObjectUpdated ....................... RUNNING
  2024-01-25 12:42:05 App\Events\ObjectUpdated .................. 33.27ms DONE
  2024-01-25 12:42:06 App\Events\ObjectUpdated ....................... RUNNING
  2024-01-25 12:42:08 App\Events\ObjectUpdated ............... 2,349.70ms DONE
Cannot load Zend OPcache - it was already loaded
Cannot load Zend OPcache - it was already loaded
  2024-01-26 12:39:23 Spatie\MediaLibrary\Conversions\Jobs\PerformConversionsJob  RUNNING
  2024-01-26 12:39:23 Spatie\MediaLibrary\Conversions\Jobs\PerformConversionsJob  71.92ms DONE
  2024-01-26 12:54:18 Spatie\MediaLibrary\Conversions\Jobs\PerformConversionsJob  RUNNING
  2024-01-26 12:54:18 Spatie\MediaLibrary\Conversions\Jobs\PerformConversionsJob  73.06ms DONE
  2024-01-26 12:58:10 Spatie\MediaLibrary\Conversions\Jobs\PerformConversionsJob  RUNNING
  2024-01-26 12:58:10 Spatie\MediaLibrary\Conversions\Jobs\PerformConversionsJob  91.57ms DONE
  2024-01-26 12:58:47 Spatie\MediaLibrary\Conversions\Jobs\PerformConversionsJob  RUNNING
  2024-01-26 12:58:48 Spatie\MediaLibrary\Conversions\Jobs\PerformConversionsJob  117.12ms DONE
  2024-01-26 13:01:42 Spatie\MediaLibrary\Conversions\Jobs\PerformConversionsJob  RUNNING
  2024-01-26 13:01:42 Spatie\MediaLibrary\Conversions\Jobs\PerformConversionsJob  57.89ms DONE
  2024-01-26 13:40:31 Spatie\MediaLibrary\Conversions\Jobs\PerformConversionsJob  RUNNING
  2024-01-26 13:40:31 Spatie\MediaLibrary\Conversions\Jobs\PerformConversionsJob  69.98ms DONE
  2024-01-26 13:44:00 Spatie\MediaLibrary\Conversions\Jobs\PerformConversionsJob  RUNNING
  2024-01-26 13:44:01 Spatie\MediaLibrary\Conversions\Jobs\PerformConversionsJob  93.42ms DONE
  2024-01-26 13:44:14 Spatie\MediaLibrary\Conversions\Jobs\PerformConversionsJob  RUNNING
  2024-01-26 13:44:14 Spatie\MediaLibrary\Conversions\Jobs\PerformConversionsJob  54.65ms DONE
  2024-01-26 15:13:40 Spatie\MediaLibrary\Conversions\Jobs\PerformConversionsJob  RUNNING
  2024-01-26 15:13:40 Spatie\MediaLibrary\Conversions\Jobs\PerformConversionsJob  75.01ms DONE
  2024-01-26 15:24:06 Spatie\MediaLibrary\Conversions\Jobs\PerformConversionsJob  RUNNING
  2024-01-26 15:24:06 Spatie\MediaLibrary\Conversions\Jobs\PerformConversionsJob  73.90ms DONE
  2024-01-26 15:24:58 Spatie\MediaLibrary\Conversions\Jobs\PerformConversionsJob  RUNNING
  2024-01-26 15:24:58 Spatie\MediaLibrary\Conversions\Jobs\PerformConversionsJob  68.08ms DONE
  2024-01-26 15:26:48 Spatie\MediaLibrary\Conversions\Jobs\PerformConversionsJob  RUNNING
  2024-01-26 15:26:48 Spatie\MediaLibrary\Conversions\Jobs\PerformConversionsJob  77.00ms DONE
  2024-01-26 15:31:10 Spatie\MediaLibrary\Conversions\Jobs\PerformConversionsJob  RUNNING
  2024-01-26 15:31:10 Spatie\MediaLibrary\Conversions\Jobs\PerformConversionsJob  68.72ms DONE
  2024-01-26 15:37:21 Spatie\MediaLibrary\Conversions\Jobs\PerformConversionsJob  RUNNING
  2024-01-26 15:37:21 Spatie\MediaLibrary\Conversions\Jobs\PerformConversionsJob  89.43ms DONE
  2024-01-26 15:37:39 Spatie\MediaLibrary\Conversions\Jobs\PerformConversionsJob  RUNNING
  2024-01-26 15:37:39 Spatie\MediaLibrary\Conversions\Jobs\PerformConversionsJob  87.54ms DONE
  2024-01-26 15:39:38 Spatie\MediaLibrary\Conversions\Jobs\PerformConversionsJob  RUNNING
  2024-01-26 15:39:38 Spatie\MediaLibrary\Conversions\Jobs\PerformConversionsJob  66.32ms DONE
  2024-01-26 15:39:51 Spatie\MediaLibrary\Conversions\Jobs\PerformConversionsJob  RUNNING
  2024-01-26 15:39:51 Spatie\MediaLibrary\Conversions\Jobs\PerformConversionsJob  63.13ms DONE
  2024-01-26 15:40:39 Spatie\MediaLibrary\Conversions\Jobs\PerformConversionsJob  RUNNING
  2024-01-26 15:40:40 Spatie\MediaLibrary\Conversions\Jobs\PerformConversionsJob  72.72ms DONE
  2024-01-26 15:45:45 Spatie\MediaLibrary\Conversions\Jobs\PerformConversionsJob  RUNNING
  2024-01-26 15:45:45 Spatie\MediaLibrary\Conversions\Jobs\PerformConversionsJob  60.41ms DONE
  2024-01-26 15:47:17 Spatie\MediaLibrary\Conversions\Jobs\PerformConversionsJob  RUNNING
  2024-01-26 15:47:17 Spatie\MediaLibrary\Conversions\Jobs\PerformConversionsJob  68.27ms DONE
  2024-01-26 15:49:34 Spatie\MediaLibrary\Conversions\Jobs\PerformConversionsJob  RUNNING
  2024-01-26 15:49:34 Spatie\MediaLibrary\Conversions\Jobs\PerformConversionsJob  76.99ms DONE
  2024-01-26 15:51:00 Spatie\MediaLibrary\Conversions\Jobs\PerformConversionsJob  RUNNING
  2024-01-26 15:51:11 Spatie\MediaLibrary\Conversions\Jobs\PerformConversionsJob  11,783.20ms FAIL
  2024-01-26 15:51:11 Spatie\MediaLibrary\Conversions\Jobs\PerformConversionsJob  RUNNING
  2024-01-26 15:51:23 Spatie\MediaLibrary\Conversions\Jobs\PerformConversionsJob  11,314.03ms FAIL
  2024-01-26 15:51:23 Spatie\MediaLibrary\Conversions\Jobs\PerformConversionsJob  RUNNING
  2024-01-26 15:51:34 Spatie\MediaLibrary\Conversions\Jobs\PerformConversionsJob  11,030.36ms FAIL
  2024-01-26 15:52:01 Spatie\MediaLibrary\Conversions\Jobs\PerformConversionsJob  RUNNING
  2024-01-26 15:52:01 Spatie\MediaLibrary\Conversions\Jobs\PerformConversionsJob  76.46ms DONE
  2024-01-26 15:53:14 Spatie\MediaLibrary\Conversions\Jobs\PerformConversionsJob  RUNNING
  2024-01-26 15:53:14 Spatie\MediaLibrary\Conversions\Jobs\PerformConversionsJob  133.35ms DONE
  2024-01-26 16:07:43 Spatie\MediaLibrary\Conversions\Jobs\PerformConversionsJob  RUNNING
  2024-01-26 16:07:43 Spatie\MediaLibrary\Conversions\Jobs\PerformConversionsJob  76.90ms DONE
  2024-01-26 16:07:43 Spatie\MediaLibrary\Conversions\Jobs\PerformConversionsJob  RUNNING
  2024-01-26 16:07:43 Spatie\MediaLibrary\Conversions\Jobs\PerformConversionsJob  72.84ms DONE
  2024-01-26 16:07:43 Spatie\MediaLibrary\Conversions\Jobs\PerformConversionsJob  RUNNING
  2024-01-26 16:07:44 Spatie\MediaLibrary\Conversions\Jobs\PerformConversionsJob  81.83ms DONE
  2024-01-26 16:10:27 Spatie\MediaLibrary\Conversions\Jobs\PerformConversionsJob  RUNNING
  2024-01-26 16:10:27 Spatie\MediaLibrary\Conversions\Jobs\PerformConversionsJob  67.03ms DONE
  2024-01-27 09:39:00 Spatie\MediaLibrary\Conversions\Jobs\PerformConversionsJob  RUNNING
  2024-01-27 09:39:00 Spatie\MediaLibrary\Conversions\Jobs\PerformConversionsJob  70.09ms DONE
  2024-01-27 09:51:20 App\Events\ObjectUpdated ....................... RUNNING
  2024-01-27 09:51:20 App\Events\ObjectUpdated ................. 123.11ms DONE
  2024-01-27 09:51:23 App\Events\ObjectUpdated ....................... RUNNING
  2024-01-27 09:51:23 App\Events\ObjectUpdated .................. 14.12ms DONE
  2024-01-27 09:51:25 App\Events\ObjectUpdated ....................... RUNNING
  2024-01-27 09:51:25 App\Events\ObjectUpdated .................. 32.99ms DONE
  2024-01-27 09:51:28 App\Events\ObjectUpdated ....................... RUNNING
  2024-01-27 09:51:28 App\Events\ObjectUpdated .................. 67.50ms DONE
  2024-01-27 09:52:26 App\Events\ObjectUpdated ....................... RUNNING
  2024-01-27 09:52:26 App\Events\ObjectUpdated .................. 14.58ms DONE
  2024-01-27 09:52:27 App\Events\ObjectUpdated ....................... RUNNING
  2024-01-27 09:52:27 App\Events\ObjectUpdated .................. 15.15ms DONE
  2024-01-27 10:29:18 App\Events\ObjectUpdated ....................... RUNNING
  2024-01-27 10:29:18 App\Events\ObjectUpdated .................. 70.91ms DONE
  2024-01-27 10:29:21 App\Events\ObjectUpdated ....................... RUNNING
  2024-01-27 10:29:21 App\Events\ObjectUpdated .................. 15.74ms DONE
  2024-01-27 10:29:39 App\Events\ObjectUpdated ....................... RUNNING
  2024-01-27 10:29:39 App\Events\ObjectUpdated .................. 16.06ms DONE
  2024-01-27 10:29:42 App\Events\ObjectUpdated ....................... RUNNING
  2024-01-27 10:29:42 App\Events\ObjectUpdated .................. 17.96ms DONE
  2024-01-27 10:29:52 App\Events\ObjectUpdated ....................... RUNNING
  2024-01-27 10:29:52 App\Events\ObjectUpdated .................. 14.63ms DONE
  2024-01-27 10:29:55 App\Events\ObjectUpdated ....................... RUNNING
  2024-01-27 10:29:55 App\Events\ObjectUpdated .................. 14.98ms DONE
  2024-01-27 10:39:14 App\Events\ObjectUpdated ....................... RUNNING
  2024-01-27 10:39:14 App\Events\ObjectUpdated .................. 34.08ms DONE
  2024-01-27 10:39:15 App\Events\ObjectUpdated ....................... RUNNING
  2024-01-27 10:39:15 App\Events\ObjectUpdated .................. 68.14ms DONE
  2024-01-27 10:39:46 App\Events\ObjectUpdated ....................... RUNNING
  2024-01-27 10:39:46 App\Events\ObjectUpdated .................. 46.93ms DONE
  2024-01-27 10:39:48 App\Events\ObjectUpdated ....................... RUNNING
  2024-01-27 10:39:48 App\Events\ObjectUpdated .................. 80.41ms DONE
  2024-01-27 10:45:42 App\Events\FieldUpdated ........................ RUNNING
  2024-01-27 10:45:42 App\Events\FieldUpdated ................... 35.35ms DONE
  2024-01-27 10:53:25 App\Events\ObjectUpdated ....................... RUNNING
  2024-01-27 10:53:25 App\Events\ObjectUpdated .................. 34.84ms DONE
  2024-01-27 10:53:26 App\Events\ObjectUpdated ....................... RUNNING
  2024-01-27 10:53:26 App\Events\ObjectUpdated .................. 38.01ms DONE
  2024-01-27 11:03:31 App\Events\ObjectUpdated ....................... RUNNING
  2024-01-27 11:03:31 App\Events\ObjectUpdated .................. 34.28ms DONE
  2024-01-27 11:03:31 App\Events\ObjectUpdated ....................... RUNNING
  2024-01-27 11:03:31 App\Events\ObjectUpdated .................. 15.95ms DONE
  2024-01-27 11:03:43 App\Events\ObjectUpdated ....................... RUNNING
  2024-01-27 11:03:43 App\Events\ObjectUpdated .................. 14.76ms DONE
  2024-01-27 11:03:46 App\Events\ObjectUpdated ....................... RUNNING
  2024-01-27 11:03:46 App\Events\ObjectUpdated .................. 16.04ms DONE
  2024-01-27 11:03:55 App\Events\ObjectUpdated ....................... RUNNING
  2024-01-27 11:03:55 App\Events\ObjectUpdated .................. 13.56ms DONE
  2024-01-27 11:03:58 App\Events\ObjectUpdated ....................... RUNNING
  2024-01-27 11:03:58 App\Events\ObjectUpdated .................. 18.98ms DONE
  2024-01-27 11:10:41 App\Events\ObjectUpdated ....................... RUNNING
  2024-01-27 11:10:42 App\Events\ObjectUpdated .................. 81.28ms DONE
  2024-01-27 11:10:43 App\Events\ObjectUpdated ....................... RUNNING
  2024-01-27 11:10:43 App\Events\ObjectUpdated .................. 37.31ms DONE
  2024-01-27 11:11:00 App\Events\ObjectUpdated ....................... RUNNING
  2024-01-27 11:11:00 App\Events\ObjectUpdated .................. 14.89ms DONE
  2024-01-27 11:11:02 App\Events\ObjectUpdated ....................... RUNNING
  2024-01-27 11:11:02 App\Events\ObjectUpdated .................. 38.44ms DONE
  2024-01-27 11:11:40 App\Events\ObjectUpdated ....................... RUNNING
  2024-01-27 11:11:40 App\Events\ObjectUpdated .................. 15.25ms DONE
  2024-01-27 11:11:43 App\Events\ObjectUpdated ....................... RUNNING
  2024-01-27 11:11:43 App\Events\ObjectUpdated .................. 34.47ms DONE
  2024-01-27 11:11:52 App\Events\ObjectUpdated ....................... RUNNING
  2024-01-27 11:11:52 App\Events\ObjectUpdated .................. 13.98ms DONE
  2024-01-27 11:11:54 App\Events\ObjectUpdated ....................... RUNNING
  2024-01-27 11:11:54 App\Events\ObjectUpdated .................. 15.48ms DONE
  2024-01-27 11:14:55 App\Events\ObjectUpdated ....................... RUNNING
  2024-01-27 11:14:55 App\Events\ObjectUpdated .................. 37.52ms DONE
  2024-01-27 11:14:56 App\Events\ObjectUpdated ....................... RUNNING
  2024-01-27 11:14:56 App\Events\ObjectUpdated .................. 37.63ms DONE
  2024-01-27 11:15:02 App\Events\ObjectUpdated ....................... RUNNING
  2024-01-27 11:15:02 App\Events\ObjectUpdated .................. 35.59ms DONE
  2024-01-27 11:15:05 App\Events\ObjectUpdated ....................... RUNNING
  2024-01-27 11:15:05 App\Events\ObjectUpdated .................. 14.52ms DONE
  2024-01-27 11:15:20 App\Events\ObjectUpdated ....................... RUNNING
  2024-01-27 11:15:20 App\Events\ObjectUpdated .................. 35.13ms DONE
  2024-01-27 11:15:23 App\Events\ObjectUpdated ....................... RUNNING
  2024-01-27 11:15:23 App\Events\ObjectUpdated .................. 13.93ms DONE
  2024-01-27 11:15:29 App\Events\ObjectUpdated ....................... RUNNING
  2024-01-27 11:15:29 App\Events\ObjectUpdated .................. 15.85ms DONE
  2024-01-27 11:15:32 App\Events\ObjectUpdated ....................... RUNNING
  2024-01-27 11:15:32 App\Events\ObjectUpdated .................. 16.41ms DONE
  2024-01-27 11:15:44 App\Events\ObjectUpdated ....................... RUNNING
  2024-01-27 11:15:44 App\Events\ObjectUpdated ....................... RUNNING
  2024-01-27 11:15:44 App\Events\ObjectUpdated .................. 16.18ms DONE
  2024-01-27 11:15:44 App\Events\ObjectUpdated .................. 14.76ms DONE
  2024-01-27 11:19:49 App\Events\ObjectUpdated ....................... RUNNING
  2024-01-27 11:19:49 App\Events\ObjectUpdated .................. 67.73ms DONE
  2024-01-27 11:19:49 App\Events\ObjectUpdated ....................... RUNNING
  2024-01-27 11:19:49 App\Events\ObjectUpdated .................. 34.08ms DONE
  2024-01-27 11:20:01 App\Events\ObjectUpdated ....................... RUNNING
  2024-01-27 11:20:01 App\Events\ObjectUpdated .................. 37.51ms DONE
  2024-01-27 11:20:04 App\Events\ObjectUpdated ....................... RUNNING
  2024-01-27 11:20:04 App\Events\ObjectUpdated .................. 15.90ms DONE
  2024-01-27 11:20:07 App\Events\ObjectUpdated ....................... RUNNING
  2024-01-27 11:20:07 App\Events\ObjectUpdated .................. 18.31ms DONE
  2024-01-27 11:20:10 App\Events\ObjectUpdated ....................... RUNNING
  2024-01-27 11:20:10 App\Events\ObjectUpdated .................. 15.80ms DONE
  2024-01-27 11:21:08 App\Events\ObjectUpdated ....................... RUNNING
  2024-01-27 11:21:08 App\Events\ObjectUpdated .................. 16.25ms DONE
  2024-01-27 11:21:11 App\Events\ObjectUpdated ....................... RUNNING
  2024-01-27 11:21:11 App\Events\ObjectUpdated .................. 15.87ms DONE
  2024-01-27 11:21:14 App\Events\ObjectUpdated ....................... RUNNING
  2024-01-27 11:21:14 App\Events\ObjectUpdated .................. 19.20ms DONE
  2024-01-27 11:21:17 App\Events\ObjectUpdated ....................... RUNNING
  2024-01-27 11:21:17 App\Events\ObjectUpdated .................. 17.20ms DONE
  2024-01-27 11:24:08 App\Events\ObjectUpdated ....................... RUNNING
  2024-01-27 11:24:08 App\Events\ObjectUpdated .................. 71.84ms DONE
  2024-01-27 11:24:08 App\Events\ObjectUpdated ....................... RUNNING
  2024-01-27 11:24:09 App\Events\ObjectUpdated .................. 34.20ms DONE
  2024-01-27 11:24:17 App\Events\ObjectUpdated ....................... RUNNING
  2024-01-27 11:24:17 App\Events\ObjectUpdated .................. 69.09ms DONE
  2024-01-27 11:24:20 App\Events\ObjectUpdated ....................... RUNNING
  2024-01-27 11:24:20 App\Events\ObjectUpdated .................. 17.61ms DONE
  2024-01-27 11:24:32 App\Events\ObjectUpdated ....................... RUNNING
  2024-01-27 11:24:32 App\Events\ObjectUpdated .................. 13.75ms DONE
  2024-01-27 11:24:35 App\Events\ObjectUpdated ....................... RUNNING
  2024-01-27 11:24:35 App\Events\ObjectUpdated .................. 14.42ms DONE
  2024-01-27 11:24:45 App\Events\ObjectUpdated ....................... RUNNING
  2024-01-27 11:24:45 App\Events\ObjectUpdated .................. 14.22ms DONE
  2024-01-27 11:24:45 App\Events\ObjectUpdated ....................... RUNNING
  2024-01-27 11:24:45 App\Events\ObjectUpdated .................. 13.87ms DONE
  2024-01-27 11:26:05 App\Events\ObjectUpdated ....................... RUNNING
  2024-01-27 11:26:05 App\Events\ObjectUpdated .................. 13.20ms DONE
  2024-01-27 11:26:07 App\Events\ObjectUpdated ....................... RUNNING
  2024-01-27 11:26:07 App\Events\ObjectUpdated .................. 15.61ms DONE
  2024-01-27 11:26:19 App\Events\ObjectUpdated ....................... RUNNING
  2024-01-27 11:26:19 App\Events\ObjectUpdated .................. 39.73ms DONE
  2024-01-27 11:26:20 App\Events\ObjectUpdated ....................... RUNNING
  2024-01-27 11:26:20 App\Events\ObjectUpdated .................. 36.43ms DONE
  2024-01-27 11:26:28 App\Events\ObjectUpdated ....................... RUNNING
  2024-01-27 11:26:28 App\Events\ObjectUpdated .................. 32.49ms DONE
  2024-01-27 11:26:29 App\Events\ObjectUpdated ....................... RUNNING
  2024-01-27 11:26:29 App\Events\ObjectUpdated .................. 35.94ms DONE
  2024-01-27 12:09:06 Spatie\MediaLibrary\Conversions\Jobs\PerformConversionsJob  RUNNING
  2024-01-27 12:09:06 Spatie\MediaLibrary\Conversions\Jobs\PerformConversionsJob  97.08ms DONE
  2024-01-27 12:09:11 App\Events\FieldUpdated ........................ RUNNING
  2024-01-27 12:09:11 App\Events\FieldUpdated ................... 70.10ms DONE
  2024-01-27 12:10:35 Spatie\MediaLibrary\Conversions\Jobs\PerformConversionsJob  RUNNING
  2024-01-27 12:10:35 Spatie\MediaLibrary\Conversions\Jobs\PerformConversionsJob  82.11ms DONE
  2024-01-27 12:16:08 App\Events\FieldUpdated ........................ RUNNING
  2024-01-27 12:16:08 App\Events\FieldUpdated ................... 75.33ms DONE
  2024-01-27 14:57:41 Spatie\MediaLibrary\Conversions\Jobs\PerformConversionsJob  RUNNING
  2024-01-27 14:57:41 Spatie\MediaLibrary\Conversions\Jobs\PerformConversionsJob  77.09ms DONE
  2024-01-27 14:58:00 Spatie\MediaLibrary\Conversions\Jobs\PerformConversionsJob  RUNNING
  2024-01-27 14:58:01 Spatie\MediaLibrary\Conversions\Jobs\PerformConversionsJob  1,500.55ms DONE
  2024-01-27 15:01:16 Spatie\MediaLibrary\Conversions\Jobs\PerformConversionsJob  RUNNING
  2024-01-27 15:01:16 Spatie\MediaLibrary\Conversions\Jobs\PerformConversionsJob  91.54ms DONE
  2024-01-27 15:15:56 Spatie\MediaLibrary\Conversions\Jobs\PerformConversionsJob  RUNNING
  2024-01-27 15:15:56 Spatie\MediaLibrary\Conversions\Jobs\PerformConversionsJob  56.43ms DONE
  2024-01-27 15:54:22 Spatie\MediaLibrary\Conversions\Jobs\PerformConversionsJob  RUNNING
  2024-01-27 15:54:22 Spatie\MediaLibrary\Conversions\Jobs\PerformConversionsJob  74.55ms DONE
  2024-01-27 15:54:22 Spatie\MediaLibrary\Conversions\Jobs\PerformConversionsJob  RUNNING
  2024-01-27 15:54:22 Spatie\MediaLibrary\Conversions\Jobs\PerformConversionsJob  43.92ms DONE
  2024-01-27 15:54:22 Spatie\MediaLibrary\Conversions\Jobs\PerformConversionsJob  RUNNING
  2024-01-27 15:54:22 Spatie\MediaLibrary\Conversions\Jobs\PerformConversionsJob  58.18ms DONE
  2024-01-27 15:55:27 Spatie\MediaLibrary\Conversions\Jobs\PerformConversionsJob  RUNNING
  2024-01-27 15:55:27 Spatie\MediaLibrary\Conversions\Jobs\PerformConversionsJob  70.81ms DONE
  2024-01-27 15:55:27 Spatie\MediaLibrary\Conversions\Jobs\PerformConversionsJob  RUNNING
  2024-01-27 15:55:27 Spatie\MediaLibrary\Conversions\Jobs\PerformConversionsJob  61.95ms DONE
  2024-01-27 15:55:27 Spatie\MediaLibrary\Conversions\Jobs\PerformConversionsJob  RUNNING
  2024-01-27 15:55:27 Spatie\MediaLibrary\Conversions\Jobs\PerformConversionsJob  64.32ms DONE
  2024-01-27 16:02:23 Spatie\MediaLibrary\Conversions\Jobs\PerformConversionsJob  RUNNING
  2024-01-27 16:02:23 Spatie\MediaLibrary\Conversions\Jobs\PerformConversionsJob  63.66ms DONE
  2024-01-27 16:02:23 Spatie\MediaLibrary\Conversions\Jobs\PerformConversionsJob  RUNNING
  2024-01-27 16:02:23 Spatie\MediaLibrary\Conversions\Jobs\PerformConversionsJob  67.94ms DONE
  2024-01-27 16:02:23 Spatie\MediaLibrary\Conversions\Jobs\PerformConversionsJob  RUNNING
  2024-01-27 16:02:23 Spatie\MediaLibrary\Conversions\Jobs\PerformConversionsJob  47.92ms DONE
  2024-01-27 16:03:00 Spatie\MediaLibrary\Conversions\Jobs\PerformConversionsJob  RUNNING
  2024-01-27 16:03:00 Spatie\MediaLibrary\Conversions\Jobs\PerformConversionsJob  RUNNING
  2024-01-27 16:03:00 Spatie\MediaLibrary\Conversions\Jobs\PerformConversionsJob  RUNNING
  2024-01-27 16:03:00 Spatie\MediaLibrary\Conversions\Jobs\PerformConversionsJob  95.22ms DONE
  2024-01-27 16:03:00 Spatie\MediaLibrary\Conversions\Jobs\PerformConversionsJob  56.69ms DONE
  2024-01-27 16:03:00 Spatie\MediaLibrary\Conversions\Jobs\PerformConversionsJob  59.69ms DONE
  2024-01-27 16:04:22 Spatie\MediaLibrary\Conversions\Jobs\PerformConversionsJob  RUNNING
  2024-01-27 16:04:22 Spatie\MediaLibrary\Conversions\Jobs\PerformConversionsJob  63.19ms DONE
  2024-01-27 16:04:22 Spatie\MediaLibrary\Conversions\Jobs\PerformConversionsJob  RUNNING
  2024-01-27 16:04:22 Spatie\MediaLibrary\Conversions\Jobs\PerformConversionsJob  RUNNING
  2024-01-27 16:04:22 Spatie\MediaLibrary\Conversions\Jobs\PerformConversionsJob  45.58ms DONE
  2024-01-27 16:04:22 Spatie\MediaLibrary\Conversions\Jobs\PerformConversionsJob  69.53ms DONE
  2024-01-27 16:05:02 Spatie\MediaLibrary\Conversions\Jobs\PerformConversionsJob  RUNNING
  2024-01-27 16:05:02 Spatie\MediaLibrary\Conversions\Jobs\PerformConversionsJob  53.03ms DONE
  2024-01-27 16:08:32 Spatie\MediaLibrary\Conversions\Jobs\PerformConversionsJob  RUNNING
  2024-01-27 16:08:32 Spatie\MediaLibrary\Conversions\Jobs\PerformConversionsJob  69.77ms DONE
  2024-01-27 16:09:25 Spatie\MediaLibrary\Conversions\Jobs\PerformConversionsJob  RUNNING
  2024-01-27 16:09:25 Spatie\MediaLibrary\Conversions\Jobs\PerformConversionsJob  74.11ms DONE
  2024-01-27 16:10:25 Spatie\MediaLibrary\Conversions\Jobs\PerformConversionsJob  RUNNING
  2024-01-27 16:10:25 Spatie\MediaLibrary\Conversions\Jobs\PerformConversionsJob  68.05ms DONE
  2024-01-27 16:11:35 Spatie\MediaLibrary\Conversions\Jobs\PerformConversionsJob  RUNNING
  2024-01-27 16:11:35 Spatie\MediaLibrary\Conversions\Jobs\PerformConversionsJob  73.49ms DONE
  2024-01-27 16:11:39 Spatie\MediaLibrary\Conversions\Jobs\PerformConversionsJob  RUNNING
  2024-01-27 16:11:39 Spatie\MediaLibrary\Conversions\Jobs\PerformConversionsJob  65.00ms DONE
  2024-01-27 16:11:39 Spatie\MediaLibrary\Conversions\Jobs\PerformConversionsJob  RUNNING
  2024-01-27 16:11:39 Spatie\MediaLibrary\Conversions\Jobs\PerformConversionsJob  RUNNING
  2024-01-27 16:11:39 Spatie\MediaLibrary\Conversions\Jobs\PerformConversionsJob  50.80ms DONE
  2024-01-27 16:11:39 Spatie\MediaLibrary\Conversions\Jobs\PerformConversionsJob  76.16ms DONE
  2024-01-27 16:35:37 Spatie\MediaLibrary\Conversions\Jobs\PerformConversionsJob  RUNNING
  2024-01-27 16:35:37 Spatie\MediaLibrary\Conversions\Jobs\PerformConversionsJob  67.41ms DONE
  2024-01-27 16:36:20 Spatie\MediaLibrary\Conversions\Jobs\PerformConversionsJob  RUNNING
  2024-01-27 16:36:20 Spatie\MediaLibrary\Conversions\Jobs\PerformConversionsJob  70.44ms DONE
  2024-01-27 16:44:01 Spatie\MediaLibrary\Conversions\Jobs\PerformConversionsJob  RUNNING
  2024-01-27 16:44:01 Spatie\MediaLibrary\Conversions\Jobs\PerformConversionsJob  71.25ms DONE
  2024-01-27 16:44:26 Spatie\MediaLibrary\Conversions\Jobs\PerformConversionsJob  RUNNING
  2024-01-27 16:44:26 Spatie\MediaLibrary\Conversions\Jobs\PerformConversionsJob  123.13ms DONE
  2024-01-27 16:45:04 Spatie\MediaLibrary\Conversions\Jobs\PerformConversionsJob  RUNNING
  2024-01-27 16:45:04 Spatie\MediaLibrary\Conversions\Jobs\PerformConversionsJob  78.05ms DONE
  2024-01-27 16:45:10 Spatie\MediaLibrary\Conversions\Jobs\PerformConversionsJob  RUNNING
  2024-01-27 16:45:10 Spatie\MediaLibrary\Conversions\Jobs\PerformConversionsJob  69.54ms DONE
  2024-01-27 16:45:10 Spatie\MediaLibrary\Conversions\Jobs\PerformConversionsJob  RUNNING
  2024-01-27 16:45:10 Spatie\MediaLibrary\Conversions\Jobs\PerformConversionsJob  69.89ms DONE
  2024-01-27 16:45:10 Spatie\MediaLibrary\Conversions\Jobs\PerformConversionsJob  RUNNING
  2024-01-27 16:45:10 Spatie\MediaLibrary\Conversions\Jobs\PerformConversionsJob  67.00ms DONE
  2024-01-27 16:45:14 Spatie\MediaLibrary\Conversions\Jobs\PerformConversionsJob  RUNNING
  2024-01-27 16:45:14 Spatie\MediaLibrary\Conversions\Jobs\PerformConversionsJob  65.44ms DONE
  2024-01-27 16:45:14 Spatie\MediaLibrary\Conversions\Jobs\PerformConversionsJob  RUNNING
  2024-01-27 16:45:14 Spatie\MediaLibrary\Conversions\Jobs\PerformConversionsJob  55.80ms DONE
  2024-01-27 16:45:14 Spatie\MediaLibrary\Conversions\Jobs\PerformConversionsJob  RUNNING
  2024-01-27 16:45:14 Spatie\MediaLibrary\Conversions\Jobs\PerformConversionsJob  68.33ms DONE
  2024-01-27 16:45:22 Spatie\MediaLibrary\Conversions\Jobs\PerformConversionsJob  RUNNING
  2024-01-27 16:45:22 Spatie\MediaLibrary\Conversions\Jobs\PerformConversionsJob  62.39ms DONE
  2024-01-27 16:45:33 Spatie\MediaLibrary\Conversions\Jobs\PerformConversionsJob  RUNNING
  2024-01-27 16:45:33 Spatie\MediaLibrary\Conversions\Jobs\PerformConversionsJob  64.81ms DONE
  2024-01-27 16:45:35 Spatie\MediaLibrary\Conversions\Jobs\PerformConversionsJob  RUNNING
  2024-01-27 16:45:35 Spatie\MediaLibrary\Conversions\Jobs\PerformConversionsJob  96.05ms DONE
  2024-01-27 16:45:35 Spatie\MediaLibrary\Conversions\Jobs\PerformConversionsJob  RUNNING
  2024-01-27 16:45:35 Spatie\MediaLibrary\Conversions\Jobs\PerformConversionsJob  72.29ms DONE
  2024-01-27 16:45:39 Spatie\MediaLibrary\Conversions\Jobs\PerformConversionsJob  RUNNING
  2024-01-27 16:45:39 Spatie\MediaLibrary\Conversions\Jobs\PerformConversionsJob  70.25ms DONE
  2024-01-27 16:48:05 Spatie\MediaLibrary\Conversions\Jobs\PerformConversionsJob  RUNNING
  2024-01-27 16:48:05 Spatie\MediaLibrary\Conversions\Jobs\PerformConversionsJob  69.22ms DONE
  2024-01-27 16:48:41 Spatie\MediaLibrary\Conversions\Jobs\PerformConversionsJob  RUNNING
  2024-01-27 16:48:41 Spatie\MediaLibrary\Conversions\Jobs\PerformConversionsJob  63.48ms DONE
  2024-01-27 16:50:26 Spatie\MediaLibrary\Conversions\Jobs\PerformConversionsJob  RUNNING
  2024-01-27 16:50:26 Spatie\MediaLibrary\Conversions\Jobs\PerformConversionsJob  55.69ms DONE
  2024-01-27 16:50:31 Spatie\MediaLibrary\Conversions\Jobs\PerformConversionsJob  RUNNING
  2024-01-27 16:50:31 Spatie\MediaLibrary\Conversions\Jobs\PerformConversionsJob  76.40ms DONE
  2024-01-27 16:51:45 Spatie\MediaLibrary\Conversions\Jobs\PerformConversionsJob  RUNNING
  2024-01-27 16:51:45 Spatie\MediaLibrary\Conversions\Jobs\PerformConversionsJob  61.09ms DONE
  2024-01-27 16:51:50 Spatie\MediaLibrary\Conversions\Jobs\PerformConversionsJob  RUNNING
  2024-01-27 16:51:50 Spatie\MediaLibrary\Conversions\Jobs\PerformConversionsJob  77.90ms DONE
  2024-01-27 16:53:08 Spatie\MediaLibrary\Conversions\Jobs\PerformConversionsJob  RUNNING
  2024-01-27 16:53:08 Spatie\MediaLibrary\Conversions\Jobs\PerformConversionsJob  72.24ms DONE
  2024-01-27 16:53:13 Spatie\MediaLibrary\Conversions\Jobs\PerformConversionsJob  RUNNING
  2024-01-27 16:53:13 Spatie\MediaLibrary\Conversions\Jobs\PerformConversionsJob  69.19ms DONE
  2024-01-27 16:57:06 Spatie\MediaLibrary\Conversions\Jobs\PerformConversionsJob  RUNNING
  2024-01-27 16:57:07 Spatie\MediaLibrary\Conversions\Jobs\PerformConversionsJob  68.69ms DONE
  2024-01-27 16:57:24 Spatie\MediaLibrary\Conversions\Jobs\PerformConversionsJob  RUNNING
  2024-01-27 16:57:24 Spatie\MediaLibrary\Conversions\Jobs\PerformConversionsJob  66.01ms DONE
  2024-01-27 16:58:11 Spatie\MediaLibrary\Conversions\Jobs\PerformConversionsJob  RUNNING
  2024-01-27 16:58:11 Spatie\MediaLibrary\Conversions\Jobs\PerformConversionsJob  66.88ms DONE
  2024-01-27 16:58:50 Spatie\MediaLibrary\Conversions\Jobs\PerformConversionsJob  RUNNING
  2024-01-27 16:58:50 Spatie\MediaLibrary\Conversions\Jobs\PerformConversionsJob  74.99ms DONE
  2024-01-27 16:58:56 Spatie\MediaLibrary\Conversions\Jobs\PerformConversionsJob  RUNNING
  2024-01-27 16:58:56 Spatie\MediaLibrary\Conversions\Jobs\PerformConversionsJob  73.43ms DONE
  2024-01-27 17:01:23 Spatie\MediaLibrary\Conversions\Jobs\PerformConversionsJob  RUNNING
  2024-01-27 17:01:23 Spatie\MediaLibrary\Conversions\Jobs\PerformConversionsJob  76.69ms DONE
  2024-01-27 17:01:28 Spatie\MediaLibrary\Conversions\Jobs\PerformConversionsJob  RUNNING
  2024-01-27 17:01:29 Spatie\MediaLibrary\Conversions\Jobs\PerformConversionsJob  73.07ms DONE
  2024-01-27 17:01:35 Spatie\MediaLibrary\Conversions\Jobs\PerformConversionsJob  RUNNING
  2024-01-27 17:01:35 Spatie\MediaLibrary\Conversions\Jobs\PerformConversionsJob  35.55ms DONE
  2024-01-27 17:01:35 Spatie\MediaLibrary\Conversions\Jobs\PerformConversionsJob  RUNNING
  2024-01-27 17:01:35 Spatie\MediaLibrary\Conversions\Jobs\PerformConversionsJob  85.56ms DONE
  2024-01-27 17:01:41 Spatie\MediaLibrary\Conversions\Jobs\PerformConversionsJob  RUNNING
  2024-01-27 17:01:41 Spatie\MediaLibrary\Conversions\Jobs\PerformConversionsJob  83.87ms DONE
  2024-01-27 17:01:50 Spatie\MediaLibrary\Conversions\Jobs\PerformConversionsJob  RUNNING
  2024-01-27 17:01:50 Spatie\MediaLibrary\Conversions\Jobs\PerformConversionsJob  53.84ms DONE
  2024-01-27 17:12:07 Spatie\MediaLibrary\Conversions\Jobs\PerformConversionsJob  RUNNING
  2024-01-27 17:12:07 Spatie\MediaLibrary\Conversions\Jobs\PerformConversionsJob  97.37ms DONE
  2024-01-27 17:12:12 Spatie\MediaLibrary\Conversions\Jobs\PerformConversionsJob  RUNNING
  2024-01-27 17:12:12 Spatie\MediaLibrary\Conversions\Jobs\PerformConversionsJob  78.03ms DONE
  2024-01-28 12:21:15 App\Events\ObjectUpdated ....................... RUNNING
  2024-01-28 12:21:15 App\Events\ObjectUpdated .................. 37.26ms DONE
  2024-01-28 12:21:15 App\Events\ObjectUpdated ....................... RUNNING
  2024-01-28 12:21:15 App\Events\ObjectUpdated .................. 84.10ms DONE
  2024-01-28 12:21:49 App\Events\FieldUpdated ........................ RUNNING
  2024-01-28 12:21:49 App\Events\FieldUpdated ................... 15.55ms DONE
  2024-01-28 12:21:58 App\Events\FieldUpdated ........................ RUNNING
  2024-01-28 12:21:58 App\Events\FieldUpdated ................... 15.18ms DONE
  2024-01-28 12:23:45 App\Events\FieldUpdated ........................ RUNNING
  2024-01-28 12:23:45 App\Events\FieldUpdated ................... 34.01ms DONE
  2024-01-28 14:49:07 App\Events\FieldUpdated ........................ RUNNING
  2024-01-28 14:49:07 App\Events\FieldUpdated ................... 72.62ms DONE
  2024-01-28 14:51:42 App\Events\FieldUpdated ........................ RUNNING
  2024-01-28 14:51:42 App\Events\FieldUpdated ................... 36.20ms DONE
  2024-01-28 23:25:07 App\Events\FieldUpdated ........................ RUNNING
  2024-01-28 23:25:07 App\Events\FieldUpdated ................... 69.82ms DONE
  2024-01-28 23:25:16 App\Events\ObjectUpdated ....................... RUNNING
  2024-01-28 23:25:16 App\Events\ObjectUpdated .................. 71.30ms DONE
  2024-01-28 23:25:19 App\Events\ObjectUpdated ....................... RUNNING
  2024-01-28 23:25:19 App\Events\ObjectUpdated .................. 17.42ms DONE
  2024-01-28 23:25:23 App\Events\ObjectUpdated ....................... RUNNING
  2024-01-28 23:25:23 App\Events\ObjectUpdated .................. 14.28ms DONE
  2024-01-28 23:25:25 App\Events\ObjectUpdated ....................... RUNNING
  2024-01-28 23:25:25 App\Events\ObjectUpdated .................. 33.86ms DONE
  2024-01-28 23:25:46 App\Events\FieldUpdated ........................ RUNNING
  2024-01-28 23:25:46 App\Events\FieldUpdated ................... 15.03ms DONE
  2024-01-28 23:25:51 App\Events\ObjectUpdated ....................... RUNNING
  2024-01-28 23:25:51 App\Events\ObjectUpdated .................. 74.99ms DONE
  2024-01-28 23:25:52 App\Events\ObjectUpdated ....................... RUNNING
  2024-01-28 23:25:52 App\Events\ObjectUpdated .................. 17.88ms DONE
  2024-01-28 23:26:02 App\Events\FieldUpdated ........................ RUNNING
  2024-01-28 23:26:02 App\Events\FieldUpdated ................... 14.93ms DONE
  2024-01-28 23:26:06 App\Events\ObjectUpdated ....................... RUNNING
  2024-01-28 23:26:06 App\Events\ObjectUpdated .................. 13.06ms DONE
  2024-01-28 23:26:08 App\Events\ObjectUpdated ....................... RUNNING
  2024-01-28 23:26:08 App\Events\ObjectUpdated .................. 14.38ms DONE
  2024-01-28 23:27:46 App\Events\FieldUpdated ........................ RUNNING
  2024-01-28 23:27:46 App\Events\FieldUpdated ................... 73.34ms DONE
  2024-01-28 23:30:54 App\Events\FieldUpdated ........................ RUNNING
  2024-01-28 23:30:54 App\Events\FieldUpdated ................... 32.40ms DONE
  2024-01-29 09:19:11 App\Events\ObjectUpdated ....................... RUNNING
  2024-01-29 09:19:11 App\Events\ObjectUpdated ....................... RUNNING
  2024-01-29 09:19:11 App\Events\ObjectUpdated .................. 40.28ms DONE
  2024-01-29 09:19:11 App\Events\ObjectUpdated .................. 35.16ms DONE
  2024-01-29 09:19:36 App\Events\ObjectUpdated ....................... RUNNING
  2024-01-29 09:19:36 App\Events\ObjectUpdated .................. 15.87ms DONE
  2024-01-29 09:19:39 App\Events\ObjectUpdated ....................... RUNNING
  2024-01-29 09:19:39 App\Events\ObjectUpdated .................. 14.46ms DONE
  2024-01-29 09:19:51 App\Events\ObjectUpdated ....................... RUNNING
  2024-01-29 09:19:51 App\Events\ObjectUpdated .................. 15.05ms DONE
  2024-01-29 09:19:54 App\Events\ObjectUpdated ....................... RUNNING
  2024-01-29 09:19:54 App\Events\ObjectUpdated .................. 21.61ms DONE
  2024-01-29 09:20:16 App\Events\ObjectUpdated ....................... RUNNING
  2024-01-29 09:20:16 App\Events\ObjectUpdated .................. 13.81ms DONE
  2024-01-29 09:20:19 App\Events\ObjectUpdated ....................... RUNNING
  2024-01-29 09:20:19 App\Events\ObjectUpdated .................. 36.21ms DONE
  2024-01-29 09:32:45 App\Events\ObjectUpdated ....................... RUNNING
  2024-01-29 09:32:45 App\Events\ObjectUpdated .................. 46.03ms DONE
  2024-01-29 09:32:48 App\Events\ObjectUpdated ....................... RUNNING
  2024-01-29 09:32:48 App\Events\ObjectUpdated .................. 34.88ms DONE
  2024-01-29 09:33:14 App\Events\FieldUpdated ........................ RUNNING
  2024-01-29 09:33:14 App\Events\FieldUpdated ................... 34.64ms DONE
  2024-01-29 09:38:50 App\Events\FieldUpdated ........................ RUNNING
  2024-01-29 09:38:50 App\Events\FieldUpdated ................... 79.56ms DONE
  2024-01-29 09:42:07 App\Events\FieldUpdated ........................ RUNNING
  2024-01-29 09:42:07 App\Events\FieldUpdated ................... 71.27ms DONE
  2024-01-29 09:56:54 App\Events\FieldUpdated ........................ RUNNING
  2024-01-29 09:56:54 App\Events\FieldUpdated ................... 37.54ms DONE
  2024-01-29 09:58:23 App\Events\FieldUpdated ........................ RUNNING
  2024-01-29 09:58:23 App\Events\FieldUpdated ................... 15.86ms DONE
  2024-01-29 09:59:02 App\Events\FieldUpdated ........................ RUNNING
  2024-01-29 09:59:02 App\Events\FieldUpdated ................... 35.39ms DONE
  2024-01-29 10:00:49 App\Events\FieldUpdated ........................ RUNNING
  2024-01-29 10:00:49 App\Events\FieldUpdated ................... 15.85ms DONE
  2024-01-29 10:02:57 App\Events\FieldUpdated ........................ RUNNING
  2024-01-29 10:02:57 App\Events\FieldUpdated ................... 72.77ms DONE
  2024-01-29 10:04:53 App\Events\FieldUpdated ........................ RUNNING
  2024-01-29 10:04:53 App\Events\FieldUpdated ................... 34.36ms DONE
  2024-01-29 10:07:57 App\Events\FieldUpdated ........................ RUNNING
  2024-01-29 10:07:57 App\Events\FieldUpdated ................... 35.20ms DONE
  2024-01-29 10:09:59 App\Events\FieldUpdated ........................ RUNNING
  2024-01-29 10:10:00 App\Events\FieldUpdated ................... 36.94ms DONE
  2024-01-29 10:10:09 App\Events\ObjectUpdated ....................... RUNNING
  2024-01-29 10:10:09 App\Events\ObjectUpdated .................. 13.53ms DONE
  2024-01-29 10:39:18 Spatie\MediaLibrary\Conversions\Jobs\PerformConversionsJob  RUNNING
  2024-01-29 10:39:18 Spatie\MediaLibrary\Conversions\Jobs\PerformConversionsJob  40.93ms DONE
  2024-01-29 10:39:18 Spatie\MediaLibrary\Conversions\Jobs\PerformConversionsJob  RUNNING
  2024-01-29 10:39:18 Spatie\MediaLibrary\Conversions\Jobs\PerformConversionsJob  RUNNING
  2024-01-29 10:39:18 Spatie\MediaLibrary\Conversions\Jobs\PerformConversionsJob  33.01ms DONE
  2024-01-29 10:39:18 Spatie\MediaLibrary\Conversions\Jobs\PerformConversionsJob  37.32ms DONE
  2024-01-29 15:01:10 App\Events\ObjectUpdated ....................... RUNNING
  2024-01-29 15:01:10 App\Events\ObjectUpdated .................. 68.61ms DONE
  2024-01-29 15:01:11 App\Events\ObjectUpdated ....................... RUNNING
  2024-01-29 15:01:11 App\Events\ObjectUpdated .................. 34.15ms DONE
  2024-01-29 15:35:12 App\Events\FieldUpdated ........................ RUNNING
  2024-01-29 15:35:12 App\Events\FieldUpdated ................... 88.13ms DONE
  2024-01-29 15:35:58 App\Events\FieldUpdated ........................ RUNNING
  2024-01-29 15:35:58 App\Events\FieldUpdated ................... 17.60ms DONE
  2024-01-29 17:09:10 Spatie\MediaLibrary\Conversions\Jobs\PerformConversionsJob  RUNNING
  2024-01-29 17:09:10 Spatie\MediaLibrary\Conversions\Jobs\PerformConversionsJob  70.64ms DONE
  2024-01-29 18:04:23 Spatie\MediaLibrary\Conversions\Jobs\PerformConversionsJob  RUNNING
  2024-01-29 18:04:23 Spatie\MediaLibrary\Conversions\Jobs\PerformConversionsJob  57.42ms DONE
  2024-01-29 18:04:23 Spatie\MediaLibrary\Conversions\Jobs\PerformConversionsJob  RUNNING
  2024-01-29 18:04:23 Spatie\MediaLibrary\Conversions\Jobs\PerformConversionsJob  75.24ms DONE
  2024-01-29 18:04:33 Spatie\MediaLibrary\Conversions\Jobs\PerformConversionsJob  RUNNING
  2024-01-29 18:04:33 Spatie\MediaLibrary\Conversions\Jobs\PerformConversionsJob  36.37ms DONE
  2024-01-29 18:04:33 Spatie\MediaLibrary\Conversions\Jobs\PerformConversionsJob  RUNNING
  2024-01-29 18:04:33 Spatie\MediaLibrary\Conversions\Jobs\PerformConversionsJob  64.34ms DONE
  2024-01-29 18:04:33 Spatie\MediaLibrary\Conversions\Jobs\PerformConversionsJob  RUNNING
  2024-01-29 18:04:33 Spatie\MediaLibrary\Conversions\Jobs\PerformConversionsJob  69.10ms DONE
  2024-01-29 18:04:33 Spatie\MediaLibrary\Conversions\Jobs\PerformConversionsJob  RUNNING
  2024-01-29 18:04:33 Spatie\MediaLibrary\Conversions\Jobs\PerformConversionsJob  73.13ms DONE
  2024-01-29 18:05:31 Spatie\MediaLibrary\Conversions\Jobs\PerformConversionsJob  RUNNING
  2024-01-29 18:05:31 Spatie\MediaLibrary\Conversions\Jobs\PerformConversionsJob  55.20ms DONE
  2024-01-29 18:22:39 Spatie\MediaLibrary\Conversions\Jobs\PerformConversionsJob  RUNNING
  2024-01-29 18:22:39 Spatie\MediaLibrary\Conversions\Jobs\PerformConversionsJob  76.49ms DONE
  2024-01-29 18:46:14 Spatie\MediaLibrary\Conversions\Jobs\PerformConversionsJob  RUNNING
  2024-01-29 18:46:14 Spatie\MediaLibrary\Conversions\Jobs\PerformConversionsJob  68.36ms DONE
  2024-01-29 19:44:09 Spatie\MediaLibrary\Conversions\Jobs\PerformConversionsJob  RUNNING
  2024-01-29 19:44:09 Spatie\MediaLibrary\Conversions\Jobs\PerformConversionsJob  66.93ms DONE
  2024-01-29 19:46:36 Spatie\MediaLibrary\Conversions\Jobs\PerformConversionsJob  RUNNING
  2024-01-29 19:46:36 Spatie\MediaLibrary\Conversions\Jobs\PerformConversionsJob  68.73ms DONE
  2024-01-29 19:47:37 Spatie\MediaLibrary\Conversions\Jobs\PerformConversionsJob  RUNNING
  2024-01-29 19:47:37 Spatie\MediaLibrary\Conversions\Jobs\PerformConversionsJob  75.99ms DONE
  2024-01-29 19:48:04 Spatie\MediaLibrary\Conversions\Jobs\PerformConversionsJob  RUNNING
  2024-01-29 19:48:04 Spatie\MediaLibrary\Conversions\Jobs\PerformConversionsJob  75.06ms DONE
  2024-01-29 19:49:39 Spatie\MediaLibrary\Conversions\Jobs\PerformConversionsJob  RUNNING
  2024-01-29 19:49:39 Spatie\MediaLibrary\Conversions\Jobs\PerformConversionsJob  74.11ms DONE
  2024-01-29 19:51:56 Spatie\MediaLibrary\Conversions\Jobs\PerformConversionsJob  RUNNING
  2024-01-29 19:51:56 Spatie\MediaLibrary\Conversions\Jobs\PerformConversionsJob  69.87ms DONE
  2024-01-29 19:52:44 Spatie\MediaLibrary\Conversions\Jobs\PerformConversionsJob  RUNNING
  2024-01-29 19:52:44 Spatie\MediaLibrary\Conversions\Jobs\PerformConversionsJob  83.37ms DONE
  2024-01-29 19:53:12 Spatie\MediaLibrary\Conversions\Jobs\PerformConversionsJob  RUNNING
  2024-01-29 19:53:12 Spatie\MediaLibrary\Conversions\Jobs\PerformConversionsJob  71.29ms DONE
  2024-01-29 19:54:26 Spatie\MediaLibrary\Conversions\Jobs\PerformConversionsJob  RUNNING
  2024-01-29 19:54:26 Spatie\MediaLibrary\Conversions\Jobs\PerformConversionsJob  59.02ms DONE
  2024-01-29 19:57:37 Spatie\MediaLibrary\Conversions\Jobs\PerformConversionsJob  RUNNING
  2024-01-29 19:57:37 Spatie\MediaLibrary\Conversions\Jobs\PerformConversionsJob  67.87ms DONE
  2024-01-29 19:58:05 Spatie\MediaLibrary\Conversions\Jobs\PerformConversionsJob  RUNNING
  2024-01-29 19:58:06 Spatie\MediaLibrary\Conversions\Jobs\PerformConversionsJob  75.99ms DONE
  2024-01-29 20:01:18 Spatie\MediaLibrary\Conversions\Jobs\PerformConversionsJob  RUNNING
  2024-01-29 20:01:18 Spatie\MediaLibrary\Conversions\Jobs\PerformConversionsJob  65.81ms DONE
  2024-01-29 20:06:30 Spatie\MediaLibrary\Conversions\Jobs\PerformConversionsJob  RUNNING
  2024-01-29 20:06:30 Spatie\MediaLibrary\Conversions\Jobs\PerformConversionsJob  77.56ms DONE
  2024-01-29 20:16:01 Spatie\MediaLibrary\Conversions\Jobs\PerformConversionsJob  RUNNING
  2024-01-29 20:16:01 Spatie\MediaLibrary\Conversions\Jobs\PerformConversionsJob  72.79ms DONE
  2024-01-29 20:54:49 Spatie\MediaLibrary\Conversions\Jobs\PerformConversionsJob  RUNNING
  2024-01-29 20:54:49 Spatie\MediaLibrary\Conversions\Jobs\PerformConversionsJob  67.48ms DONE
  2024-01-29 21:01:48 Spatie\MediaLibrary\Conversions\Jobs\PerformConversionsJob  RUNNING
  2024-01-29 21:01:48 Spatie\MediaLibrary\Conversions\Jobs\PerformConversionsJob  63.17ms DONE
  2024-01-29 21:01:54 Spatie\MediaLibrary\Conversions\Jobs\PerformConversionsJob  RUNNING
  2024-01-29 21:01:54 Spatie\MediaLibrary\Conversions\Jobs\PerformConversionsJob  67.59ms DONE
  2024-01-29 21:01:58 Spatie\MediaLibrary\Conversions\Jobs\PerformConversionsJob  RUNNING
  2024-01-29 21:01:58 Spatie\MediaLibrary\Conversions\Jobs\PerformConversionsJob  38.83ms DONE
  2024-01-29 21:02:37 Spatie\MediaLibrary\Conversions\Jobs\PerformConversionsJob  RUNNING
  2024-01-29 21:02:37 Spatie\MediaLibrary\Conversions\Jobs\PerformConversionsJob  67.68ms DONE
  2024-01-29 21:03:22 Spatie\MediaLibrary\Conversions\Jobs\PerformConversionsJob  RUNNING
  2024-01-29 21:03:23 Spatie\MediaLibrary\Conversions\Jobs\PerformConversionsJob  68.02ms DONE
  2024-01-29 21:05:21 Spatie\MediaLibrary\Conversions\Jobs\PerformConversionsJob  RUNNING
  2024-01-29 21:05:21 Spatie\MediaLibrary\Conversions\Jobs\PerformConversionsJob  73.99ms DONE
  2024-01-29 21:11:11 Spatie\MediaLibrary\Conversions\Jobs\PerformConversionsJob  RUNNING
  2024-01-29 21:11:11 Spatie\MediaLibrary\Conversions\Jobs\PerformConversionsJob  70.01ms DONE
  2024-01-29 21:11:15 Spatie\MediaLibrary\Conversions\Jobs\PerformConversionsJob  RUNNING
  2024-01-29 21:11:15 Spatie\MediaLibrary\Conversions\Jobs\PerformConversionsJob  73.26ms DONE
  2024-01-29 21:13:34 Spatie\MediaLibrary\Conversions\Jobs\PerformConversionsJob  RUNNING
  2024-01-29 21:13:34 Spatie\MediaLibrary\Conversions\Jobs\PerformConversionsJob  63.21ms DONE
  2024-01-29 21:14:10 Spatie\MediaLibrary\Conversions\Jobs\PerformConversionsJob  RUNNING
  2024-01-29 21:14:10 Spatie\MediaLibrary\Conversions\Jobs\PerformConversionsJob  60.22ms DONE
  2024-01-29 21:15:16 Spatie\MediaLibrary\Conversions\Jobs\PerformConversionsJob  RUNNING
  2024-01-29 21:15:16 Spatie\MediaLibrary\Conversions\Jobs\PerformConversionsJob  72.14ms DONE
  2024-01-29 21:18:36 Spatie\MediaLibrary\Conversions\Jobs\PerformConversionsJob  RUNNING
  2024-01-29 21:18:36 Spatie\MediaLibrary\Conversions\Jobs\PerformConversionsJob  99.48ms DONE
  2024-01-29 21:18:38 Spatie\MediaLibrary\Conversions\Jobs\PerformConversionsJob  RUNNING
  2024-01-29 21:18:38 Spatie\MediaLibrary\Conversions\Jobs\PerformConversionsJob  59.54ms DONE
  2024-01-29 21:47:25 Spatie\MediaLibrary\Conversions\Jobs\PerformConversionsJob  RUNNING
  2024-01-29 21:47:25 Spatie\MediaLibrary\Conversions\Jobs\PerformConversionsJob  69.51ms DONE
  2024-01-29 21:49:05 Spatie\MediaLibrary\Conversions\Jobs\PerformConversionsJob  RUNNING
  2024-01-29 21:49:05 Spatie\MediaLibrary\Conversions\Jobs\PerformConversionsJob  73.39ms DONE
  2024-01-29 21:49:22 Spatie\MediaLibrary\Conversions\Jobs\PerformConversionsJob  RUNNING
  2024-01-29 21:49:22 Spatie\MediaLibrary\Conversions\Jobs\PerformConversionsJob  77.64ms DONE
  2024-01-29 21:50:02 Spatie\MediaLibrary\Conversions\Jobs\PerformConversionsJob  RUNNING
  2024-01-29 21:50:02 Spatie\MediaLibrary\Conversions\Jobs\PerformConversionsJob  67.85ms DONE
  2024-01-29 21:50:11 Spatie\MediaLibrary\Conversions\Jobs\PerformConversionsJob  RUNNING
  2024-01-29 21:50:11 Spatie\MediaLibrary\Conversions\Jobs\PerformConversionsJob  65.06ms DONE
  2024-01-29 21:51:32 Spatie\MediaLibrary\Conversions\Jobs\PerformConversionsJob  RUNNING
  2024-01-29 21:51:33 Spatie\MediaLibrary\Conversions\Jobs\PerformConversionsJob  81.05ms DONE
  2024-01-29 21:54:21 Spatie\MediaLibrary\Conversions\Jobs\PerformConversionsJob  RUNNING
  2024-01-29 21:54:21 Spatie\MediaLibrary\Conversions\Jobs\PerformConversionsJob  78.65ms DONE
  2024-01-29 22:04:09 Spatie\MediaLibrary\Conversions\Jobs\PerformConversionsJob  RUNNING
  2024-01-29 22:04:09 Spatie\MediaLibrary\Conversions\Jobs\PerformConversionsJob  63.22ms DONE
  2024-01-29 22:04:12 Spatie\MediaLibrary\Conversions\Jobs\PerformConversionsJob  RUNNING
  2024-01-29 22:04:12 Spatie\MediaLibrary\Conversions\Jobs\PerformConversionsJob  69.23ms DONE
  2024-01-29 22:04:53 Spatie\MediaLibrary\Conversions\Jobs\PerformConversionsJob  RUNNING
  2024-01-29 22:04:53 Spatie\MediaLibrary\Conversions\Jobs\PerformConversionsJob  62.99ms DONE
  2024-01-29 22:04:56 Spatie\MediaLibrary\Conversions\Jobs\PerformConversionsJob  RUNNING
  2024-01-29 22:04:56 Spatie\MediaLibrary\Conversions\Jobs\PerformConversionsJob  59.80ms DONE
  2024-01-30 00:10:55 App\Events\FieldUpdated ........................ RUNNING
  2024-01-30 00:10:55 App\Events\FieldUpdated ................... 34.49ms DONE
  2024-01-30 00:11:14 App\Events\ObjectUpdated ....................... RUNNING
  2024-01-30 00:11:14 App\Events\ObjectUpdated .................. 67.71ms DONE
  2024-01-30 00:11:25 App\Events\ObjectUpdated ....................... RUNNING
  2024-01-30 00:11:26 App\Events\ObjectUpdated ............... 1,204.14ms DONE
  2024-01-30 00:17:32 App\Events\FieldUpdated ........................ RUNNING
  2024-01-30 00:17:32 App\Events\FieldUpdated ................... 35.02ms DONE
  2024-01-30 00:17:35 App\Events\FieldUpdated ........................ RUNNING
  2024-01-30 00:17:35 App\Events\FieldUpdated ................... 79.44ms DONE
  2024-01-30 00:17:44 App\Events\FieldUpdated ........................ RUNNING
  2024-01-30 00:17:44 App\Events\FieldUpdated ................... 13.87ms DONE
  2024-01-30 00:17:45 App\Events\FieldUpdated ........................ RUNNING
  2024-01-30 00:17:45 App\Events\FieldUpdated ................... 67.87ms DONE
  2024-01-30 00:18:06 App\Events\FieldUpdated ........................ RUNNING
  2024-01-30 00:18:06 App\Events\FieldUpdated ................... 14.56ms DONE
  2024-01-30 00:18:09 App\Events\FieldUpdated ........................ RUNNING
  2024-01-30 00:18:09 App\Events\FieldUpdated ................... 15.53ms DONE
  2024-01-30 00:18:19 App\Events\FieldUpdated ........................ RUNNING
  2024-01-30 00:18:19 App\Events\FieldUpdated ................... 73.54ms DONE
  2024-01-30 00:18:24 App\Events\FieldUpdated ........................ RUNNING
  2024-01-30 00:18:24 App\Events\FieldUpdated ................... 17.98ms DONE
  2024-01-30 00:20:37 App\Events\FieldUpdated ........................ RUNNING
  2024-01-30 00:20:37 App\Events\FieldUpdated ................... 73.17ms DONE
  2024-01-30 00:20:45 App\Events\FieldUpdated ........................ RUNNING
  2024-01-30 00:20:45 App\Events\FieldUpdated ................... 74.78ms DONE
  2024-01-30 00:21:05 App\Events\FieldUpdated ........................ RUNNING
  2024-01-30 00:21:05 App\Events\FieldUpdated ................... 16.04ms DONE
  2024-01-30 00:21:06 App\Events\FieldUpdated ........................ RUNNING
  2024-01-30 00:21:06 App\Events\FieldUpdated ................... 77.96ms DONE
  2024-01-30 00:34:48 App\Events\ObjectUpdated ....................... RUNNING
  2024-01-30 00:34:48 App\Events\ObjectUpdated .................. 34.57ms DONE
  2024-01-30 00:34:51 App\Events\ObjectUpdated ....................... RUNNING
  2024-01-30 00:34:51 App\Events\ObjectUpdated .................. 73.93ms DONE
  2024-01-30 00:42:14 App\Events\FieldUpdated ........................ RUNNING
  2024-01-30 00:42:14 App\Events\FieldUpdated ................... 66.45ms DONE
  2024-01-30 00:42:23 App\Events\FieldUpdated ........................ RUNNING
  2024-01-30 00:42:23 App\Events\FieldUpdated ................... 72.30ms DONE
  2024-01-30 00:43:26 App\Events\FieldUpdated ........................ RUNNING
  2024-01-30 00:43:26 App\Events\FieldUpdated ................... 64.73ms DONE
  2024-01-30 00:44:44 App\Events\ObjectUpdated ....................... RUNNING
  2024-01-30 00:44:44 App\Events\ObjectUpdated .................. 69.35ms DONE
  2024-01-30 00:44:47 App\Events\ObjectUpdated ....................... RUNNING
  2024-01-30 00:44:47 App\Events\ObjectUpdated .................. 14.17ms DONE
  2024-01-30 00:44:47 App\Events\ObjectUpdated ....................... RUNNING
  2024-01-30 00:44:47 App\Events\ObjectUpdated .................. 34.64ms DONE
  2024-01-30 00:44:47 App\Events\ObjectUpdated ....................... RUNNING
  2024-01-30 00:44:47 App\Events\ObjectUpdated .................. 14.59ms DONE
  2024-01-30 00:44:47 App\Events\ObjectUpdated ....................... RUNNING
  2024-01-30 00:44:47 App\Events\ObjectUpdated .................. 16.15ms DONE
  2024-01-30 00:47:26 App\Events\ObjectUpdated ....................... RUNNING
  2024-01-30 00:47:26 App\Events\ObjectUpdated .................. 86.86ms DONE
  2024-01-30 00:47:35 App\Events\ObjectUpdated ....................... RUNNING
  2024-01-30 00:47:35 App\Events\ObjectUpdated .................. 68.15ms DONE
  2024-01-30 00:47:36 App\Events\ObjectUpdated ....................... RUNNING
  2024-01-30 00:47:36 App\Events\ObjectUpdated .................. 67.45ms DONE
  2024-01-30 00:47:36 App\Events\ObjectUpdated ....................... RUNNING
  2024-01-30 00:47:36 App\Events\ObjectUpdated .................. 14.25ms DONE
  2024-01-30 00:47:58 App\Events\ObjectUpdated ....................... RUNNING
  2024-01-30 00:47:58 App\Events\ObjectUpdated .................. 29.09ms DONE
  2024-01-30 00:48:18 App\Events\ObjectUpdated ....................... RUNNING
  2024-01-30 00:48:19 App\Events\ObjectUpdated .................. 31.15ms DONE
  2024-01-30 00:48:46 App\Events\ObjectUpdated ....................... RUNNING
  2024-01-30 00:48:46 App\Events\ObjectUpdated .................. 30.24ms DONE
  2024-01-30 00:48:52 App\Events\ObjectUpdated ....................... RUNNING
  2024-01-30 00:48:52 App\Events\ObjectUpdated .................. 34.81ms DONE
  2024-01-30 09:43:38 Spatie\MediaLibrary\Conversions\Jobs\PerformConversionsJob  RUNNING
  2024-01-30 09:43:38 Spatie\MediaLibrary\Conversions\Jobs\PerformConversionsJob  59.29ms DONE
  2024-01-30 09:44:06 Spatie\MediaLibrary\Conversions\Jobs\PerformConversionsJob  RUNNING
  2024-01-30 09:44:06 Spatie\MediaLibrary\Conversions\Jobs\PerformConversionsJob  75.34ms DONE
  2024-01-30 11:37:36 Spatie\MediaLibrary\Conversions\Jobs\PerformConversionsJob  RUNNING
  2024-01-30 11:37:36 Spatie\MediaLibrary\Conversions\Jobs\PerformConversionsJob  88.22ms DONE
  2024-01-30 11:37:51 Spatie\MediaLibrary\Conversions\Jobs\PerformConversionsJob  RUNNING
  2024-01-30 11:37:51 Spatie\MediaLibrary\Conversions\Jobs\PerformConversionsJob  69.51ms DONE
  2024-01-30 11:38:00 Spatie\MediaLibrary\Conversions\Jobs\PerformConversionsJob  RUNNING
  2024-01-30 11:38:00 Spatie\MediaLibrary\Conversions\Jobs\PerformConversionsJob  78.03ms DONE
  2024-01-30 11:38:28 Spatie\MediaLibrary\Conversions\Jobs\PerformConversionsJob  RUNNING
  2024-01-30 11:38:28 Spatie\MediaLibrary\Conversions\Jobs\PerformConversionsJob  61.16ms DONE
  2024-01-30 11:54:50 App\Events\FieldUpdated ........................ RUNNING
  2024-01-30 11:54:50 App\Events\FieldUpdated ................... 78.23ms DONE
  2024-01-30 11:54:55 App\Events\ObjectUpdated ....................... RUNNING
  2024-01-30 11:54:55 App\Events\ObjectUpdated .................. 71.34ms DONE
  2024-01-30 11:54:58 App\Events\ObjectUpdated ....................... RUNNING
  2024-01-30 11:54:58 App\Events\ObjectUpdated .................. 68.40ms DONE
  2024-01-30 12:31:22 App\Events\FieldUpdated ........................ RUNNING
  2024-01-30 12:31:22 App\Events\FieldUpdated ................... 35.38ms DONE
  2024-01-30 12:41:58 Spatie\MediaLibrary\Conversions\Jobs\PerformConversionsJob  RUNNING
  2024-01-30 12:41:58 Spatie\MediaLibrary\Conversions\Jobs\PerformConversionsJob  71.88ms DONE
  2024-01-30 12:42:01 Spatie\MediaLibrary\Conversions\Jobs\PerformConversionsJob  RUNNING
  2024-01-30 12:42:01 Spatie\MediaLibrary\Conversions\Jobs\PerformConversionsJob  68.16ms DONE
  2024-01-30 12:43:12 Spatie\MediaLibrary\Conversions\Jobs\PerformConversionsJob  RUNNING
  2024-01-30 12:43:12 Spatie\MediaLibrary\Conversions\Jobs\PerformConversionsJob  96.53ms DONE
  2024-01-30 12:44:31 Spatie\MediaLibrary\Conversions\Jobs\PerformConversionsJob  RUNNING
  2024-01-30 12:44:31 Spatie\MediaLibrary\Conversions\Jobs\PerformConversionsJob  83.07ms DONE
  2024-01-30 12:45:32 Spatie\MediaLibrary\Conversions\Jobs\PerformConversionsJob  RUNNING
  2024-01-30 12:45:32 Spatie\MediaLibrary\Conversions\Jobs\PerformConversionsJob  73.62ms DONE
  2024-01-30 12:46:03 Spatie\MediaLibrary\Conversions\Jobs\PerformConversionsJob  RUNNING
  2024-01-30 12:46:03 Spatie\MediaLibrary\Conversions\Jobs\PerformConversionsJob  69.11ms DONE
  2024-01-30 12:46:06 Spatie\MediaLibrary\Conversions\Jobs\PerformConversionsJob  RUNNING
  2024-01-30 12:46:06 Spatie\MediaLibrary\Conversions\Jobs\PerformConversionsJob  38.52ms DONE
  2024-01-30 12:46:12 Spatie\MediaLibrary\Conversions\Jobs\PerformConversionsJob  RUNNING
  2024-01-30 12:46:12 Spatie\MediaLibrary\Conversions\Jobs\PerformConversionsJob  68.98ms DONE
  2024-01-30 12:49:12 Spatie\MediaLibrary\Conversions\Jobs\PerformConversionsJob  RUNNING
  2024-01-30 12:49:12 App\Events\FieldUpdated ........................ RUNNING
  2024-01-30 12:49:12 Spatie\MediaLibrary\Conversions\Jobs\PerformConversionsJob  60.48ms DONE
  2024-01-30 12:49:12 App\Events\FieldUpdated ................... 33.88ms DONE
  2024-01-30 12:49:22 App\Events\FieldUpdated ........................ RUNNING
  2024-01-30 12:49:22 App\Events\FieldUpdated ................... 41.84ms DONE
  2024-01-30 12:49:42 App\Events\FieldUpdated ........................ RUNNING
  2024-01-30 12:49:42 App\Events\FieldUpdated ................... 36.92ms DONE
  2024-01-30 12:50:43 Spatie\MediaLibrary\Conversions\Jobs\PerformConversionsJob  RUNNING
  2024-01-30 12:50:43 Spatie\MediaLibrary\Conversions\Jobs\PerformConversionsJob  75.69ms DONE
  2024-01-30 12:50:58 App\Events\FieldUpdated ........................ RUNNING
  2024-01-30 12:50:58 App\Events\FieldUpdated ................... 14.68ms DONE
  2024-01-30 12:51:02 App\Events\FieldUpdated ........................ RUNNING
  2024-01-30 12:51:02 App\Events\FieldUpdated ................... 21.80ms DONE
  2024-01-30 12:51:11 App\Events\FieldUpdated ........................ RUNNING
  2024-01-30 12:51:11 App\Events\FieldUpdated ................... 77.18ms DONE
  2024-01-30 12:51:11 App\Events\FieldUpdated ........................ RUNNING
  2024-01-30 12:51:11 App\Events\FieldUpdated ................... 14.94ms DONE
  2024-01-30 12:52:54 Spatie\MediaLibrary\Conversions\Jobs\PerformConversionsJob  RUNNING
  2024-01-30 12:52:54 Spatie\MediaLibrary\Conversions\Jobs\PerformConversionsJob  76.06ms DONE
  2024-01-30 13:05:21 App\Events\ObjectUpdated ....................... RUNNING
  2024-01-30 13:05:21 App\Events\ObjectUpdated .................. 72.60ms DONE
  2024-01-30 13:05:22 App\Events\ObjectUpdated ....................... RUNNING
  2024-01-30 13:05:22 App\Events\ObjectUpdated .................. 76.34ms DONE
  2024-01-30 14:06:55 Spatie\MediaLibrary\Conversions\Jobs\PerformConversionsJob  RUNNING
  2024-01-30 14:06:55 Spatie\MediaLibrary\Conversions\Jobs\PerformConversionsJob  85.90ms DONE
  2024-01-30 14:11:06 Spatie\MediaLibrary\Conversions\Jobs\PerformConversionsJob  RUNNING
  2024-01-30 14:11:06 Spatie\MediaLibrary\Conversions\Jobs\PerformConversionsJob  37.43ms DONE
  2024-01-30 14:11:06 Spatie\MediaLibrary\Conversions\Jobs\PerformConversionsJob  RUNNING
  2024-01-30 14:11:06 Spatie\MediaLibrary\Conversions\Jobs\PerformConversionsJob  35.64ms DONE
  2024-01-30 14:11:06 Spatie\MediaLibrary\Conversions\Jobs\PerformConversionsJob  RUNNING
  2024-01-30 14:11:06 Spatie\MediaLibrary\Conversions\Jobs\PerformConversionsJob  34.08ms DONE
  2024-01-30 14:11:18 Spatie\MediaLibrary\Conversions\Jobs\PerformConversionsJob  RUNNING
  2024-01-30 14:11:18 Spatie\MediaLibrary\Conversions\Jobs\PerformConversionsJob  103.71ms DONE
  2024-01-30 14:11:33 Spatie\MediaLibrary\Conversions\Jobs\PerformConversionsJob  RUNNING
  2024-01-30 14:11:34 Spatie\MediaLibrary\Conversions\Jobs\PerformConversionsJob  1,138.64ms DONE
  2024-01-30 16:10:24 Spatie\MediaLibrary\Conversions\Jobs\PerformConversionsJob  RUNNING
  2024-01-30 16:10:24 Spatie\MediaLibrary\Conversions\Jobs\PerformConversionsJob  92.25ms DONE
  2024-01-30 16:31:49 Spatie\MediaLibrary\Conversions\Jobs\PerformConversionsJob  RUNNING
  2024-01-30 16:31:49 Spatie\MediaLibrary\Conversions\Jobs\PerformConversionsJob  73.72ms DONE
  2024-01-30 17:03:31 Spatie\MediaLibrary\Conversions\Jobs\PerformConversionsJob  RUNNING
  2024-01-30 17:03:31 Spatie\MediaLibrary\Conversions\Jobs\PerformConversionsJob  66.41ms DONE
  2024-01-30 17:07:58 Spatie\MediaLibrary\Conversions\Jobs\PerformConversionsJob  RUNNING
  2024-01-30 17:07:58 Spatie\MediaLibrary\Conversions\Jobs\PerformConversionsJob  71.24ms DONE
  2024-01-30 17:22:33 App\Events\FieldUpdated ........................ RUNNING
  2024-01-30 17:22:33 App\Events\FieldUpdated ................... 31.29ms DONE
  2024-01-30 17:22:38 App\Events\FieldUpdated ........................ RUNNING
  2024-01-30 17:22:38 App\Events\FieldUpdated ................... 69.46ms DONE
  2024-01-30 17:32:00 Spatie\MediaLibrary\Conversions\Jobs\PerformConversionsJob  RUNNING
  2024-01-30 17:32:00 Spatie\MediaLibrary\Conversions\Jobs\PerformConversionsJob  87.13ms DONE
  2024-01-31 09:08:25 App\Events\ObjectUpdated ....................... RUNNING
  2024-01-31 09:08:25 App\Events\ObjectUpdated .................. 35.96ms DONE
  2024-01-31 09:08:27 App\Events\ObjectUpdated ....................... RUNNING
  2024-01-31 09:08:27 App\Events\ObjectUpdated .................. 35.02ms DONE
  2024-01-31 09:08:27 App\Events\ObjectUpdated ....................... RUNNING
  2024-01-31 09:08:27 App\Events\ObjectUpdated .................. 13.87ms DONE
  2024-01-31 09:19:27 Spatie\MediaLibrary\Conversions\Jobs\PerformConversionsJob  RUNNING
  2024-01-31 09:19:27 Spatie\MediaLibrary\Conversions\Jobs\PerformConversionsJob  90.53ms DONE
  2024-01-31 09:33:34 Spatie\MediaLibrary\Conversions\Jobs\PerformConversionsJob  RUNNING
  2024-01-31 09:33:34 Spatie\MediaLibrary\Conversions\Jobs\PerformConversionsJob  101.38ms DONE
  2024-01-31 09:34:43 Spatie\MediaLibrary\Conversions\Jobs\PerformConversionsJob  RUNNING
  2024-01-31 09:34:43 Spatie\MediaLibrary\Conversions\Jobs\PerformConversionsJob  104.91ms DONE
  2024-01-31 09:37:54 Spatie\MediaLibrary\Conversions\Jobs\PerformConversionsJob  RUNNING
  2024-01-31 09:37:54 Spatie\MediaLibrary\Conversions\Jobs\PerformConversionsJob  31.50ms DONE
  2024-01-31 09:39:22 Spatie\MediaLibrary\Conversions\Jobs\PerformConversionsJob  RUNNING
  2024-01-31 09:39:22 Spatie\MediaLibrary\Conversions\Jobs\PerformConversionsJob  102.32ms DONE
  2024-01-31 09:39:33 Spatie\MediaLibrary\Conversions\Jobs\PerformConversionsJob  RUNNING
  2024-01-31 09:39:33 Spatie\MediaLibrary\Conversions\Jobs\PerformConversionsJob  89.02ms DONE
  2024-01-31 10:30:05 App\Events\ObjectUpdated ....................... RUNNING
  2024-01-31 10:30:05 App\Events\ObjectUpdated .................. 36.67ms DONE
  2024-01-31 10:30:07 App\Events\ObjectUpdated ....................... RUNNING
  2024-01-31 10:30:07 App\Events\ObjectUpdated .................. 34.71ms DONE
  2024-01-31 12:18:05 App\Events\FieldUpdated ........................ RUNNING
  2024-01-31 12:18:05 App\Events\FieldUpdated ................... 37.85ms DONE
  2024-01-31 12:36:09 App\Events\FieldUpdated ........................ RUNNING
  2024-01-31 12:36:09 App\Events\FieldUpdated ................... 34.39ms DONE
  2024-01-31 12:36:14 Spatie\MediaLibrary\Conversions\Jobs\PerformConversionsJob  RUNNING
  2024-01-31 12:36:14 Spatie\MediaLibrary\Conversions\Jobs\PerformConversionsJob  70.10ms DONE
  2024-01-31 12:36:32 Spatie\MediaLibrary\Conversions\Jobs\PerformConversionsJob  RUNNING
  2024-01-31 12:36:32 Spatie\MediaLibrary\Conversions\Jobs\PerformConversionsJob  90.99ms DONE
  2024-01-31 13:00:24 Spatie\MediaLibrary\Conversions\Jobs\PerformConversionsJob  RUNNING
  2024-01-31 13:00:24 Spatie\MediaLibrary\Conversions\Jobs\PerformConversionsJob  66.41ms DONE
  2024-01-31 14:06:38 App\Events\FieldUpdated ........................ RUNNING
  2024-01-31 14:06:38 App\Events\FieldUpdated ................... 35.83ms DONE
  2024-01-31 14:47:03 App\Events\ObjectUpdated ....................... RUNNING
  2024-01-31 14:47:05 App\Events\ObjectUpdated ............... 1,637.96ms DONE
  2024-01-31 14:47:59 App\Events\ObjectUpdated ....................... RUNNING
  2024-01-31 14:48:00 App\Events\ObjectUpdated ............... 1,749.03ms DONE
  2024-01-31 14:48:47 App\Events\ObjectUpdated ....................... RUNNING
  2024-01-31 14:48:48 App\Events\ObjectUpdated ............... 1,886.45ms DONE
  2024-01-31 14:49:05 App\Events\ObjectUpdated ....................... RUNNING
  2024-01-31 14:49:07 App\Events\ObjectUpdated ............... 1,850.31ms DONE
  2024-01-31 14:49:22 App\Events\ObjectUpdated ....................... RUNNING
  2024-01-31 14:49:24 App\Events\ObjectUpdated ............... 1,938.57ms DONE
  2024-01-31 14:49:35 App\Events\ObjectUpdated ....................... RUNNING
  2024-01-31 14:49:36 App\Events\ObjectUpdated ............... 1,799.49ms DONE
  2024-01-31 14:50:06 App\Events\ObjectUpdated ....................... RUNNING
  2024-01-31 14:50:08 App\Events\ObjectUpdated ............... 1,962.85ms DONE
  2024-01-31 14:50:21 App\Events\ObjectUpdated ....................... RUNNING
  2024-01-31 14:50:22 App\Events\ObjectUpdated ............... 1,948.71ms DONE
  2024-01-31 14:51:59 App\Events\ObjectUpdated ....................... RUNNING
  2024-01-31 14:52:01 App\Events\ObjectUpdated ............... 1,941.90ms DONE
  2024-01-31 14:52:11 App\Events\ObjectUpdated ....................... RUNNING
  2024-01-31 14:52:13 App\Events\ObjectUpdated ............... 1,996.85ms DONE
  2024-01-31 14:52:14 App\Events\ObjectUpdated ....................... RUNNING
  2024-01-31 14:52:16 App\Events\ObjectUpdated ............... 1,934.62ms DONE
  2024-01-31 14:52:29 App\Events\ObjectUpdated ....................... RUNNING
  2024-01-31 14:52:31 App\Events\ObjectUpdated ............... 2,035.74ms DONE
  2024-01-31 15:21:20 App\Events\ObjectUpdated ....................... RUNNING
  2024-01-31 15:21:20 App\Events\ObjectUpdated .................. 42.16ms DONE
  2024-01-31 15:21:22 App\Events\ObjectUpdated ....................... RUNNING
  2024-01-31 15:21:22 App\Events\ObjectUpdated .................. 43.82ms DONE
  2024-01-31 15:22:14 App\Events\ObjectUpdated ....................... RUNNING
  2024-01-31 15:22:14 App\Events\ObjectUpdated .................. 16.80ms DONE
  2024-01-31 15:22:17 App\Events\ObjectUpdated ....................... RUNNING
  2024-01-31 15:22:17 App\Events\ObjectUpdated .................. 40.26ms DONE
  2024-01-31 17:01:38 Spatie\MediaLibrary\Conversions\Jobs\PerformConversionsJob  RUNNING
  2024-01-31 17:01:38 Spatie\MediaLibrary\Conversions\Jobs\PerformConversionsJob  81.87ms DONE
  2024-01-31 17:01:38 Spatie\MediaLibrary\Conversions\Jobs\PerformConversionsJob  RUNNING
  2024-01-31 17:01:38 Spatie\MediaLibrary\Conversions\Jobs\PerformConversionsJob  71.69ms DONE
  2024-01-31 17:01:38 Spatie\MediaLibrary\Conversions\Jobs\PerformConversionsJob  RUNNING
  2024-01-31 17:01:38 Spatie\MediaLibrary\Conversions\Jobs\PerformConversionsJob  59.71ms DONE
  2024-01-31 17:32:17 Spatie\MediaLibrary\Conversions\Jobs\PerformConversionsJob  RUNNING
  2024-01-31 17:32:17 Spatie\MediaLibrary\Conversions\Jobs\PerformConversionsJob  70.30ms DONE
  2024-01-31 17:34:31 Spatie\MediaLibrary\Conversions\Jobs\PerformConversionsJob  RUNNING
  2024-01-31 17:34:31 Spatie\MediaLibrary\Conversions\Jobs\PerformConversionsJob  83.77ms DONE
  2024-01-31 17:35:47 Spatie\MediaLibrary\Conversions\Jobs\PerformConversionsJob  RUNNING
  2024-01-31 17:35:47 Spatie\MediaLibrary\Conversions\Jobs\PerformConversionsJob  85.84ms DONE
  2024-01-31 17:36:21 Spatie\MediaLibrary\Conversions\Jobs\PerformConversionsJob  RUNNING
  2024-01-31 17:36:21 Spatie\MediaLibrary\Conversions\Jobs\PerformConversionsJob  62.85ms DONE
  2024-01-31 17:37:28 Spatie\MediaLibrary\Conversions\Jobs\PerformConversionsJob  RUNNING
  2024-01-31 17:37:28 Spatie\MediaLibrary\Conversions\Jobs\PerformConversionsJob  74.34ms DONE
  2024-01-31 17:38:02 Spatie\MediaLibrary\Conversions\Jobs\PerformConversionsJob  RUNNING
  2024-01-31 17:38:02 Spatie\MediaLibrary\Conversions\Jobs\PerformConversionsJob  82.11ms DONE
  2024-01-31 17:40:04 Spatie\MediaLibrary\Conversions\Jobs\PerformConversionsJob  RUNNING
  2024-01-31 17:40:04 Spatie\MediaLibrary\Conversions\Jobs\PerformConversionsJob  63.92ms DONE
  2024-01-31 17:41:33 Spatie\MediaLibrary\Conversions\Jobs\PerformConversionsJob  RUNNING
  2024-01-31 17:41:33 Spatie\MediaLibrary\Conversions\Jobs\PerformConversionsJob  80.06ms DONE
  2024-01-31 17:43:13 Spatie\MediaLibrary\Conversions\Jobs\PerformConversionsJob  RUNNING
  2024-01-31 17:43:13 Spatie\MediaLibrary\Conversions\Jobs\PerformConversionsJob  72.57ms DONE
  2024-01-31 18:07:15 Spatie\MediaLibrary\Conversions\Jobs\PerformConversionsJob  RUNNING
  2024-01-31 18:07:15 Spatie\MediaLibrary\Conversions\Jobs\PerformConversionsJob  79.26ms DONE
  2024-01-31 21:24:39 App\Events\ObjectUpdated ....................... RUNNING
  2024-01-31 21:24:39 App\Events\ObjectUpdated ................. 215.58ms DONE
  2024-01-31 21:54:42 App\Events\FieldUpdated ........................ RUNNING
  2024-01-31 21:54:42 App\Events\FieldUpdated ................... 80.81ms DONE
  2024-01-31 21:54:45 App\Events\FieldUpdated ........................ RUNNING
  2024-01-31 21:54:45 App\Events\FieldUpdated ................... 15.48ms DONE
  2024-01-31 21:54:49 App\Events\FieldUpdated ........................ RUNNING
  2024-01-31 21:54:49 App\Events\FieldUpdated ................... 84.55ms DONE
  2024-01-31 21:54:54 App\Events\FieldUpdated ........................ RUNNING
  2024-01-31 21:54:54 App\Events\FieldUpdated ................... 13.82ms DONE
  2024-01-31 21:54:57 App\Events\FieldUpdated ........................ RUNNING
  2024-01-31 21:54:57 App\Events\FieldUpdated ................... 13.60ms DONE
  2024-01-31 21:54:57 App\Events\FieldUpdated ........................ RUNNING
  2024-01-31 21:54:57 App\Events\FieldUpdated ................... 14.06ms DONE
  2024-01-31 21:55:00 App\Events\FieldUpdated ........................ RUNNING
  2024-01-31 21:55:00 App\Events\FieldUpdated ................... 16.12ms DONE
  2024-01-31 21:55:04 App\Events\FieldUpdated ........................ RUNNING
  2024-01-31 21:55:04 App\Events\FieldUpdated ................... 68.85ms DONE
  2024-01-31 21:55:07 App\Events\FieldUpdated ........................ RUNNING
  2024-01-31 21:55:07 App\Events\FieldUpdated ................... 13.91ms DONE
  2024-01-31 21:55:59 App\Events\FieldUpdated ........................ RUNNING
  2024-01-31 21:55:59 App\Events\FieldUpdated ................... 14.71ms DONE
  2024-01-31 21:56:02 App\Events\FieldUpdated ........................ RUNNING
  2024-01-31 21:56:02 App\Events\FieldUpdated ................... 15.95ms DONE
  2024-01-31 21:56:02 App\Events\FieldUpdated ........................ RUNNING
  2024-01-31 21:56:02 App\Events\FieldUpdated ................... 16.15ms DONE
  2024-01-31 21:56:05 App\Events\FieldUpdated ........................ RUNNING
  2024-01-31 21:56:05 App\Events\FieldUpdated ................... 14.65ms DONE
  2024-01-31 21:56:08 App\Events\FieldUpdated ........................ RUNNING
  2024-01-31 21:56:08 App\Events\FieldUpdated ................... 13.80ms DONE
  2024-01-31 21:56:14 App\Events\FieldUpdated ........................ RUNNING
  2024-01-31 21:56:14 App\Events\FieldUpdated .................. 199.48ms DONE
  2024-01-31 21:58:37 App\Events\FieldUpdated ........................ RUNNING
  2024-01-31 21:58:37 App\Events\FieldUpdated ................... 66.84ms DONE
  2024-01-31 21:58:37 App\Events\FieldUpdated ........................ RUNNING
  2024-01-31 21:58:37 App\Events\FieldUpdated ................... 16.86ms DONE
  2024-01-31 21:58:40 App\Events\FieldUpdated ........................ RUNNING
  2024-01-31 21:58:40 App\Events\FieldUpdated ................... 15.66ms DONE
  2024-01-31 21:58:47 App\Events\FieldUpdated ........................ RUNNING
  2024-01-31 21:58:47 App\Events\FieldUpdated ................... 16.97ms DONE
  2024-01-31 21:58:47 App\Events\FieldUpdated ........................ RUNNING
  2024-01-31 21:58:47 App\Events\FieldUpdated ................... 78.26ms DONE
  2024-01-31 21:58:53 App\Events\FieldUpdated ........................ RUNNING
  2024-01-31 21:58:53 App\Events\FieldUpdated ................... 35.88ms DONE
  2024-01-31 21:59:08 App\Events\FieldUpdated ........................ RUNNING
  2024-01-31 21:59:08 App\Events\FieldUpdated ................... 13.80ms DONE
  2024-01-31 21:59:14 App\Events\FieldUpdated ........................ RUNNING
  2024-01-31 21:59:14 App\Events\FieldUpdated ................... 14.67ms DONE
  2024-01-31 21:59:17 App\Events\FieldUpdated ........................ RUNNING
  2024-01-31 21:59:17 App\Events\FieldUpdated ................... 16.49ms DONE
  2024-01-31 21:59:20 App\Events\FieldUpdated ........................ RUNNING
  2024-01-31 21:59:20 App\Events\FieldUpdated ................... 18.07ms DONE
  2024-01-31 21:59:23 App\Events\FieldUpdated ........................ RUNNING
  2024-01-31 21:59:23 App\Events\FieldUpdated ................... 14.26ms DONE
  2024-01-31 21:59:26 App\Events\FieldUpdated ........................ RUNNING
  2024-01-31 21:59:26 App\Events\FieldUpdated ................... 15.48ms DONE
  2024-01-31 21:59:29 App\Events\ObjectUpdated ....................... RUNNING
  2024-01-31 21:59:29 App\Events\ObjectUpdated .................. 14.96ms DONE
  2024-01-31 21:59:33 App\Events\FieldUpdated ........................ RUNNING
  2024-01-31 21:59:33 App\Events\FieldUpdated ................... 14.60ms DONE
  2024-01-31 22:05:00 App\Events\FieldUpdated ........................ RUNNING
  2024-01-31 22:05:00 App\Events\FieldUpdated ................... 69.93ms DONE
  2024-01-31 22:05:08 App\Events\FieldUpdated ........................ RUNNING
  2024-01-31 22:05:08 App\Events\FieldUpdated .................. 108.37ms DONE
  2024-01-31 22:05:41 App\Events\FieldUpdated ........................ RUNNING
  2024-01-31 22:05:41 App\Events\FieldUpdated ................... 68.73ms DONE
  2024-01-31 22:05:51 App\Events\FieldUpdated ........................ RUNNING
  2024-01-31 22:05:51 App\Events\FieldUpdated ................... 15.52ms DONE
  2024-01-31 23:52:44 App\Events\FieldUpdated ........................ RUNNING
  2024-01-31 23:52:44 App\Events\FieldUpdated ................... 72.66ms DONE
  2024-02-01 07:29:15 App\Events\FieldUpdated ........................ RUNNING
  2024-02-01 07:29:15 App\Events\FieldUpdated ................... 35.51ms DONE
  2024-02-01 07:29:37 App\Events\FieldUpdated ........................ RUNNING
  2024-02-01 07:29:37 App\Events\FieldUpdated ................... 36.58ms DONE
  2024-02-01 07:29:47 App\Events\ObjectUpdated ....................... RUNNING
  2024-02-01 07:29:47 App\Events\ObjectUpdated .................. 13.67ms DONE
  2024-02-01 07:29:48 App\Events\ObjectUpdated ....................... RUNNING
  2024-02-01 07:29:48 App\Events\ObjectUpdated .................. 35.80ms DONE
  2024-02-01 08:40:06 App\Events\ObjectUpdated ....................... RUNNING
  2024-02-01 08:40:06 App\Events\ObjectUpdated ................. 118.75ms DONE
  2024-02-01 11:55:12 Spatie\MediaLibrary\Conversions\Jobs\PerformConversionsJob  RUNNING
  2024-02-01 11:55:12 Spatie\MediaLibrary\Conversions\Jobs\PerformConversionsJob  90.67ms DONE
  2024-02-01 12:23:35 App\Events\FieldUpdated ........................ RUNNING
  2024-02-01 12:23:35 App\Events\FieldUpdated ................... 82.53ms DONE
  2024-02-01 12:23:38 App\Events\FieldUpdated ........................ RUNNING
  2024-02-01 12:23:38 App\Events\FieldUpdated ................... 15.76ms DONE
  2024-02-01 12:23:43 App\Events\FieldUpdated ........................ RUNNING
  2024-02-01 12:23:43 App\Events\FieldUpdated ................... 79.33ms DONE
  2024-02-01 12:23:49 App\Events\FieldUpdated ........................ RUNNING
  2024-02-01 12:23:49 App\Events\FieldUpdated ................... 38.32ms DONE
  2024-02-01 12:23:53 App\Events\FieldUpdated ........................ RUNNING
  2024-02-01 12:23:53 App\Events\FieldUpdated ................... 15.74ms DONE
  2024-02-01 12:23:58 App\Events\FieldUpdated ........................ RUNNING
  2024-02-01 12:23:58 App\Events\FieldUpdated ................... 17.91ms DONE
  2024-02-01 12:24:01 App\Events\FieldUpdated ........................ RUNNING
  2024-02-01 12:24:01 App\Events\FieldUpdated ................... 22.03ms DONE
  2024-02-01 12:24:07 App\Events\FieldUpdated ........................ RUNNING
  2024-02-01 12:24:07 App\Events\FieldUpdated ................... 14.43ms DONE
  2024-02-01 12:24:45 App\Events\FieldUpdated ........................ RUNNING
  2024-02-01 12:24:46 App\Events\FieldUpdated ................... 69.98ms DONE
  2024-02-01 12:25:02 App\Events\FieldUpdated ........................ RUNNING
  2024-02-01 12:25:02 App\Events\FieldUpdated ................... 17.09ms DONE
  2024-02-01 12:25:39 App\Events\FieldUpdated ........................ RUNNING
  2024-02-01 12:25:39 App\Events\FieldUpdated ................... 21.68ms DONE
  2024-02-01 12:26:49 App\Events\FieldUpdated ........................ RUNNING
  2024-02-01 12:26:49 App\Events\FieldUpdated ................... 75.68ms DONE
  2024-02-01 12:26:52 App\Events\FieldUpdated ........................ RUNNING
  2024-02-01 12:26:52 App\Events\FieldUpdated ................... 14.60ms DONE
  2024-02-01 12:27:00 App\Events\FieldUpdated ........................ RUNNING
  2024-02-01 12:27:00 App\Events\FieldUpdated ................... 70.68ms DONE
  2024-02-01 12:27:03 App\Events\FieldUpdated ........................ RUNNING
  2024-02-01 12:27:03 App\Events\FieldUpdated ................... 35.83ms DONE
  2024-02-01 12:28:07 App\Events\FieldUpdated ........................ RUNNING
  2024-02-01 12:28:07 App\Events\FieldUpdated ................... 17.83ms DONE
  2024-02-01 12:28:10 App\Events\FieldUpdated ........................ RUNNING
  2024-02-01 12:28:10 App\Events\FieldUpdated ................... 15.36ms DONE
  2024-02-01 12:51:29 Spatie\MediaLibrary\Conversions\Jobs\PerformConversionsJob  RUNNING
  2024-02-01 12:51:29 Spatie\MediaLibrary\Conversions\Jobs\PerformConversionsJob  878.73ms DONE
  2024-02-01 12:53:12 Spatie\MediaLibrary\Conversions\Jobs\PerformConversionsJob  RUNNING
  2024-02-01 12:53:12 Spatie\MediaLibrary\Conversions\Jobs\PerformConversionsJob  115.39ms DONE
  2024-02-01 12:55:17 Spatie\MediaLibrary\Conversions\Jobs\PerformConversionsJob  RUNNING
  2024-02-01 12:55:17 Spatie\MediaLibrary\Conversions\Jobs\PerformConversionsJob  36.28ms DONE
  2024-02-01 12:55:24 Spatie\MediaLibrary\Conversions\Jobs\PerformConversionsJob  RUNNING
  2024-02-01 12:55:24 Spatie\MediaLibrary\Conversions\Jobs\PerformConversionsJob  35.82ms DONE
  2024-02-01 14:07:41 Spatie\MediaLibrary\Conversions\Jobs\PerformConversionsJob  RUNNING
  2024-02-01 14:07:41 Spatie\MediaLibrary\Conversions\Jobs\PerformConversionsJob  75.68ms DONE
  2024-02-01 14:16:52 App\Events\ObjectUpdated ....................... RUNNING
  2024-02-01 14:16:52 App\Events\ObjectUpdated .................. 37.10ms DONE
Cannot load Zend OPcache - it was already loaded
Cannot load Zend OPcache - it was already loaded
Cannot load Zend OPcache - it was already loaded
Cannot load Zend OPcache - it was already loaded
Cannot load Zend OPcache - it was already loaded
PHP Warning:  PHP Startup: Unable to load dynamic library 'memcached.so' (tried: /usr/lib/php/20220829/memcached.so (/usr/lib/php/20220829/memcached.so: undefined symbol: igbinary_serialize), /usr/lib/php/20220829/memcached.so.so (/usr/lib/php/20220829/memcached.so.so: cannot open shared object file: No such file or directory)) in Unknown on line 0
PHP Warning:  PHP Startup: Unable to load dynamic library 'php_memcache.dll' (tried: /usr/lib/php/20220829/php_memcache.dll (/usr/lib/php/20220829/php_memcache.dll: cannot open shared object file: No such file or directory), /usr/lib/php/20220829/php_memcache.dll.so (/usr/lib/php/20220829/php_memcache.dll.so: cannot open shared object file: No such file or directory)) in Unknown on line 0
Cannot load Zend OPcache - it was already loaded
PHP Warning:  PHP Startup: Unable to load dynamic library 'memcached.so' (tried: /usr/lib/php/20220829/memcached.so (/usr/lib/php/20220829/memcached.so: undefined symbol: igbinary_serialize), /usr/lib/php/20220829/memcached.so.so (/usr/lib/php/20220829/memcached.so.so: cannot open shared object file: No such file or directory)) in Unknown on line 0
PHP Warning:  PHP Startup: Unable to load dynamic library 'php_memcache.dll' (tried: /usr/lib/php/20220829/php_memcache.dll (/usr/lib/php/20220829/php_memcache.dll: cannot open shared object file: No such file or directory), /usr/lib/php/20220829/php_memcache.dll.so (/usr/lib/php/20220829/php_memcache.dll.so: cannot open shared object file: No such file or directory)) in Unknown on line 0
